Temperature - (Celsius), Year, Statistics, Country, ISO3
1.54109, 1901, Jan Average, Italy, ITA
0.35607, 1901, Feb Average, Italy, ITA
6.06705, 1901, Mar Average, Italy, ITA
10.2529, 1901, Apr Average, Italy, ITA
13.4703, 1901, May Average, Italy, ITA
18.587, 1901, Jun Average, Italy, ITA
20.4537, 1901, Jul Average, Italy, ITA
20.0018, 1901, Aug Average, Italy, ITA
17.2653, 1901, Sep Average, Italy, ITA
12.6627, 1901, Oct Average, Italy, ITA
6.52734, 1901, Nov Average, Italy, ITA
4.99041, 1901, Dec Average, Italy, ITA
4.02466, 1902, Jan Average, Italy, ITA
5.13619, 1902, Feb Average, Italy, ITA
6.73825, 1902, Mar Average, Italy, ITA
11.4459, 1902, Apr Average, Italy, ITA
10.8985, 1902, May Average, Italy, ITA
16.556, 1902, Jun Average, Italy, ITA
20.7634, 1902, Jul Average, Italy, ITA
20.1831, 1902, Aug Average, Italy, ITA
17.37, 1902, Sep Average, Italy, ITA
12.2684, 1902, Oct Average, Italy, ITA
6.66632, 1902, Nov Average, Italy, ITA
3.5114, 1902, Dec Average, Italy, ITA
2.87258, 1903, Jan Average, Italy, ITA
4.97098, 1903, Feb Average, Italy, ITA
7.52007, 1903, Mar Average, Italy, ITA
7.49589, 1903, Apr Average, Italy, ITA
13.8863, 1903, May Average, Italy, ITA
16.3906, 1903, Jun Average, Italy, ITA
19.5838, 1903, Jul Average, Italy, ITA
20.268, 1903, Aug Average, Italy, ITA
17.3071, 1903, Sep Average, Italy, ITA
13.1161, 1903, Oct Average, Italy, ITA
7.80945, 1903, Nov Average, Italy, ITA
4.78978, 1903, Dec Average, Italy, ITA
3.38334, 1904, Jan Average, Italy, ITA
5.32344, 1904, Feb Average, Italy, ITA
6.98351, 1904, Mar Average, Italy, ITA
11.0214, 1904, Apr Average, Italy, ITA
15.0144, 1904, May Average, Italy, ITA
18.9979, 1904, Jun Average, Italy, ITA
22.0998, 1904, Jul Average, Italy, ITA
20.7257, 1904, Aug Average, Italy, ITA
15.5376, 1904, Sep Average, Italy, ITA
12.2557, 1904, Oct Average, Italy, ITA
6.29475, 1904, Nov Average, Italy, ITA
4.2699, 1904, Dec Average, Italy, ITA
0.54881, 1905, Jan Average, Italy, ITA
2.7324, 1905, Feb Average, Italy, ITA
7.05491, 1905, Mar Average, Italy, ITA
9.81845, 1905, Apr Average, Italy, ITA
13.0705, 1905, May Average, Italy, ITA
17.7417, 1905, Jun Average, Italy, ITA
22.0098, 1905, Jul Average, Italy, ITA
20.5376, 1905, Aug Average, Italy, ITA
18.0628, 1905, Sep Average, Italy, ITA
9.51603, 1905, Oct Average, Italy, ITA
8.26269, 1905, Nov Average, Italy, ITA
4.55886, 1905, Dec Average, Italy, ITA
2.85279, 1906, Jan Average, Italy, ITA
2.97912, 1906, Feb Average, Italy, ITA
6.07425, 1906, Mar Average, Italy, ITA
9.43052, 1906, Apr Average, Italy, ITA
13.616, 1906, May Average, Italy, ITA
17.4256, 1906, Jun Average, Italy, ITA
20.265, 1906, Jul Average, Italy, ITA
20.7358, 1906, Aug Average, Italy, ITA
15.9956, 1906, Sep Average, Italy, ITA
13.1593, 1906, Oct Average, Italy, ITA
9.02485, 1906, Nov Average, Italy, ITA
2.66097, 1906, Dec Average, Italy, ITA
1.42189, 1907, Jan Average, Italy, ITA
2.06368, 1907, Feb Average, Italy, ITA
4.43934, 1907, Mar Average, Italy, ITA
8.18431, 1907, Apr Average, Italy, ITA
14.65, 1907, May Average, Italy, ITA
17.8323, 1907, Jun Average, Italy, ITA
19.0579, 1907, Jul Average, Italy, ITA
20.8125, 1907, Aug Average, Italy, ITA
17.5972, 1907, Sep Average, Italy, ITA
14.5438, 1907, Oct Average, Italy, ITA
8.35302, 1907, Nov Average, Italy, ITA
5.56309, 1907, Dec Average, Italy, ITA
2.38975, 1908, Jan Average, Italy, ITA
3.93273, 1908, Feb Average, Italy, ITA
5.3156, 1908, Mar Average, Italy, ITA
7.98305, 1908, Apr Average, Italy, ITA
15.9829, 1908, May Average, Italy, ITA
18.8616, 1908, Jun Average, Italy, ITA
19.9003, 1908, Jul Average, Italy, ITA
19.3513, 1908, Aug Average, Italy, ITA
15.8906, 1908, Sep Average, Italy, ITA
12.6965, 1908, Oct Average, Italy, ITA
6.1928, 1908, Nov Average, Italy, ITA
3.63492, 1908, Dec Average, Italy, ITA
1.424, 1909, Jan Average, Italy, ITA
1.09421, 1909, Feb Average, Italy, ITA
5.3939, 1909, Mar Average, Italy, ITA
10.7814, 1909, Apr Average, Italy, ITA
13.7202, 1909, May Average, Italy, ITA
16.6384, 1909, Jun Average, Italy, ITA
18.7259, 1909, Jul Average, Italy, ITA
19.9757, 1909, Aug Average, Italy, ITA
16.4769, 1909, Sep Average, Italy, ITA
13.5353, 1909, Oct Average, Italy, ITA
6.7047, 1909, Nov Average, Italy, ITA
6.10952, 1909, Dec Average, Italy, ITA
3.74432, 1910, Jan Average, Italy, ITA
4.97825, 1910, Feb Average, Italy, ITA
6.70706, 1910, Mar Average, Italy, ITA
9.50914, 1910, Apr Average, Italy, ITA
12.7232, 1910, May Average, Italy, ITA
17.6816, 1910, Jun Average, Italy, ITA
18.5392, 1910, Jul Average, Italy, ITA
19.5694, 1910, Aug Average, Italy, ITA
15.0886, 1910, Sep Average, Italy, ITA
13.2804, 1910, Oct Average, Italy, ITA
6.72176, 1910, Nov Average, Italy, ITA
6.54297, 1910, Dec Average, Italy, ITA
1.7025, 1911, Jan Average, Italy, ITA
3.00543, 1911, Feb Average, Italy, ITA
6.73465, 1911, Mar Average, Italy, ITA
9.24506, 1911, Apr Average, Italy, ITA
13.6325, 1911, May Average, Italy, ITA
17.3803, 1911, Jun Average, Italy, ITA
21.5238, 1911, Jul Average, Italy, ITA
21.9377, 1911, Aug Average, Italy, ITA
18.1994, 1911, Sep Average, Italy, ITA
12.9089, 1911, Oct Average, Italy, ITA
9.68668, 1911, Nov Average, Italy, ITA
6.08684, 1911, Dec Average, Italy, ITA
4.05285, 1912, Jan Average, Italy, ITA
6.62071, 1912, Feb Average, Italy, ITA
8.53617, 1912, Mar Average, Italy, ITA
8.52249, 1912, Apr Average, Italy, ITA
14.2823, 1912, May Average, Italy, ITA
17.7092, 1912, Jun Average, Italy, ITA
20.1599, 1912, Jul Average, Italy, ITA
18.4114, 1912, Aug Average, Italy, ITA
13.8729, 1912, Sep Average, Italy, ITA
11.2976, 1912, Oct Average, Italy, ITA
5.36865, 1912, Nov Average, Italy, ITA
4.88213, 1912, Dec Average, Italy, ITA
3.84605, 1913, Jan Average, Italy, ITA
3.26399, 1913, Feb Average, Italy, ITA
7.85781, 1913, Mar Average, Italy, ITA
9.64443, 1913, Apr Average, Italy, ITA
13.7381, 1913, May Average, Italy, ITA
17.8379, 1913, Jun Average, Italy, ITA
17.9197, 1913, Jul Average, Italy, ITA
19.0831, 1913, Aug Average, Italy, ITA
17.1139, 1913, Sep Average, Italy, ITA
13.6853, 1913, Oct Average, Italy, ITA
9.50366, 1913, Nov Average, Italy, ITA
4.35524, 1913, Dec Average, Italy, ITA
0.75134, 1914, Jan Average, Italy, ITA
5.33948, 1914, Feb Average, Italy, ITA
7.37006, 1914, Mar Average, Italy, ITA
11.3279, 1914, Apr Average, Italy, ITA
13.3711, 1914, May Average, Italy, ITA
16.5846, 1914, Jun Average, Italy, ITA
19.1026, 1914, Jul Average, Italy, ITA
19.9008, 1914, Aug Average, Italy, ITA
16.2176, 1914, Sep Average, Italy, ITA
11.5677, 1914, Oct Average, Italy, ITA
7.23726, 1914, Nov Average, Italy, ITA
5.65547, 1914, Dec Average, Italy, ITA
3.13106, 1915, Jan Average, Italy, ITA
3.69775, 1915, Feb Average, Italy, ITA
6.03714, 1915, Mar Average, Italy, ITA
9.34452, 1915, Apr Average, Italy, ITA
15.401, 1915, May Average, Italy, ITA
18.7749, 1915, Jun Average, Italy, ITA
19.9379, 1915, Jul Average, Italy, ITA
19.3091, 1915, Aug Average, Italy, ITA
15.3132, 1915, Sep Average, Italy, ITA
10.6677, 1915, Oct Average, Italy, ITA
6.32559, 1915, Nov Average, Italy, ITA
7.16696, 1915, Dec Average, Italy, ITA
4.48885, 1916, Jan Average, Italy, ITA
4.75195, 1916, Feb Average, Italy, ITA
7.80199, 1916, Mar Average, Italy, ITA
10.2748, 1916, Apr Average, Italy, ITA
14.8195, 1916, May Average, Italy, ITA
17.3806, 1916, Jun Average, Italy, ITA
20.1382, 1916, Jul Average, Italy, ITA
19.663, 1916, Aug Average, Italy, ITA
15.1999, 1916, Sep Average, Italy, ITA
12.1996, 1916, Oct Average, Italy, ITA
8.66655, 1916, Nov Average, Italy, ITA
6.04742, 1916, Dec Average, Italy, ITA
2.51215, 1917, Jan Average, Italy, ITA
2.15405, 1917, Feb Average, Italy, ITA
5.06027, 1917, Mar Average, Italy, ITA
7.84929, 1917, Apr Average, Italy, ITA
15.4199, 1917, May Average, Italy, ITA
19.4723, 1917, Jun Average, Italy, ITA
20.3171, 1917, Jul Average, Italy, ITA
20.6793, 1917, Aug Average, Italy, ITA
18.7174, 1917, Sep Average, Italy, ITA
11.7728, 1917, Oct Average, Italy, ITA
6.97283, 1917, Nov Average, Italy, ITA
2.27995, 1917, Dec Average, Italy, ITA
3.25655, 1918, Jan Average, Italy, ITA
3.89852, 1918, Feb Average, Italy, ITA
6.33212, 1918, Mar Average, Italy, ITA
9.81658, 1918, Apr Average, Italy, ITA
14.5342, 1918, May Average, Italy, ITA
15.9568, 1918, Jun Average, Italy, ITA
20.0247, 1918, Jul Average, Italy, ITA
19.5597, 1918, Aug Average, Italy, ITA
18.3864, 1918, Sep Average, Italy, ITA
11.3211, 1918, Oct Average, Italy, ITA
7.14358, 1918, Nov Average, Italy, ITA
5.19134, 1918, Dec Average, Italy, ITA
4.39007, 1919, Jan Average, Italy, ITA
3.58408, 1919, Feb Average, Italy, ITA
6.78654, 1919, Mar Average, Italy, ITA
8.69732, 1919, Apr Average, Italy, ITA
12.3899, 1919, May Average, Italy, ITA
18.0027, 1919, Jun Average, Italy, ITA
18.2692, 1919, Jul Average, Italy, ITA
20.9429, 1919, Aug Average, Italy, ITA
18.2579, 1919, Sep Average, Italy, ITA
10.4693, 1919, Oct Average, Italy, ITA
6.45185, 1919, Nov Average, Italy, ITA
4.04409, 1919, Dec Average, Italy, ITA
5.29358, 1920, Jan Average, Italy, ITA
5.63944, 1920, Feb Average, Italy, ITA
8.36226, 1920, Mar Average, Italy, ITA
10.7816, 1920, Apr Average, Italy, ITA
16.8841, 1920, May Average, Italy, ITA
17.5738, 1920, Jun Average, Italy, ITA
20.9279, 1920, Jul Average, Italy, ITA
19.4845, 1920, Aug Average, Italy, ITA
17.4844, 1920, Sep Average, Italy, ITA
12.2174, 1920, Oct Average, Italy, ITA
6.78475, 1920, Nov Average, Italy, ITA
5.14887, 1920, Dec Average, Italy, ITA
5.65815, 1921, Jan Average, Italy, ITA
4.3605, 1921, Feb Average, Italy, ITA
7.48704, 1921, Mar Average, Italy, ITA
9.00852, 1921, Apr Average, Italy, ITA
15.1576, 1921, May Average, Italy, ITA
17.333, 1921, Jun Average, Italy, ITA
21.6943, 1921, Jul Average, Italy, ITA
20.6965, 1921, Aug Average, Italy, ITA
17.855, 1921, Sep Average, Italy, ITA
14.3798, 1921, Oct Average, Italy, ITA
6.65944, 1921, Nov Average, Italy, ITA
3.93915, 1921, Dec Average, Italy, ITA
2.33197, 1922, Jan Average, Italy, ITA
3.72267, 1922, Feb Average, Italy, ITA
8.08434, 1922, Mar Average, Italy, ITA
9.30174, 1922, Apr Average, Italy, ITA
15.5605, 1922, May Average, Italy, ITA
18.6985, 1922, Jun Average, Italy, ITA
19.9942, 1922, Jul Average, Italy, ITA
21.2234, 1922, Aug Average, Italy, ITA
15.6645, 1922, Sep Average, Italy, ITA
11.5784, 1922, Oct Average, Italy, ITA
5.79095, 1922, Nov Average, Italy, ITA
4.00188, 1922, Dec Average, Italy, ITA
2.98176, 1923, Jan Average, Italy, ITA
4.89477, 1923, Feb Average, Italy, ITA
7.0239, 1923, Mar Average, Italy, ITA
9.69581, 1923, Apr Average, Italy, ITA
14.8946, 1923, May Average, Italy, ITA
15.229, 1923, Jun Average, Italy, ITA
21.5675, 1923, Jul Average, Italy, ITA
21.5516, 1923, Aug Average, Italy, ITA
16.8656, 1923, Sep Average, Italy, ITA
14.1045, 1923, Oct Average, Italy, ITA
9.12765, 1923, Nov Average, Italy, ITA
3.9888, 1923, Dec Average, Italy, ITA
2.02093, 1924, Jan Average, Italy, ITA
2.89115, 1924, Feb Average, Italy, ITA
6.24733, 1924, Mar Average, Italy, ITA
10.3065, 1924, Apr Average, Italy, ITA
15.9615, 1924, May Average, Italy, ITA
18.3542, 1924, Jun Average, Italy, ITA
20.7261, 1924, Jul Average, Italy, ITA
18.4008, 1924, Aug Average, Italy, ITA
18.0784, 1924, Sep Average, Italy, ITA
12.7462, 1924, Oct Average, Italy, ITA
7.83717, 1924, Nov Average, Italy, ITA
5.31582, 1924, Dec Average, Italy, ITA
4.36254, 1925, Jan Average, Italy, ITA
5.77807, 1925, Feb Average, Italy, ITA
4.8041, 1925, Mar Average, Italy, ITA
9.95826, 1925, Apr Average, Italy, ITA
13.9502, 1925, May Average, Italy, ITA
18.3859, 1925, Jun Average, Italy, ITA
19.7634, 1925, Jul Average, Italy, ITA
20.3504, 1925, Aug Average, Italy, ITA
15.8378, 1925, Sep Average, Italy, ITA
13.0439, 1925, Oct Average, Italy, ITA
7.87275, 1925, Nov Average, Italy, ITA
3.1776, 1925, Dec Average, Italy, ITA
3.0243, 1926, Jan Average, Italy, ITA
7.18279, 1926, Feb Average, Italy, ITA
7.17752, 1926, Mar Average, Italy, ITA
11.0886, 1926, Apr Average, Italy, ITA
12.7352, 1926, May Average, Italy, ITA
16.1504, 1926, Jun Average, Italy, ITA
19.2712, 1926, Jul Average, Italy, ITA
19.6502, 1926, Aug Average, Italy, ITA
18.9553, 1926, Sep Average, Italy, ITA
13.9156, 1926, Oct Average, Italy, ITA
11.4943, 1926, Nov Average, Italy, ITA
4.13654, 1926, Dec Average, Italy, ITA
4.04756, 1927, Jan Average, Italy, ITA
3.38206, 1927, Feb Average, Italy, ITA
7.86132, 1927, Mar Average, Italy, ITA
10.5351, 1927, Apr Average, Italy, ITA
14.7152, 1927, May Average, Italy, ITA
19.0779, 1927, Jun Average, Italy, ITA
21.0762, 1927, Jul Average, Italy, ITA
20.9358, 1927, Aug Average, Italy, ITA
17.6242, 1927, Sep Average, Italy, ITA
12.5531, 1927, Oct Average, Italy, ITA
9.49514, 1927, Nov Average, Italy, ITA
4.64513, 1927, Dec Average, Italy, ITA
4.33383, 1928, Jan Average, Italy, ITA
4.97121, 1928, Feb Average, Italy, ITA
6.47372, 1928, Mar Average, Italy, ITA
10.625, 1928, Apr Average, Italy, ITA
12.1898, 1928, May Average, Italy, ITA
18.2539, 1928, Jun Average, Italy, ITA
23.09, 1928, Jul Average, Italy, ITA
22.2748, 1928, Aug Average, Italy, ITA
17.5585, 1928, Sep Average, Italy, ITA
12.8451, 1928, Oct Average, Italy, ITA
8.78277, 1928, Nov Average, Italy, ITA
3.30328, 1928, Dec Average, Italy, ITA
0.28722, 1929, Jan Average, Italy, ITA
-0.3234, 1929, Feb Average, Italy, ITA
6.08715, 1929, Mar Average, Italy, ITA
8.45477, 1929, Apr Average, Italy, ITA
14.892, 1929, May Average, Italy, ITA
18.7116, 1929, Jun Average, Italy, ITA
21.293, 1929, Jul Average, Italy, ITA
20.5169, 1929, Aug Average, Italy, ITA
18.5735, 1929, Sep Average, Italy, ITA
13.2798, 1929, Oct Average, Italy, ITA
8.80793, 1929, Nov Average, Italy, ITA
5.6734, 1929, Dec Average, Italy, ITA
4.86707, 1930, Jan Average, Italy, ITA
3.75224, 1930, Feb Average, Italy, ITA
7.91347, 1930, Mar Average, Italy, ITA
10.3634, 1930, Apr Average, Italy, ITA
13.1836, 1930, May Average, Italy, ITA
19.8047, 1930, Jun Average, Italy, ITA
20.1717, 1930, Jul Average, Italy, ITA
19.9427, 1930, Aug Average, Italy, ITA
17.7479, 1930, Sep Average, Italy, ITA
12.2761, 1930, Oct Average, Italy, ITA
9.49657, 1930, Nov Average, Italy, ITA
4.86957, 1930, Dec Average, Italy, ITA
3.77522, 1931, Jan Average, Italy, ITA
3.32446, 1931, Feb Average, Italy, ITA
5.43714, 1931, Mar Average, Italy, ITA
8.67581, 1931, Apr Average, Italy, ITA
15.236, 1931, May Average, Italy, ITA
20.0957, 1931, Jun Average, Italy, ITA
20.7513, 1931, Jul Average, Italy, ITA
19.9888, 1931, Aug Average, Italy, ITA
14.1223, 1931, Sep Average, Italy, ITA
12.0499, 1931, Oct Average, Italy, ITA
9.01443, 1931, Nov Average, Italy, ITA
3.22547, 1931, Dec Average, Italy, ITA
4.3864, 1932, Jan Average, Italy, ITA
0.52926, 1932, Feb Average, Italy, ITA
4.63258, 1932, Mar Average, Italy, ITA
8.68529, 1932, Apr Average, Italy, ITA
13.6977, 1932, May Average, Italy, ITA
16.5771, 1932, Jun Average, Italy, ITA
19.7584, 1932, Jul Average, Italy, ITA
22.0053, 1932, Aug Average, Italy, ITA
20.0485, 1932, Sep Average, Italy, ITA
13.048, 1932, Oct Average, Italy, ITA
8.98829, 1932, Nov Average, Italy, ITA
6.23315, 1932, Dec Average, Italy, ITA
2.42419, 1933, Jan Average, Italy, ITA
3.72137, 1933, Feb Average, Italy, ITA
7.04314, 1933, Mar Average, Italy, ITA
9.87588, 1933, Apr Average, Italy, ITA
12.6734, 1933, May Average, Italy, ITA
15.2473, 1933, Jun Average, Italy, ITA
20.4136, 1933, Jul Average, Italy, ITA
20.8644, 1933, Aug Average, Italy, ITA
17.2484, 1933, Sep Average, Italy, ITA
13.2554, 1933, Oct Average, Italy, ITA
7.63346, 1933, Nov Average, Italy, ITA
1.80256, 1933, Dec Average, Italy, ITA
3.26575, 1934, Jan Average, Italy, ITA
4.19605, 1934, Feb Average, Italy, ITA
7.36357, 1934, Mar Average, Italy, ITA
11.6528, 1934, Apr Average, Italy, ITA
15.4863, 1934, May Average, Italy, ITA
17.6847, 1934, Jun Average, Italy, ITA
20.8957, 1934, Jul Average, Italy, ITA
19.577, 1934, Aug Average, Italy, ITA
18.006, 1934, Sep Average, Italy, ITA
12.4356, 1934, Oct Average, Italy, ITA
8.32992, 1934, Nov Average, Italy, ITA
7.11967, 1934, Dec Average, Italy, ITA
1.20553, 1935, Jan Average, Italy, ITA
4.17694, 1935, Feb Average, Italy, ITA
5.7051, 1935, Mar Average, Italy, ITA
9.25306, 1935, Apr Average, Italy, ITA
12.2693, 1935, May Average, Italy, ITA
19.6154, 1935, Jun Average, Italy, ITA
21.0708, 1935, Jul Average, Italy, ITA
19.8681, 1935, Aug Average, Italy, ITA
17.5183, 1935, Sep Average, Italy, ITA
13.6026, 1935, Oct Average, Italy, ITA
9.25783, 1935, Nov Average, Italy, ITA
4.3847, 1935, Dec Average, Italy, ITA
6.72459, 1936, Jan Average, Italy, ITA
4.94745, 1936, Feb Average, Italy, ITA
8.42483, 1936, Mar Average, Italy, ITA
9.93102, 1936, Apr Average, Italy, ITA
14.0283, 1936, May Average, Italy, ITA
17.2192, 1936, Jun Average, Italy, ITA
20.3023, 1936, Jul Average, Italy, ITA
19.8272, 1936, Aug Average, Italy, ITA
17.0276, 1936, Sep Average, Italy, ITA
9.56057, 1936, Oct Average, Italy, ITA
7.85093, 1936, Nov Average, Italy, ITA
4.88125, 1936, Dec Average, Italy, ITA
3.71323, 1937, Jan Average, Italy, ITA
6.05107, 1937, Feb Average, Italy, ITA
6.75609, 1937, Mar Average, Italy, ITA
9.677, 1937, Apr Average, Italy, ITA
15.0928, 1937, May Average, Italy, ITA
19.0216, 1937, Jun Average, Italy, ITA
20.4223, 1937, Jul Average, Italy, ITA
20.0142, 1937, Aug Average, Italy, ITA
16.6986, 1937, Sep Average, Italy, ITA
13.0315, 1937, Oct Average, Italy, ITA
8.1159, 1937, Nov Average, Italy, ITA
3.62967, 1937, Dec Average, Italy, ITA
2.79714, 1938, Jan Average, Italy, ITA
3.62196, 1938, Feb Average, Italy, ITA
8.39927, 1938, Mar Average, Italy, ITA
7.41438, 1938, Apr Average, Italy, ITA
12.4508, 1938, May Average, Italy, ITA
19.3753, 1938, Jun Average, Italy, ITA
20.3989, 1938, Jul Average, Italy, ITA
20.1228, 1938, Aug Average, Italy, ITA
16.7999, 1938, Sep Average, Italy, ITA
13.3738, 1938, Oct Average, Italy, ITA
9.65525, 1938, Nov Average, Italy, ITA
3.80324, 1938, Dec Average, Italy, ITA
5.10536, 1939, Jan Average, Italy, ITA
5.66908, 1939, Feb Average, Italy, ITA
4.3484, 1939, Mar Average, Italy, ITA
11.2049, 1939, Apr Average, Italy, ITA
11.6075, 1939, May Average, Italy, ITA
17.6881, 1939, Jun Average, Italy, ITA
20.341, 1939, Jul Average, Italy, ITA
20.4235, 1939, Aug Average, Italy, ITA
16.6062, 1939, Sep Average, Italy, ITA
12.146, 1939, Oct Average, Italy, ITA
9.13834, 1939, Nov Average, Italy, ITA
3.73692, 1939, Dec Average, Italy, ITA
0.33213, 1940, Jan Average, Italy, ITA
3.22413, 1940, Feb Average, Italy, ITA
6.2458, 1940, Mar Average, Italy, ITA
9.90231, 1940, Apr Average, Italy, ITA
13.4919, 1940, May Average, Italy, ITA
16.7988, 1940, Jun Average, Italy, ITA
19.0745, 1940, Jul Average, Italy, ITA
18.7436, 1940, Aug Average, Italy, ITA
17.2191, 1940, Sep Average, Italy, ITA
12.6801, 1940, Oct Average, Italy, ITA
9.07006, 1940, Nov Average, Italy, ITA
0.63964, 1940, Dec Average, Italy, ITA
2.34778, 1941, Jan Average, Italy, ITA
4.5795, 1941, Feb Average, Italy, ITA
7.19817, 1941, Mar Average, Italy, ITA
9.01949, 1941, Apr Average, Italy, ITA
11.6981, 1941, May Average, Italy, ITA
18.1903, 1941, Jun Average, Italy, ITA
21.024, 1941, Jul Average, Italy, ITA
19.8137, 1941, Aug Average, Italy, ITA
15.9497, 1941, Sep Average, Italy, ITA
11.7277, 1941, Oct Average, Italy, ITA
6.85919, 1941, Nov Average, Italy, ITA
3.32742, 1941, Dec Average, Italy, ITA
-0.6486, 1942, Jan Average, Italy, ITA
1.91401, 1942, Feb Average, Italy, ITA
7.64996, 1942, Mar Average, Italy, ITA
10.1504, 1942, Apr Average, Italy, ITA
14.7182, 1942, May Average, Italy, ITA
18.6261, 1942, Jun Average, Italy, ITA
20.5777, 1942, Jul Average, Italy, ITA
20.5332, 1942, Aug Average, Italy, ITA
19.4534, 1942, Sep Average, Italy, ITA
14.8687, 1942, Oct Average, Italy, ITA
7.3307, 1942, Nov Average, Italy, ITA
5.72522, 1942, Dec Average, Italy, ITA
2.42016, 1943, Jan Average, Italy, ITA
5.68201, 1943, Feb Average, Italy, ITA
8.02044, 1943, Mar Average, Italy, ITA
11.3293, 1943, Apr Average, Italy, ITA
14.8031, 1943, May Average, Italy, ITA
17.6347, 1943, Jun Average, Italy, ITA
20.8283, 1943, Jul Average, Italy, ITA
22.3048, 1943, Aug Average, Italy, ITA
19.1994, 1943, Sep Average, Italy, ITA
14.4636, 1943, Oct Average, Italy, ITA
7.27417, 1943, Nov Average, Italy, ITA
5.70501, 1943, Dec Average, Italy, ITA
3.8069, 1944, Jan Average, Italy, ITA
2.42591, 1944, Feb Average, Italy, ITA
4.24411, 1944, Mar Average, Italy, ITA
11.0682, 1944, Apr Average, Italy, ITA
14.3235, 1944, May Average, Italy, ITA
17.6642, 1944, Jun Average, Italy, ITA
20.2572, 1944, Jul Average, Italy, ITA
22.4767, 1944, Aug Average, Italy, ITA
17.3494, 1944, Sep Average, Italy, ITA
12.074, 1944, Oct Average, Italy, ITA
7.16532, 1944, Nov Average, Italy, ITA
3.45364, 1944, Dec Average, Italy, ITA
-0.3609, 1945, Jan Average, Italy, ITA
4.76918, 1945, Feb Average, Italy, ITA
7.628, 1945, Mar Average, Italy, ITA
11.5151, 1945, Apr Average, Italy, ITA
16.3556, 1945, May Average, Italy, ITA
20.1984, 1945, Jun Average, Italy, ITA
22.424, 1945, Jul Average, Italy, ITA
20.7509, 1945, Aug Average, Italy, ITA
17.8097, 1945, Sep Average, Italy, ITA
12.3348, 1945, Oct Average, Italy, ITA
7.35597, 1945, Nov Average, Italy, ITA
4.75547, 1945, Dec Average, Italy, ITA
2.61084, 1946, Jan Average, Italy, ITA
5.09672, 1946, Feb Average, Italy, ITA
7.15259, 1946, Mar Average, Italy, ITA
11.8471, 1946, Apr Average, Italy, ITA
14.3965, 1946, May Average, Italy, ITA
18.0557, 1946, Jun Average, Italy, ITA
21.5336, 1946, Jul Average, Italy, ITA
21.3749, 1946, Aug Average, Italy, ITA
19.0991, 1946, Sep Average, Italy, ITA
12.0039, 1946, Oct Average, Italy, ITA
8.18413, 1946, Nov Average, Italy, ITA
2.65461, 1946, Dec Average, Italy, ITA
0.20056, 1947, Jan Average, Italy, ITA
3.45913, 1947, Feb Average, Italy, ITA
7.94702, 1947, Mar Average, Italy, ITA
11.9131, 1947, Apr Average, Italy, ITA
15.6122, 1947, May Average, Italy, ITA
19.6963, 1947, Jun Average, Italy, ITA
22.1786, 1947, Jul Average, Italy, ITA
22.1351, 1947, Aug Average, Italy, ITA
19.1661, 1947, Sep Average, Italy, ITA
12.8399, 1947, Oct Average, Italy, ITA
9.17463, 1947, Nov Average, Italy, ITA
4.03207, 1947, Dec Average, Italy, ITA
5.56481, 1948, Jan Average, Italy, ITA
4.03444, 1948, Feb Average, Italy, ITA
8.6677, 1948, Mar Average, Italy, ITA
10.9385, 1948, Apr Average, Italy, ITA
15.1302, 1948, May Average, Italy, ITA
17.4343, 1948, Jun Average, Italy, ITA
18.4515, 1948, Jul Average, Italy, ITA
20.3945, 1948, Aug Average, Italy, ITA
17.4566, 1948, Sep Average, Italy, ITA
13.7977, 1948, Oct Average, Italy, ITA
8.52166, 1948, Nov Average, Italy, ITA
4.13779, 1948, Dec Average, Italy, ITA
4.65109, 1949, Jan Average, Italy, ITA
4.64195, 1949, Feb Average, Italy, ITA
4.80827, 1949, Mar Average, Italy, ITA
12.1958, 1949, Apr Average, Italy, ITA
13.8371, 1949, May Average, Italy, ITA
17.6557, 1949, Jun Average, Italy, ITA
20.7765, 1949, Jul Average, Italy, ITA
20.345, 1949, Aug Average, Italy, ITA
19.119, 1949, Sep Average, Italy, ITA
14.2138, 1949, Oct Average, Italy, ITA
8.13141, 1949, Nov Average, Italy, ITA
5.45722, 1949, Dec Average, Italy, ITA
2.77364, 1950, Jan Average, Italy, ITA
5.68632, 1950, Feb Average, Italy, ITA
7.97576, 1950, Mar Average, Italy, ITA
9.51946, 1950, Apr Average, Italy, ITA
15.629, 1950, May Average, Italy, ITA
20.149, 1950, Jun Average, Italy, ITA
22.7386, 1950, Jul Average, Italy, ITA
21.4925, 1950, Aug Average, Italy, ITA
17.5102, 1950, Sep Average, Italy, ITA
12.7577, 1950, Oct Average, Italy, ITA
8.10658, 1950, Nov Average, Italy, ITA
4.18211, 1950, Dec Average, Italy, ITA
5.07686, 1951, Jan Average, Italy, ITA
5.96869, 1951, Feb Average, Italy, ITA
6.38747, 1951, Mar Average, Italy, ITA
9.93349, 1951, Apr Average, Italy, ITA
13.4683, 1951, May Average, Italy, ITA
18.2588, 1951, Jun Average, Italy, ITA
20.3649, 1951, Jul Average, Italy, ITA
20.883, 1951, Aug Average, Italy, ITA
18.6216, 1951, Sep Average, Italy, ITA
11.8612, 1951, Oct Average, Italy, ITA
9.73142, 1951, Nov Average, Italy, ITA
4.65547, 1951, Dec Average, Italy, ITA
2.79667, 1952, Jan Average, Italy, ITA
2.78734, 1952, Feb Average, Italy, ITA
6.53138, 1952, Mar Average, Italy, ITA
11.8541, 1952, Apr Average, Italy, ITA
14.3783, 1952, May Average, Italy, ITA
19.6206, 1952, Jun Average, Italy, ITA
22.7281, 1952, Jul Average, Italy, ITA
21.8645, 1952, Aug Average, Italy, ITA
16.5121, 1952, Sep Average, Italy, ITA
12.3719, 1952, Oct Average, Italy, ITA
7.05805, 1952, Nov Average, Italy, ITA
4.67652, 1952, Dec Average, Italy, ITA
1.90344, 1953, Jan Average, Italy, ITA
3.1084, 1953, Feb Average, Italy, ITA
6.52434, 1953, Mar Average, Italy, ITA
11.0464, 1953, Apr Average, Italy, ITA
14.7973, 1953, May Average, Italy, ITA
16.9406, 1953, Jun Average, Italy, ITA
20.5426, 1953, Jul Average, Italy, ITA
19.9954, 1953, Aug Average, Italy, ITA
18.0701, 1953, Sep Average, Italy, ITA
14.2241, 1953, Oct Average, Italy, ITA
7.64588, 1953, Nov Average, Italy, ITA
6.39873, 1953, Dec Average, Italy, ITA
1.00184, 1954, Jan Average, Italy, ITA
2.19386, 1954, Feb Average, Italy, ITA
7.74855, 1954, Mar Average, Italy, ITA
9.03746, 1954, Apr Average, Italy, ITA
12.9935, 1954, May Average, Italy, ITA
18.7543, 1954, Jun Average, Italy, ITA
19.0307, 1954, Jul Average, Italy, ITA
19.2432, 1954, Aug Average, Italy, ITA
18.1414, 1954, Sep Average, Italy, ITA
12.2648, 1954, Oct Average, Italy, ITA
8.30095, 1954, Nov Average, Italy, ITA
5.83587, 1954, Dec Average, Italy, ITA
5.82103, 1955, Jan Average, Italy, ITA
5.42506, 1955, Feb Average, Italy, ITA
5.62492, 1955, Mar Average, Italy, ITA
9.48175, 1955, Apr Average, Italy, ITA
13.9775, 1955, May Average, Italy, ITA
17.8366, 1955, Jun Average, Italy, ITA
20.4862, 1955, Jul Average, Italy, ITA
19.4597, 1955, Aug Average, Italy, ITA
16.8196, 1955, Sep Average, Italy, ITA
12.2643, 1955, Oct Average, Italy, ITA
7.44729, 1955, Nov Average, Italy, ITA
6.32948, 1955, Dec Average, Italy, ITA
4.70052, 1956, Jan Average, Italy, ITA
-0.8688, 1956, Feb Average, Italy, ITA
5.3558, 1956, Mar Average, Italy, ITA
8.85948, 1956, Apr Average, Italy, ITA
14.4007, 1956, May Average, Italy, ITA
16.3583, 1956, Jun Average, Italy, ITA
20.4172, 1956, Jul Average, Italy, ITA
20.9791, 1956, Aug Average, Italy, ITA
18.3855, 1956, Sep Average, Italy, ITA
11.82, 1956, Oct Average, Italy, ITA
6.84374, 1956, Nov Average, Italy, ITA
3.82133, 1956, Dec Average, Italy, ITA
3.02166, 1957, Jan Average, Italy, ITA
6.35892, 1957, Feb Average, Italy, ITA
8.13965, 1957, Mar Average, Italy, ITA
10.037, 1957, Apr Average, Italy, ITA
12.3095, 1957, May Average, Italy, ITA
18.6296, 1957, Jun Average, Italy, ITA
20.502, 1957, Jul Average, Italy, ITA
20.0596, 1957, Aug Average, Italy, ITA
16.7026, 1957, Sep Average, Italy, ITA
13.1691, 1957, Oct Average, Italy, ITA
8.82985, 1957, Nov Average, Italy, ITA
4.52459, 1957, Dec Average, Italy, ITA
3.4571, 1958, Jan Average, Italy, ITA
5.93826, 1958, Feb Average, Italy, ITA
4.65711, 1958, Mar Average, Italy, ITA
7.95442, 1958, Apr Average, Italy, ITA
16.0007, 1958, May Average, Italy, ITA
17.512, 1958, Jun Average, Italy, ITA
20.6657, 1958, Jul Average, Italy, ITA
21.3036, 1958, Aug Average, Italy, ITA
18.1598, 1958, Sep Average, Italy, ITA
13.0931, 1958, Oct Average, Italy, ITA
9.33151, 1958, Nov Average, Italy, ITA
5.96508, 1958, Dec Average, Italy, ITA
3.44508, 1959, Jan Average, Italy, ITA
4.92037, 1959, Feb Average, Italy, ITA
8.86846, 1959, Mar Average, Italy, ITA
10.3638, 1959, Apr Average, Italy, ITA
13.956, 1959, May Average, Italy, ITA
17.814, 1959, Jun Average, Italy, ITA
21.3667, 1959, Jul Average, Italy, ITA
20.0408, 1959, Aug Average, Italy, ITA
17.0735, 1959, Sep Average, Italy, ITA
11.8826, 1959, Oct Average, Italy, ITA
8.27101, 1959, Nov Average, Italy, ITA
6.28375, 1959, Dec Average, Italy, ITA
3.49854, 1960, Jan Average, Italy, ITA
4.79014, 1960, Feb Average, Italy, ITA
7.50318, 1960, Mar Average, Italy, ITA
10.034, 1960, Apr Average, Italy, ITA
14.5368, 1960, May Average, Italy, ITA
18.6194, 1960, Jun Average, Italy, ITA
19.0634, 1960, Jul Average, Italy, ITA
20.0743, 1960, Aug Average, Italy, ITA
16.1464, 1960, Sep Average, Italy, ITA
13.0081, 1960, Oct Average, Italy, ITA
9.40568, 1960, Nov Average, Italy, ITA
5.62008, 1960, Dec Average, Italy, ITA
3.49812, 1961, Jan Average, Italy, ITA
5.86485, 1961, Feb Average, Italy, ITA
8.0356, 1961, Mar Average, Italy, ITA
12.2504, 1961, Apr Average, Italy, ITA
13.7478, 1961, May Average, Italy, ITA
18.3645, 1961, Jun Average, Italy, ITA
19.7505, 1961, Jul Average, Italy, ITA
20.3101, 1961, Aug Average, Italy, ITA
19.11, 1961, Sep Average, Italy, ITA
13.7392, 1961, Oct Average, Italy, ITA
9.00414, 1961, Nov Average, Italy, ITA
4.74976, 1961, Dec Average, Italy, ITA
4.6976, 1962, Jan Average, Italy, ITA
3.62557, 1962, Feb Average, Italy, ITA
5.01237, 1962, Mar Average, Italy, ITA
9.98213, 1962, Apr Average, Italy, ITA
13.3113, 1962, May Average, Italy, ITA
17.0394, 1962, Jun Average, Italy, ITA
19.9188, 1962, Jul Average, Italy, ITA
21.7163, 1962, Aug Average, Italy, ITA
17.8226, 1962, Sep Average, Italy, ITA
13.4865, 1962, Oct Average, Italy, ITA
7.8217, 1962, Nov Average, Italy, ITA
2.5958, 1962, Dec Average, Italy, ITA
0.99969, 1963, Jan Average, Italy, ITA
1.93367, 1963, Feb Average, Italy, ITA
5.69461, 1963, Mar Average, Italy, ITA
10.4783, 1963, Apr Average, Italy, ITA
13.7624, 1963, May Average, Italy, ITA
17.64, 1963, Jun Average, Italy, ITA
21.2324, 1963, Jul Average, Italy, ITA
20.1004, 1963, Aug Average, Italy, ITA
17.4484, 1963, Sep Average, Italy, ITA
12.3568, 1963, Oct Average, Italy, ITA
10.8334, 1963, Nov Average, Italy, ITA
4.29633, 1963, Dec Average, Italy, ITA
1.85827, 1964, Jan Average, Italy, ITA
4.46818, 1964, Feb Average, Italy, ITA
6.69036, 1964, Mar Average, Italy, ITA
10.4446, 1964, Apr Average, Italy, ITA
14.8893, 1964, May Average, Italy, ITA
19.1567, 1964, Jun Average, Italy, ITA
20.7996, 1964, Jul Average, Italy, ITA
19.8528, 1964, Aug Average, Italy, ITA
17.1363, 1964, Sep Average, Italy, ITA
12.3797, 1964, Oct Average, Italy, ITA
8.8649, 1964, Nov Average, Italy, ITA
4.75012, 1964, Dec Average, Italy, ITA
4.02291, 1965, Jan Average, Italy, ITA
1.62555, 1965, Feb Average, Italy, ITA
6.43984, 1965, Mar Average, Italy, ITA
8.82988, 1965, Apr Average, Italy, ITA
13.2464, 1965, May Average, Italy, ITA
17.747, 1965, Jun Average, Italy, ITA
20.0995, 1965, Jul Average, Italy, ITA
19.1962, 1965, Aug Average, Italy, ITA
16.0702, 1965, Sep Average, Italy, ITA
12.7507, 1965, Oct Average, Italy, ITA
8.69898, 1965, Nov Average, Italy, ITA
5.46951, 1965, Dec Average, Italy, ITA
2.14029, 1966, Jan Average, Italy, ITA
7.39807, 1966, Feb Average, Italy, ITA
6.40368, 1966, Mar Average, Italy, ITA
11.2073, 1966, Apr Average, Italy, ITA
14.2908, 1966, May Average, Italy, ITA
18.651, 1966, Jun Average, Italy, ITA
19.2644, 1966, Jul Average, Italy, ITA
19.4778, 1966, Aug Average, Italy, ITA
17.6423, 1966, Sep Average, Italy, ITA
14.8302, 1966, Oct Average, Italy, ITA
6.65239, 1966, Nov Average, Italy, ITA
4.15977, 1966, Dec Average, Italy, ITA
2.61966, 1967, Jan Average, Italy, ITA
4.4473, 1967, Feb Average, Italy, ITA
7.74259, 1967, Mar Average, Italy, ITA
9.33609, 1967, Apr Average, Italy, ITA
14.2246, 1967, May Average, Italy, ITA
16.6528, 1967, Jun Average, Italy, ITA
21.322, 1967, Jul Average, Italy, ITA
20.7357, 1967, Aug Average, Italy, ITA
17.0908, 1967, Sep Average, Italy, ITA
14.121, 1967, Oct Average, Italy, ITA
9.41159, 1967, Nov Average, Italy, ITA
3.99006, 1967, Dec Average, Italy, ITA
2.06576, 1968, Jan Average, Italy, ITA
5.64003, 1968, Feb Average, Italy, ITA
7.02948, 1968, Mar Average, Italy, ITA
11.2344, 1968, Apr Average, Italy, ITA
14.34, 1968, May Average, Italy, ITA
17.299, 1968, Jun Average, Italy, ITA
20.1116, 1968, Jul Average, Italy, ITA
18.6249, 1968, Aug Average, Italy, ITA
16.6422, 1968, Sep Average, Italy, ITA
13.254, 1968, Oct Average, Italy, ITA
8.79846, 1968, Nov Average, Italy, ITA
4.01589, 1968, Dec Average, Italy, ITA
3.4154, 1969, Jan Average, Italy, ITA
3.55494, 1969, Feb Average, Italy, ITA
6.6336, 1969, Mar Average, Italy, ITA
9.45353, 1969, Apr Average, Italy, ITA
15.3712, 1969, May Average, Italy, ITA
16.3941, 1969, Jun Average, Italy, ITA
19.8809, 1969, Jul Average, Italy, ITA
19.6988, 1969, Aug Average, Italy, ITA
17.4573, 1969, Sep Average, Italy, ITA
13.4598, 1969, Oct Average, Italy, ITA
9.39313, 1969, Nov Average, Italy, ITA
2.5983, 1969, Dec Average, Italy, ITA
4.79661, 1970, Jan Average, Italy, ITA
4.3598, 1970, Feb Average, Italy, ITA
5.58432, 1970, Mar Average, Italy, ITA
9.04692, 1970, Apr Average, Italy, ITA
12.4543, 1970, May Average, Italy, ITA
18.5585, 1970, Jun Average, Italy, ITA
19.8936, 1970, Jul Average, Italy, ITA
20.4125, 1970, Aug Average, Italy, ITA
18.0209, 1970, Sep Average, Italy, ITA
12.0893, 1970, Oct Average, Italy, ITA
9.18488, 1970, Nov Average, Italy, ITA
4.2631, 1970, Dec Average, Italy, ITA
4.21723, 1971, Jan Average, Italy, ITA
4.39386, 1971, Feb Average, Italy, ITA
4.33121, 1971, Mar Average, Italy, ITA
11.058, 1971, Apr Average, Italy, ITA
14.7473, 1971, May Average, Italy, ITA
16.869, 1971, Jun Average, Italy, ITA
20.7956, 1971, Jul Average, Italy, ITA
22.2144, 1971, Aug Average, Italy, ITA
16.1608, 1971, Sep Average, Italy, ITA
12.1271, 1971, Oct Average, Italy, ITA
7.77804, 1971, Nov Average, Italy, ITA
4.538, 1971, Dec Average, Italy, ITA
4.43646, 1972, Jan Average, Italy, ITA
6.5411, 1972, Feb Average, Italy, ITA
8.45249, 1972, Mar Average, Italy, ITA
9.86165, 1972, Apr Average, Italy, ITA
13.3005, 1972, May Average, Italy, ITA
17.6068, 1972, Jun Average, Italy, ITA
19.7974, 1972, Jul Average, Italy, ITA
19.3105, 1972, Aug Average, Italy, ITA
14.8456, 1972, Sep Average, Italy, ITA
11.0646, 1972, Oct Average, Italy, ITA
8.35847, 1972, Nov Average, Italy, ITA
5.0786, 1972, Dec Average, Italy, ITA
4.20134, 1973, Jan Average, Italy, ITA
4.03336, 1973, Feb Average, Italy, ITA
5.6638, 1973, Mar Average, Italy, ITA
8.03563, 1973, Apr Average, Italy, ITA
14.5381, 1973, May Average, Italy, ITA
18.3679, 1973, Jun Average, Italy, ITA
20.5044, 1973, Jul Average, Italy, ITA
21.005, 1973, Aug Average, Italy, ITA
18.3819, 1973, Sep Average, Italy, ITA
12.7582, 1973, Oct Average, Italy, ITA
7.41597, 1973, Nov Average, Italy, ITA
4.28517, 1973, Dec Average, Italy, ITA
5.51647, 1974, Jan Average, Italy, ITA
6.34312, 1974, Feb Average, Italy, ITA
7.70099, 1974, Mar Average, Italy, ITA
9.33156, 1974, Apr Average, Italy, ITA
13.4638, 1974, May Average, Italy, ITA
17.0846, 1974, Jun Average, Italy, ITA
20.1041, 1974, Jul Average, Italy, ITA
21.2247, 1974, Aug Average, Italy, ITA
17.3022, 1974, Sep Average, Italy, ITA
9.64013, 1974, Oct Average, Italy, ITA
7.58094, 1974, Nov Average, Italy, ITA
4.88341, 1974, Dec Average, Italy, ITA
4.66785, 1975, Jan Average, Italy, ITA
4.51185, 1975, Feb Average, Italy, ITA
6.70823, 1975, Mar Average, Italy, ITA
9.85425, 1975, Apr Average, Italy, ITA
14.1409, 1975, May Average, Italy, ITA
16.8409, 1975, Jun Average, Italy, ITA
20.45, 1975, Jul Average, Italy, ITA
20.1227, 1975, Aug Average, Italy, ITA
18.7786, 1975, Sep Average, Italy, ITA
12.2208, 1975, Oct Average, Italy, ITA
7.64319, 1975, Nov Average, Italy, ITA
4.76046, 1975, Dec Average, Italy, ITA
3.51862, 1976, Jan Average, Italy, ITA
5.3009, 1976, Feb Average, Italy, ITA
5.60585, 1976, Mar Average, Italy, ITA
9.46419, 1976, Apr Average, Italy, ITA
14.3847, 1976, May Average, Italy, ITA
18.5092, 1976, Jun Average, Italy, ITA
20.5387, 1976, Jul Average, Italy, ITA
18.1423, 1976, Aug Average, Italy, ITA
15.4491, 1976, Sep Average, Italy, ITA
13.1836, 1976, Oct Average, Italy, ITA
8.08674, 1976, Nov Average, Italy, ITA
4.78212, 1976, Dec Average, Italy, ITA
4.78834, 1977, Jan Average, Italy, ITA
6.61331, 1977, Feb Average, Italy, ITA
8.53861, 1977, Mar Average, Italy, ITA
9.30509, 1977, Apr Average, Italy, ITA
13.822, 1977, May Average, Italy, ITA
17.2449, 1977, Jun Average, Italy, ITA
20.2116, 1977, Jul Average, Italy, ITA
19.2699, 1977, Aug Average, Italy, ITA
15.8618, 1977, Sep Average, Italy, ITA
13.5421, 1977, Oct Average, Italy, ITA
8.39595, 1977, Nov Average, Italy, ITA
4.47835, 1977, Dec Average, Italy, ITA
3.9896, 1978, Jan Average, Italy, ITA
4.29303, 1978, Feb Average, Italy, ITA
7.18678, 1978, Mar Average, Italy, ITA
8.82299, 1978, Apr Average, Italy, ITA
12.6861, 1978, May Average, Italy, ITA
17.3245, 1978, Jun Average, Italy, ITA
19.2988, 1978, Jul Average, Italy, ITA
19.5062, 1978, Aug Average, Italy, ITA
16.5781, 1978, Sep Average, Italy, ITA
12.2585, 1978, Oct Average, Italy, ITA
6.36981, 1978, Nov Average, Italy, ITA
5.52706, 1978, Dec Average, Italy, ITA
2.47147, 1979, Jan Average, Italy, ITA
5.4536, 1979, Feb Average, Italy, ITA
7.6614, 1979, Mar Average, Italy, ITA
8.73808, 1979, Apr Average, Italy, ITA
14.3618, 1979, May Average, Italy, ITA
18.9751, 1979, Jun Average, Italy, ITA
20.1819, 1979, Jul Average, Italy, ITA
19.7017, 1979, Aug Average, Italy, ITA
16.9954, 1979, Sep Average, Italy, ITA
13.4565, 1979, Oct Average, Italy, ITA
7.61218, 1979, Nov Average, Italy, ITA
5.86998, 1979, Dec Average, Italy, ITA
3.18231, 1980, Jan Average, Italy, ITA
5.25959, 1980, Feb Average, Italy, ITA
6.85683, 1980, Mar Average, Italy, ITA
8.22255, 1980, Apr Average, Italy, ITA
12.1708, 1980, May Average, Italy, ITA
16.5712, 1980, Jun Average, Italy, ITA
18.8625, 1980, Jul Average, Italy, ITA
21.0588, 1980, Aug Average, Italy, ITA
17.9542, 1980, Sep Average, Italy, ITA
12.5976, 1980, Oct Average, Italy, ITA
7.77106, 1980, Nov Average, Italy, ITA
3.06914, 1980, Dec Average, Italy, ITA
1.70726, 1981, Jan Average, Italy, ITA
3.12936, 1981, Feb Average, Italy, ITA
8.26673, 1981, Mar Average, Italy, ITA
10.8487, 1981, Apr Average, Italy, ITA
13.7659, 1981, May Average, Italy, ITA
18.4541, 1981, Jun Average, Italy, ITA
19.4005, 1981, Jul Average, Italy, ITA
20.352, 1981, Aug Average, Italy, ITA
17.7617, 1981, Sep Average, Italy, ITA
13.4391, 1981, Oct Average, Italy, ITA
6.61353, 1981, Nov Average, Italy, ITA
4.94986, 1981, Dec Average, Italy, ITA
4.42538, 1982, Jan Average, Italy, ITA
3.51552, 1982, Feb Average, Italy, ITA
6.08484, 1982, Mar Average, Italy, ITA
9.65596, 1982, Apr Average, Italy, ITA
14.5284, 1982, May Average, Italy, ITA
19.448, 1982, Jun Average, Italy, ITA
21.8611, 1982, Jul Average, Italy, ITA
20.6846, 1982, Aug Average, Italy, ITA
19.3041, 1982, Sep Average, Italy, ITA
13.4555, 1982, Oct Average, Italy, ITA
9.18206, 1982, Nov Average, Italy, ITA
5.74992, 1982, Dec Average, Italy, ITA
4.18856, 1983, Jan Average, Italy, ITA
2.65542, 1983, Feb Average, Italy, ITA
7.10208, 1983, Mar Average, Italy, ITA
10.5429, 1983, Apr Average, Italy, ITA
14.0263, 1983, May Average, Italy, ITA
17.9928, 1983, Jun Average, Italy, ITA
22.8564, 1983, Jul Average, Italy, ITA
20.6913, 1983, Aug Average, Italy, ITA
17.9092, 1983, Sep Average, Italy, ITA
13.038, 1983, Oct Average, Italy, ITA
7.86809, 1983, Nov Average, Italy, ITA
4.6305, 1983, Dec Average, Italy, ITA
3.95264, 1984, Jan Average, Italy, ITA
3.47951, 1984, Feb Average, Italy, ITA
5.78101, 1984, Mar Average, Italy, ITA
9.22002, 1984, Apr Average, Italy, ITA
12.335, 1984, May Average, Italy, ITA
17.1697, 1984, Jun Average, Italy, ITA
20.4277, 1984, Jul Average, Italy, ITA
19.6259, 1984, Aug Average, Italy, ITA
16.3082, 1984, Sep Average, Italy, ITA
13.3705, 1984, Oct Average, Italy, ITA
9.49264, 1984, Nov Average, Italy, ITA
5.36073, 1984, Dec Average, Italy, ITA
0.89887, 1985, Jan Average, Italy, ITA
3.67952, 1985, Feb Average, Italy, ITA
6.28752, 1985, Mar Average, Italy, ITA
10.2068, 1985, Apr Average, Italy, ITA
14.3467, 1985, May Average, Italy, ITA
17.541, 1985, Jun Average, Italy, ITA
21.7534, 1985, Jul Average, Italy, ITA
20.9089, 1985, Aug Average, Italy, ITA
18.6565, 1985, Sep Average, Italy, ITA
13.7055, 1985, Oct Average, Italy, ITA
7.75495, 1985, Nov Average, Italy, ITA
6.14759, 1985, Dec Average, Italy, ITA
3.95491, 1986, Jan Average, Italy, ITA
2.63891, 1986, Feb Average, Italy, ITA
6.80892, 1986, Mar Average, Italy, ITA
9.821, 1986, Apr Average, Italy, ITA
16.3947, 1986, May Average, Italy, ITA
17.8098, 1986, Jun Average, Italy, ITA
20.2777, 1986, Jul Average, Italy, ITA
21.5493, 1986, Aug Average, Italy, ITA
17.7827, 1986, Sep Average, Italy, ITA
14.0907, 1986, Oct Average, Italy, ITA
8.85073, 1986, Nov Average, Italy, ITA
3.96422, 1986, Dec Average, Italy, ITA
2.45167, 1987, Jan Average, Italy, ITA
4.71486, 1987, Feb Average, Italy, ITA
3.96315, 1987, Mar Average, Italy, ITA
10.4069, 1987, Apr Average, Italy, ITA
12.4673, 1987, May Average, Italy, ITA
17.2728, 1987, Jun Average, Italy, ITA
21.6348, 1987, Jul Average, Italy, ITA
20.9639, 1987, Aug Average, Italy, ITA
19.9991, 1987, Sep Average, Italy, ITA
14.4727, 1987, Oct Average, Italy, ITA
8.9986, 1987, Nov Average, Italy, ITA
5.93558, 1987, Dec Average, Italy, ITA
6.25722, 1988, Jan Average, Italy, ITA
5.23529, 1988, Feb Average, Italy, ITA
6.61835, 1988, Mar Average, Italy, ITA
10.541, 1988, Apr Average, Italy, ITA
15.2103, 1988, May Average, Italy, ITA
17.5749, 1988, Jun Average, Italy, ITA
21.9994, 1988, Jul Average, Italy, ITA
21.6937, 1988, Aug Average, Italy, ITA
17.3341, 1988, Sep Average, Italy, ITA
14.7077, 1988, Oct Average, Italy, ITA
6.40991, 1988, Nov Average, Italy, ITA
4.48449, 1988, Dec Average, Italy, ITA
3.36737, 1989, Jan Average, Italy, ITA
5.72248, 1989, Feb Average, Italy, ITA
9.11773, 1989, Mar Average, Italy, ITA
10.3615, 1989, Apr Average, Italy, ITA
14.4708, 1989, May Average, Italy, ITA
17.2388, 1989, Jun Average, Italy, ITA
20.9126, 1989, Jul Average, Italy, ITA
20.949, 1989, Aug Average, Italy, ITA
17.1713, 1989, Sep Average, Italy, ITA
12.0778, 1989, Oct Average, Italy, ITA
7.62523, 1989, Nov Average, Italy, ITA
5.66976, 1989, Dec Average, Italy, ITA
3.89132, 1990, Jan Average, Italy, ITA
7.43774, 1990, Feb Average, Italy, ITA
8.78685, 1990, Mar Average, Italy, ITA
9.77471, 1990, Apr Average, Italy, ITA
15.4794, 1990, May Average, Italy, ITA
18.1918, 1990, Jun Average, Italy, ITA
20.887, 1990, Jul Average, Italy, ITA
21.2264, 1990, Aug Average, Italy, ITA
17.3408, 1990, Sep Average, Italy, ITA
14.6829, 1990, Oct Average, Italy, ITA
8.57226, 1990, Nov Average, Italy, ITA
3.36283, 1990, Dec Average, Italy, ITA
4.01576, 1991, Jan Average, Italy, ITA
3.01739, 1991, Feb Average, Italy, ITA
9.30409, 1991, Mar Average, Italy, ITA
8.94732, 1991, Apr Average, Italy, ITA
11.5459, 1991, May Average, Italy, ITA
17.5717, 1991, Jun Average, Italy, ITA
21.5649, 1991, Jul Average, Italy, ITA
21.8518, 1991, Aug Average, Italy, ITA
19.1092, 1991, Sep Average, Italy, ITA
12.494, 1991, Oct Average, Italy, ITA
8.10557, 1991, Nov Average, Italy, ITA
2.93425, 1991, Dec Average, Italy, ITA
3.84785, 1992, Jan Average, Italy, ITA
4.59726, 1992, Feb Average, Italy, ITA
7.19363, 1992, Mar Average, Italy, ITA
10.1607, 1992, Apr Average, Italy, ITA
15.556, 1992, May Average, Italy, ITA
17.5093, 1992, Jun Average, Italy, ITA
20.6504, 1992, Jul Average, Italy, ITA
22.8885, 1992, Aug Average, Italy, ITA
17.9311, 1992, Sep Average, Italy, ITA
12.8325, 1992, Oct Average, Italy, ITA
9.63632, 1992, Nov Average, Italy, ITA
5.44991, 1992, Dec Average, Italy, ITA
4.31816, 1993, Jan Average, Italy, ITA
3.67607, 1993, Feb Average, Italy, ITA
5.96016, 1993, Mar Average, Italy, ITA
10.5275, 1993, Apr Average, Italy, ITA
15.6937, 1993, May Average, Italy, ITA
19.2086, 1993, Jun Average, Italy, ITA
19.9671, 1993, Jul Average, Italy, ITA
21.9268, 1993, Aug Average, Italy, ITA
17.226, 1993, Sep Average, Italy, ITA
13.3141, 1993, Oct Average, Italy, ITA
7.5101, 1993, Nov Average, Italy, ITA
5.90195, 1993, Dec Average, Italy, ITA
5.4061, 1994, Jan Average, Italy, ITA
4.83041, 1994, Feb Average, Italy, ITA
9.26329, 1994, Mar Average, Italy, ITA
9.69517, 1994, Apr Average, Italy, ITA
15.0297, 1994, May Average, Italy, ITA
18.4931, 1994, Jun Average, Italy, ITA
22.9229, 1994, Jul Average, Italy, ITA
23.0644, 1994, Aug Average, Italy, ITA
18.2832, 1994, Sep Average, Italy, ITA
13.1875, 1994, Oct Average, Italy, ITA
10.1993, 1994, Nov Average, Italy, ITA
6.01249, 1994, Dec Average, Italy, ITA
3.57424, 1995, Jan Average, Italy, ITA
6.55578, 1995, Feb Average, Italy, ITA
6.16279, 1995, Mar Average, Italy, ITA
9.88405, 1995, Apr Average, Italy, ITA
14.1267, 1995, May Average, Italy, ITA
17.1239, 1995, Jun Average, Italy, ITA
22.6227, 1995, Jul Average, Italy, ITA
20.4959, 1995, Aug Average, Italy, ITA
15.9647, 1995, Sep Average, Italy, ITA
14.1443, 1995, Oct Average, Italy, ITA
7.85486, 1995, Nov Average, Italy, ITA
5.79699, 1995, Dec Average, Italy, ITA
5.27997, 1996, Jan Average, Italy, ITA
3.46738, 1996, Feb Average, Italy, ITA
5.75855, 1996, Mar Average, Italy, ITA
10.5203, 1996, Apr Average, Italy, ITA
14.6395, 1996, May Average, Italy, ITA
18.951, 1996, Jun Average, Italy, ITA
20.0901, 1996, Jul Average, Italy, ITA
20.4249, 1996, Aug Average, Italy, ITA
15.003, 1996, Sep Average, Italy, ITA
12.5314, 1996, Oct Average, Italy, ITA
9.35151, 1996, Nov Average, Italy, ITA
5.12406, 1996, Dec Average, Italy, ITA
5.17325, 1997, Jan Average, Italy, ITA
5.96297, 1997, Feb Average, Italy, ITA
8.5272, 1997, Mar Average, Italy, ITA
8.79435, 1997, Apr Average, Italy, ITA
15.1598, 1997, May Average, Italy, ITA
18.7293, 1997, Jun Average, Italy, ITA
20.2703, 1997, Jul Average, Italy, ITA
21.1808, 1997, Aug Average, Italy, ITA
18.6219, 1997, Sep Average, Italy, ITA
13.1502, 1997, Oct Average, Italy, ITA
9.10279, 1997, Nov Average, Italy, ITA
5.8087, 1997, Dec Average, Italy, ITA
5.08335, 1998, Jan Average, Italy, ITA
6.76904, 1998, Feb Average, Italy, ITA
6.81285, 1998, Mar Average, Italy, ITA
10.5573, 1998, Apr Average, Italy, ITA
15.071, 1998, May Average, Italy, ITA
19.5244, 1998, Jun Average, Italy, ITA
21.8455, 1998, Jul Average, Italy, ITA
22.1332, 1998, Aug Average, Italy, ITA
17.3852, 1998, Sep Average, Italy, ITA
13.2326, 1998, Oct Average, Italy, ITA
6.93635, 1998, Nov Average, Italy, ITA
3.7527, 1998, Dec Average, Italy, ITA
4.34152, 1999, Jan Average, Italy, ITA
3.24141, 1999, Feb Average, Italy, ITA
7.62146, 1999, Mar Average, Italy, ITA
10.63, 1999, Apr Average, Italy, ITA
16.0872, 1999, May Average, Italy, ITA
18.8609, 1999, Jun Average, Italy, ITA
21.5382, 1999, Jul Average, Italy, ITA
22.0622, 1999, Aug Average, Italy, ITA
19.2502, 1999, Sep Average, Italy, ITA
14.1825, 1999, Oct Average, Italy, ITA
7.95205, 1999, Nov Average, Italy, ITA
4.8147, 1999, Dec Average, Italy, ITA
2.67099, 2000, Jan Average, Italy, ITA
5.31232, 2000, Feb Average, Italy, ITA
7.505, 2000, Mar Average, Italy, ITA
11.6351, 2000, Apr Average, Italy, ITA
16.6256, 2000, May Average, Italy, ITA
19.9633, 2000, Jun Average, Italy, ITA
20.1555, 2000, Jul Average, Italy, ITA
22.1541, 2000, Aug Average, Italy, ITA
18.0468, 2000, Sep Average, Italy, ITA
13.9587, 2000, Oct Average, Italy, ITA
9.91343, 2000, Nov Average, Italy, ITA
6.46029, 2000, Dec Average, Italy, ITA
5.49452, 2001, Jan Average, Italy, ITA
5.7393, 2001, Feb Average, Italy, ITA
9.5156, 2001, Mar Average, Italy, ITA
9.65378, 2001, Apr Average, Italy, ITA
16.2021, 2001, May Average, Italy, ITA
18.2992, 2001, Jun Average, Italy, ITA
21.6171, 2001, Jul Average, Italy, ITA
22.6335, 2001, Aug Average, Italy, ITA
15.957, 2001, Sep Average, Italy, ITA
15.8366, 2001, Oct Average, Italy, ITA
8.02331, 2001, Nov Average, Italy, ITA
2.69979, 2001, Dec Average, Italy, ITA
3.37713, 2002, Jan Average, Italy, ITA
6.76659, 2002, Feb Average, Italy, ITA
9.03322, 2002, Mar Average, Italy, ITA
10.6967, 2002, Apr Average, Italy, ITA
15.2204, 2002, May Average, Italy, ITA
20.3511, 2002, Jun Average, Italy, ITA
21.3025, 2002, Jul Average, Italy, ITA
20.7305, 2002, Aug Average, Italy, ITA
16.6544, 2002, Sep Average, Italy, ITA
13.3262, 2002, Oct Average, Italy, ITA
10.6858, 2002, Nov Average, Italy, ITA
6.28554, 2002, Dec Average, Italy, ITA
4.13479, 2003, Jan Average, Italy, ITA
2.33829, 2003, Feb Average, Italy, ITA
7.58053, 2003, Mar Average, Italy, ITA
10.258, 2003, Apr Average, Italy, ITA
16.7838, 2003, May Average, Italy, ITA
21.2764, 2003, Jun Average, Italy, ITA
23.0771, 2003, Jul Average, Italy, ITA
23.9728, 2003, Aug Average, Italy, ITA
17.7521, 2003, Sep Average, Italy, ITA
12.3638, 2003, Oct Average, Italy, ITA
10.1217, 2003, Nov Average, Italy, ITA
5.59031, 2003, Dec Average, Italy, ITA
3.5621, 2004, Jan Average, Italy, ITA
5.08946, 2004, Feb Average, Italy, ITA
6.85365, 2004, Mar Average, Italy, ITA
10.595, 2004, Apr Average, Italy, ITA
13.3329, 2004, May Average, Italy, ITA
18.6399, 2004, Jun Average, Italy, ITA
21.2523, 2004, Jul Average, Italy, ITA
21.5972, 2004, Aug Average, Italy, ITA
18.0322, 2004, Sep Average, Italy, ITA
15.1392, 2004, Oct Average, Italy, ITA
8.66705, 2004, Nov Average, Italy, ITA
6.1343, 2004, Dec Average, Italy, ITA
3.12604, 2005, Jan Average, Italy, ITA
2.24905, 2005, Feb Average, Italy, ITA
6.67897, 2005, Mar Average, Italy, ITA
10.3168, 2005, Apr Average, Italy, ITA
15.6841, 2005, May Average, Italy, ITA
19.8305, 2005, Jun Average, Italy, ITA
21.8111, 2005, Jul Average, Italy, ITA
20.2248, 2005, Aug Average, Italy, ITA
18.1831, 2005, Sep Average, Italy, ITA
13.9921, 2005, Oct Average, Italy, ITA
8.33492, 2005, Nov Average, Italy, ITA
3.60968, 2005, Dec Average, Italy, ITA
2.66006, 2006, Jan Average, Italy, ITA
4.14445, 2006, Feb Average, Italy, ITA
6.44984, 2006, Mar Average, Italy, ITA
11.1155, 2006, Apr Average, Italy, ITA
15.3007, 2006, May Average, Italy, ITA
19.3704, 2006, Jun Average, Italy, ITA
23.5112, 2006, Jul Average, Italy, ITA
19.7056, 2006, Aug Average, Italy, ITA
19.0106, 2006, Sep Average, Italy, ITA
15.2524, 2006, Oct Average, Italy, ITA
9.82558, 2006, Nov Average, Italy, ITA
6.51285, 2006, Dec Average, Italy, ITA
6.4561, 2007, Jan Average, Italy, ITA
7.1364, 2007, Feb Average, Italy, ITA
8.25523, 2007, Mar Average, Italy, ITA
12.9679, 2007, Apr Average, Italy, ITA
16.1231, 2007, May Average, Italy, ITA
19.8538, 2007, Jun Average, Italy, ITA
21.7394, 2007, Jul Average, Italy, ITA
21.1405, 2007, Aug Average, Italy, ITA
16.7321, 2007, Sep Average, Italy, ITA
12.9443, 2007, Oct Average, Italy, ITA
7.69363, 2007, Nov Average, Italy, ITA
4.45087, 2007, Dec Average, Italy, ITA
5.6895, 2008, Jan Average, Italy, ITA
5.83318, 2008, Feb Average, Italy, ITA
7.35717, 2008, Mar Average, Italy, ITA
10.6462, 2008, Apr Average, Italy, ITA
15.8565, 2008, May Average, Italy, ITA
19.4962, 2008, Jun Average, Italy, ITA
21.6271, 2008, Jul Average, Italy, ITA
21.9038, 2008, Aug Average, Italy, ITA
17.0197, 2008, Sep Average, Italy, ITA
14.1087, 2008, Oct Average, Italy, ITA
9.07332, 2008, Nov Average, Italy, ITA
5.05206, 2008, Dec Average, Italy, ITA
3.89203, 2009, Jan Average, Italy, ITA
3.95335, 2009, Feb Average, Italy, ITA
7.16253, 2009, Mar Average, Italy, ITA
12.0011, 2009, Apr Average, Italy, ITA
16.8291, 2009, May Average, Italy, ITA
18.9194, 2009, Jun Average, Italy, ITA
21.9538, 2009, Jul Average, Italy, ITA
22.9449, 2009, Aug Average, Italy, ITA
18.8541, 2009, Sep Average, Italy, ITA
12.9961, 2009, Oct Average, Italy, ITA
9.7452, 2009, Nov Average, Italy, ITA
5.07416, 2009, Dec Average, Italy, ITA
3.04447, 2010, Jan Average, Italy, ITA
4.87282, 2010, Feb Average, Italy, ITA
7.05782, 2010, Mar Average, Italy, ITA
11.3313, 2010, Apr Average, Italy, ITA
14.2294, 2010, May Average, Italy, ITA
18.9213, 2010, Jun Average, Italy, ITA
22.946, 2010, Jul Average, Italy, ITA
21.2346, 2010, Aug Average, Italy, ITA
17.056, 2010, Sep Average, Italy, ITA
12.6292, 2010, Oct Average, Italy, ITA
9.33238, 2010, Nov Average, Italy, ITA
3.96193, 2010, Dec Average, Italy, ITA
4.22496, 2011, Jan Average, Italy, ITA
5.2406, 2011, Feb Average, Italy, ITA
7.78398, 2011, Mar Average, Italy, ITA
12.3634, 2011, Apr Average, Italy, ITA
15.8913, 2011, May Average, Italy, ITA
19.2431, 2011, Jun Average, Italy, ITA
20.7168, 2011, Jul Average, Italy, ITA
22.3195, 2011, Aug Average, Italy, ITA
20.0811, 2011, Sep Average, Italy, ITA
13.3784, 2011, Oct Average, Italy, ITA
9.94237, 2011, Nov Average, Italy, ITA
6.14018, 2011, Dec Average, Italy, ITA
4.06005, 2012, Jan Average, Italy, ITA
1.62498, 2012, Feb Average, Italy, ITA
9.24457, 2012, Mar Average, Italy, ITA
10.9042, 2012, Apr Average, Italy, ITA
15.0009, 2012, May Average, Italy, ITA
20.3516, 2012, Jun Average, Italy, ITA
22.3872, 2012, Jul Average, Italy, ITA
23.1782, 2012, Aug Average, Italy, ITA
18.5452, 2012, Sep Average, Italy, ITA
14.4468, 2012, Oct Average, Italy, ITA
10.6846, 2012, Nov Average, Italy, ITA
4.64118, 2012, Dec Average, Italy, ITA
4.48921, 2013, Jan Average, Italy, ITA
3.18437, 2013, Feb Average, Italy, ITA
6.94527, 2013, Mar Average, Italy, ITA
11.6374, 2013, Apr Average, Italy, ITA
14.0438, 2013, May Average, Italy, ITA
18.2495, 2013, Jun Average, Italy, ITA
22.4756, 2013, Jul Average, Italy, ITA
22.5234, 2013, Aug Average, Italy, ITA
18.112, 2013, Sep Average, Italy, ITA
14.994, 2013, Oct Average, Italy, ITA
9.12796, 2013, Nov Average, Italy, ITA
5.88498, 2013, Dec Average, Italy, ITA
6.28229, 2014, Jan Average, Italy, ITA
7.14873, 2014, Feb Average, Italy, ITA
9.06788, 2014, Mar Average, Italy, ITA
11.7857, 2014, Apr Average, Italy, ITA
14.1832, 2014, May Average, Italy, ITA
19.4585, 2014, Jun Average, Italy, ITA
20.713, 2014, Jul Average, Italy, ITA
20.5857, 2014, Aug Average, Italy, ITA
18.3533, 2014, Sep Average, Italy, ITA
15.1062, 2014, Oct Average, Italy, ITA
11.4827, 2014, Nov Average, Italy, ITA
6.23547, 2014, Dec Average, Italy, ITA
4.9772, 2015, Jan Average, Italy, ITA
4.77124, 2015, Feb Average, Italy, ITA
8.10788, 2015, Mar Average, Italy, ITA
11.0469, 2015, Apr Average, Italy, ITA
15.7676, 2015, May Average, Italy, ITA
19.8907, 2015, Jun Average, Italy, ITA
24.103, 2015, Jul Average, Italy, ITA
22.7576, 2015, Aug Average, Italy, ITA
17.9098, 2015, Sep Average, Italy, ITA
13.4919, 2015, Oct Average, Italy, ITA
10.1646, 2015, Nov Average, Italy, ITA
6.80853, 2015, Dec Average, Italy, ITA
5.21067, 2016, Jan Average, Italy, ITA
7.25791, 2016, Feb Average, Italy, ITA
7.71718, 2016, Mar Average, Italy, ITA
12.1082, 2016, Apr Average, Italy, ITA
14.5709, 2016, May Average, Italy, ITA
19.0788, 2016, Jun Average, Italy, ITA
22.2285, 2016, Jul Average, Italy, ITA
21.6519, 2016, Aug Average, Italy, ITA
19.1068, 2016, Sep Average, Italy, ITA
13.2983, 2016, Oct Average, Italy, ITA
9.45366, 2016, Nov Average, Italy, ITA
5.88849, 2016, Dec Average, Italy, ITA
