Temperature - (Celsius), Year, Statistics, Country, ISO3
21.7241, 1901, Jan Average, Ethiopia, ETH
24.0851, 1901, Feb Average, Ethiopia, ETH
24.1675, 1901, Mar Average, Ethiopia, ETH
24.0003, 1901, Apr Average, Ethiopia, ETH
24.0289, 1901, May Average, Ethiopia, ETH
23.0572, 1901, Jun Average, Ethiopia, ETH
23.6171, 1901, Jul Average, Ethiopia, ETH
22.9644, 1901, Aug Average, Ethiopia, ETH
23.4137, 1901, Sep Average, Ethiopia, ETH
22.7131, 1901, Oct Average, Ethiopia, ETH
21.7962, 1901, Nov Average, Ethiopia, ETH
21.605, 1901, Dec Average, Ethiopia, ETH
20.7026, 1902, Jan Average, Ethiopia, ETH
22.1317, 1902, Feb Average, Ethiopia, ETH
23.0557, 1902, Mar Average, Ethiopia, ETH
22.7779, 1902, Apr Average, Ethiopia, ETH
22.4055, 1902, May Average, Ethiopia, ETH
23.8268, 1902, Jun Average, Ethiopia, ETH
24.3366, 1902, Jul Average, Ethiopia, ETH
24.4434, 1902, Aug Average, Ethiopia, ETH
23.8363, 1902, Sep Average, Ethiopia, ETH
22.3466, 1902, Oct Average, Ethiopia, ETH
21.4033, 1902, Nov Average, Ethiopia, ETH
20.5571, 1902, Dec Average, Ethiopia, ETH
22.1631, 1903, Jan Average, Ethiopia, ETH
22.7757, 1903, Feb Average, Ethiopia, ETH
23.7389, 1903, Mar Average, Ethiopia, ETH
24.565, 1903, Apr Average, Ethiopia, ETH
23.7249, 1903, May Average, Ethiopia, ETH
23.6262, 1903, Jun Average, Ethiopia, ETH
23.7749, 1903, Jul Average, Ethiopia, ETH
22.8165, 1903, Aug Average, Ethiopia, ETH
22.6564, 1903, Sep Average, Ethiopia, ETH
22.0548, 1903, Oct Average, Ethiopia, ETH
20.6571, 1903, Nov Average, Ethiopia, ETH
20.6413, 1903, Dec Average, Ethiopia, ETH
20.5097, 1904, Jan Average, Ethiopia, ETH
22.4281, 1904, Feb Average, Ethiopia, ETH
23.2811, 1904, Mar Average, Ethiopia, ETH
23.9439, 1904, Apr Average, Ethiopia, ETH
23.7758, 1904, May Average, Ethiopia, ETH
24.2107, 1904, Jun Average, Ethiopia, ETH
23.0834, 1904, Jul Average, Ethiopia, ETH
23.4062, 1904, Aug Average, Ethiopia, ETH
22.4358, 1904, Sep Average, Ethiopia, ETH
21.191, 1904, Oct Average, Ethiopia, ETH
20.6261, 1904, Nov Average, Ethiopia, ETH
19.673, 1904, Dec Average, Ethiopia, ETH
21.211, 1905, Jan Average, Ethiopia, ETH
20.8135, 1905, Feb Average, Ethiopia, ETH
22.0963, 1905, Mar Average, Ethiopia, ETH
22.6967, 1905, Apr Average, Ethiopia, ETH
22.5889, 1905, May Average, Ethiopia, ETH
23.5661, 1905, Jun Average, Ethiopia, ETH
23.2191, 1905, Jul Average, Ethiopia, ETH
22.3629, 1905, Aug Average, Ethiopia, ETH
22.7652, 1905, Sep Average, Ethiopia, ETH
22.8185, 1905, Oct Average, Ethiopia, ETH
22.134, 1905, Nov Average, Ethiopia, ETH
21.3131, 1905, Dec Average, Ethiopia, ETH
20.7055, 1906, Jan Average, Ethiopia, ETH
23.5289, 1906, Feb Average, Ethiopia, ETH
23.3152, 1906, Mar Average, Ethiopia, ETH
23.5329, 1906, Apr Average, Ethiopia, ETH
24.6989, 1906, May Average, Ethiopia, ETH
24.616, 1906, Jun Average, Ethiopia, ETH
23.0619, 1906, Jul Average, Ethiopia, ETH
22.887, 1906, Aug Average, Ethiopia, ETH
23.1055, 1906, Sep Average, Ethiopia, ETH
22.1631, 1906, Oct Average, Ethiopia, ETH
20.5203, 1906, Nov Average, Ethiopia, ETH
19.2774, 1906, Dec Average, Ethiopia, ETH
20.2492, 1907, Jan Average, Ethiopia, ETH
22.8347, 1907, Feb Average, Ethiopia, ETH
23.9478, 1907, Mar Average, Ethiopia, ETH
24.1862, 1907, Apr Average, Ethiopia, ETH
24.1146, 1907, May Average, Ethiopia, ETH
23.9717, 1907, Jun Average, Ethiopia, ETH
22.7819, 1907, Jul Average, Ethiopia, ETH
21.8481, 1907, Aug Average, Ethiopia, ETH
22.5441, 1907, Sep Average, Ethiopia, ETH
22.0866, 1907, Oct Average, Ethiopia, ETH
20.6291, 1907, Nov Average, Ethiopia, ETH
18.4097, 1907, Dec Average, Ethiopia, ETH
20.8246, 1908, Jan Average, Ethiopia, ETH
21.5568, 1908, Feb Average, Ethiopia, ETH
24.6603, 1908, Mar Average, Ethiopia, ETH
25.0171, 1908, Apr Average, Ethiopia, ETH
25.8102, 1908, May Average, Ethiopia, ETH
24.3416, 1908, Jun Average, Ethiopia, ETH
22.8864, 1908, Jul Average, Ethiopia, ETH
22.3455, 1908, Aug Average, Ethiopia, ETH
23.8688, 1908, Sep Average, Ethiopia, ETH
25.0567, 1908, Oct Average, Ethiopia, ETH
20.0591, 1908, Nov Average, Ethiopia, ETH
19.1077, 1908, Dec Average, Ethiopia, ETH
19.7535, 1909, Jan Average, Ethiopia, ETH
21.4532, 1909, Feb Average, Ethiopia, ETH
22.781, 1909, Mar Average, Ethiopia, ETH
22.1706, 1909, Apr Average, Ethiopia, ETH
23.1847, 1909, May Average, Ethiopia, ETH
22.559, 1909, Jun Average, Ethiopia, ETH
22.9746, 1909, Jul Average, Ethiopia, ETH
22.7478, 1909, Aug Average, Ethiopia, ETH
22.5912, 1909, Sep Average, Ethiopia, ETH
21.9736, 1909, Oct Average, Ethiopia, ETH
20.6641, 1909, Nov Average, Ethiopia, ETH
20.7937, 1909, Dec Average, Ethiopia, ETH
20.7414, 1910, Jan Average, Ethiopia, ETH
22.2552, 1910, Feb Average, Ethiopia, ETH
23.4544, 1910, Mar Average, Ethiopia, ETH
24.4535, 1910, Apr Average, Ethiopia, ETH
24.4584, 1910, May Average, Ethiopia, ETH
24.137, 1910, Jun Average, Ethiopia, ETH
23.7962, 1910, Jul Average, Ethiopia, ETH
22.9087, 1910, Aug Average, Ethiopia, ETH
22.3106, 1910, Sep Average, Ethiopia, ETH
21.868, 1910, Oct Average, Ethiopia, ETH
21.2212, 1910, Nov Average, Ethiopia, ETH
21.4907, 1910, Dec Average, Ethiopia, ETH
21.7557, 1911, Jan Average, Ethiopia, ETH
21.8844, 1911, Feb Average, Ethiopia, ETH
23.8439, 1911, Mar Average, Ethiopia, ETH
23.7728, 1911, Apr Average, Ethiopia, ETH
23.989, 1911, May Average, Ethiopia, ETH
24.1147, 1911, Jun Average, Ethiopia, ETH
22.6266, 1911, Jul Average, Ethiopia, ETH
22.4999, 1911, Aug Average, Ethiopia, ETH
22.5638, 1911, Sep Average, Ethiopia, ETH
22.5296, 1911, Oct Average, Ethiopia, ETH
21.6621, 1911, Nov Average, Ethiopia, ETH
20.8034, 1911, Dec Average, Ethiopia, ETH
19.9869, 1912, Jan Average, Ethiopia, ETH
21.4388, 1912, Feb Average, Ethiopia, ETH
22.3222, 1912, Mar Average, Ethiopia, ETH
22.4829, 1912, Apr Average, Ethiopia, ETH
22.8962, 1912, May Average, Ethiopia, ETH
22.9777, 1912, Jun Average, Ethiopia, ETH
21.4491, 1912, Jul Average, Ethiopia, ETH
21.2461, 1912, Aug Average, Ethiopia, ETH
21.6282, 1912, Sep Average, Ethiopia, ETH
21.2352, 1912, Oct Average, Ethiopia, ETH
20.85, 1912, Nov Average, Ethiopia, ETH
19.1992, 1912, Dec Average, Ethiopia, ETH
20.0207, 1913, Jan Average, Ethiopia, ETH
21.0701, 1913, Feb Average, Ethiopia, ETH
20.8848, 1913, Mar Average, Ethiopia, ETH
22.9366, 1913, Apr Average, Ethiopia, ETH
22.9397, 1913, May Average, Ethiopia, ETH
22.1696, 1913, Jun Average, Ethiopia, ETH
22.2484, 1913, Jul Average, Ethiopia, ETH
21.834, 1913, Aug Average, Ethiopia, ETH
22.7972, 1913, Sep Average, Ethiopia, ETH
21.6158, 1913, Oct Average, Ethiopia, ETH
19.8467, 1913, Nov Average, Ethiopia, ETH
19.3508, 1913, Dec Average, Ethiopia, ETH
21.6481, 1914, Jan Average, Ethiopia, ETH
21.7914, 1914, Feb Average, Ethiopia, ETH
23.3831, 1914, Mar Average, Ethiopia, ETH
22.5897, 1914, Apr Average, Ethiopia, ETH
22.8678, 1914, May Average, Ethiopia, ETH
23.4641, 1914, Jun Average, Ethiopia, ETH
21.9222, 1914, Jul Average, Ethiopia, ETH
21.5758, 1914, Aug Average, Ethiopia, ETH
22.1501, 1914, Sep Average, Ethiopia, ETH
21.5797, 1914, Oct Average, Ethiopia, ETH
21.3107, 1914, Nov Average, Ethiopia, ETH
21.0724, 1914, Dec Average, Ethiopia, ETH
21.5122, 1915, Jan Average, Ethiopia, ETH
22.6098, 1915, Feb Average, Ethiopia, ETH
23.3741, 1915, Mar Average, Ethiopia, ETH
23.7739, 1915, Apr Average, Ethiopia, ETH
23.0311, 1915, May Average, Ethiopia, ETH
23.0501, 1915, Jun Average, Ethiopia, ETH
22.5619, 1915, Jul Average, Ethiopia, ETH
22.0065, 1915, Aug Average, Ethiopia, ETH
22.3176, 1915, Sep Average, Ethiopia, ETH
21.9468, 1915, Oct Average, Ethiopia, ETH
21.5335, 1915, Nov Average, Ethiopia, ETH
20.1262, 1915, Dec Average, Ethiopia, ETH
19.3499, 1916, Jan Average, Ethiopia, ETH
22.2209, 1916, Feb Average, Ethiopia, ETH
22.5326, 1916, Mar Average, Ethiopia, ETH
23.3499, 1916, Apr Average, Ethiopia, ETH
23.0587, 1916, May Average, Ethiopia, ETH
22.6141, 1916, Jun Average, Ethiopia, ETH
21.4625, 1916, Jul Average, Ethiopia, ETH
20.9784, 1916, Aug Average, Ethiopia, ETH
21.2755, 1916, Sep Average, Ethiopia, ETH
21.3478, 1916, Oct Average, Ethiopia, ETH
21.1715, 1916, Nov Average, Ethiopia, ETH
19.9527, 1916, Dec Average, Ethiopia, ETH
20.6073, 1917, Jan Average, Ethiopia, ETH
22.1146, 1917, Feb Average, Ethiopia, ETH
21.8182, 1917, Mar Average, Ethiopia, ETH
22.5295, 1917, Apr Average, Ethiopia, ETH
22.3372, 1917, May Average, Ethiopia, ETH
22.3939, 1917, Jun Average, Ethiopia, ETH
22.4435, 1917, Jul Average, Ethiopia, ETH
21.9011, 1917, Aug Average, Ethiopia, ETH
21.5214, 1917, Sep Average, Ethiopia, ETH
21.1519, 1917, Oct Average, Ethiopia, ETH
21.0097, 1917, Nov Average, Ethiopia, ETH
20.2623, 1917, Dec Average, Ethiopia, ETH
19.9013, 1918, Jan Average, Ethiopia, ETH
21.7516, 1918, Feb Average, Ethiopia, ETH
22.4058, 1918, Mar Average, Ethiopia, ETH
22.1163, 1918, Apr Average, Ethiopia, ETH
22.8004, 1918, May Average, Ethiopia, ETH
22.8618, 1918, Jun Average, Ethiopia, ETH
22.2933, 1918, Jul Average, Ethiopia, ETH
21.6009, 1918, Aug Average, Ethiopia, ETH
22.3129, 1918, Sep Average, Ethiopia, ETH
21.7735, 1918, Oct Average, Ethiopia, ETH
20.7272, 1918, Nov Average, Ethiopia, ETH
20.3996, 1918, Dec Average, Ethiopia, ETH
22.2757, 1919, Jan Average, Ethiopia, ETH
22.7828, 1919, Feb Average, Ethiopia, ETH
23.4491, 1919, Mar Average, Ethiopia, ETH
22.4588, 1919, Apr Average, Ethiopia, ETH
22.9397, 1919, May Average, Ethiopia, ETH
22.5573, 1919, Jun Average, Ethiopia, ETH
21.8415, 1919, Jul Average, Ethiopia, ETH
22.4279, 1919, Aug Average, Ethiopia, ETH
22.4497, 1919, Sep Average, Ethiopia, ETH
21.3451, 1919, Oct Average, Ethiopia, ETH
20.2489, 1919, Nov Average, Ethiopia, ETH
19.8383, 1919, Dec Average, Ethiopia, ETH
20.0013, 1920, Jan Average, Ethiopia, ETH
20.2289, 1920, Feb Average, Ethiopia, ETH
21.7377, 1920, Mar Average, Ethiopia, ETH
22.0524, 1920, Apr Average, Ethiopia, ETH
22.1513, 1920, May Average, Ethiopia, ETH
22.2775, 1920, Jun Average, Ethiopia, ETH
21.6679, 1920, Jul Average, Ethiopia, ETH
20.6618, 1920, Aug Average, Ethiopia, ETH
21.9654, 1920, Sep Average, Ethiopia, ETH
21.7686, 1920, Oct Average, Ethiopia, ETH
21.1872, 1920, Nov Average, Ethiopia, ETH
19.1087, 1920, Dec Average, Ethiopia, ETH
20.1445, 1921, Jan Average, Ethiopia, ETH
20.8468, 1921, Feb Average, Ethiopia, ETH
22.1124, 1921, Mar Average, Ethiopia, ETH
24.4675, 1921, Apr Average, Ethiopia, ETH
23.2851, 1921, May Average, Ethiopia, ETH
23.1681, 1921, Jun Average, Ethiopia, ETH
22.7784, 1921, Jul Average, Ethiopia, ETH
21.6236, 1921, Aug Average, Ethiopia, ETH
22.6984, 1921, Sep Average, Ethiopia, ETH
22.2859, 1921, Oct Average, Ethiopia, ETH
21.9846, 1921, Nov Average, Ethiopia, ETH
22.4889, 1921, Dec Average, Ethiopia, ETH
22.1876, 1922, Jan Average, Ethiopia, ETH
23.0422, 1922, Feb Average, Ethiopia, ETH
23.271, 1922, Mar Average, Ethiopia, ETH
24.0435, 1922, Apr Average, Ethiopia, ETH
23.4634, 1922, May Average, Ethiopia, ETH
24.3863, 1922, Jun Average, Ethiopia, ETH
21.64, 1922, Jul Average, Ethiopia, ETH
21.3949, 1922, Aug Average, Ethiopia, ETH
22.3695, 1922, Sep Average, Ethiopia, ETH
22.1817, 1922, Oct Average, Ethiopia, ETH
22.4715, 1922, Nov Average, Ethiopia, ETH
21.4236, 1922, Dec Average, Ethiopia, ETH
22.5083, 1923, Jan Average, Ethiopia, ETH
21.6757, 1923, Feb Average, Ethiopia, ETH
23.329, 1923, Mar Average, Ethiopia, ETH
22.9069, 1923, Apr Average, Ethiopia, ETH
22.9126, 1923, May Average, Ethiopia, ETH
23.0492, 1923, Jun Average, Ethiopia, ETH
21.7969, 1923, Jul Average, Ethiopia, ETH
21.1739, 1923, Aug Average, Ethiopia, ETH
22.1785, 1923, Sep Average, Ethiopia, ETH
21.4797, 1923, Oct Average, Ethiopia, ETH
20.5581, 1923, Nov Average, Ethiopia, ETH
20.7696, 1923, Dec Average, Ethiopia, ETH
22.0668, 1924, Jan Average, Ethiopia, ETH
23.7048, 1924, Feb Average, Ethiopia, ETH
24.7852, 1924, Mar Average, Ethiopia, ETH
24.4726, 1924, Apr Average, Ethiopia, ETH
23.843, 1924, May Average, Ethiopia, ETH
24.1946, 1924, Jun Average, Ethiopia, ETH
23.5096, 1924, Jul Average, Ethiopia, ETH
23.0476, 1924, Aug Average, Ethiopia, ETH
23.0772, 1924, Sep Average, Ethiopia, ETH
23.1042, 1924, Oct Average, Ethiopia, ETH
22.2362, 1924, Nov Average, Ethiopia, ETH
21.9713, 1924, Dec Average, Ethiopia, ETH
19.8816, 1925, Jan Average, Ethiopia, ETH
20.9838, 1925, Feb Average, Ethiopia, ETH
23.4642, 1925, Mar Average, Ethiopia, ETH
23.813, 1925, Apr Average, Ethiopia, ETH
23.9783, 1925, May Average, Ethiopia, ETH
24.2697, 1925, Jun Average, Ethiopia, ETH
23.9517, 1925, Jul Average, Ethiopia, ETH
23.5254, 1925, Aug Average, Ethiopia, ETH
23.4888, 1925, Sep Average, Ethiopia, ETH
22.0914, 1925, Oct Average, Ethiopia, ETH
21.5068, 1925, Nov Average, Ethiopia, ETH
21.2308, 1925, Dec Average, Ethiopia, ETH
20.6085, 1926, Jan Average, Ethiopia, ETH
22.323, 1926, Feb Average, Ethiopia, ETH
22.197, 1926, Mar Average, Ethiopia, ETH
22.7781, 1926, Apr Average, Ethiopia, ETH
24.5289, 1926, May Average, Ethiopia, ETH
24.4253, 1926, Jun Average, Ethiopia, ETH
23.4369, 1926, Jul Average, Ethiopia, ETH
23.8871, 1926, Aug Average, Ethiopia, ETH
23.7678, 1926, Sep Average, Ethiopia, ETH
22.2394, 1926, Oct Average, Ethiopia, ETH
20.959, 1926, Nov Average, Ethiopia, ETH
20.3052, 1926, Dec Average, Ethiopia, ETH
22.403, 1927, Jan Average, Ethiopia, ETH
22.1654, 1927, Feb Average, Ethiopia, ETH
23.4342, 1927, Mar Average, Ethiopia, ETH
22.0191, 1927, Apr Average, Ethiopia, ETH
22.8784, 1927, May Average, Ethiopia, ETH
23.09, 1927, Jun Average, Ethiopia, ETH
22.3521, 1927, Jul Average, Ethiopia, ETH
23.2572, 1927, Aug Average, Ethiopia, ETH
23.2732, 1927, Sep Average, Ethiopia, ETH
23.6021, 1927, Oct Average, Ethiopia, ETH
22.6144, 1927, Nov Average, Ethiopia, ETH
22.8265, 1927, Dec Average, Ethiopia, ETH
22.882, 1928, Jan Average, Ethiopia, ETH
23.1225, 1928, Feb Average, Ethiopia, ETH
25.2087, 1928, Mar Average, Ethiopia, ETH
25.128, 1928, Apr Average, Ethiopia, ETH
24.4435, 1928, May Average, Ethiopia, ETH
23.8408, 1928, Jun Average, Ethiopia, ETH
23.2726, 1928, Jul Average, Ethiopia, ETH
22.5589, 1928, Aug Average, Ethiopia, ETH
23.9178, 1928, Sep Average, Ethiopia, ETH
23.2313, 1928, Oct Average, Ethiopia, ETH
22.4116, 1928, Nov Average, Ethiopia, ETH
21.7611, 1928, Dec Average, Ethiopia, ETH
20.913, 1929, Jan Average, Ethiopia, ETH
23.8161, 1929, Feb Average, Ethiopia, ETH
24.0752, 1929, Mar Average, Ethiopia, ETH
23.3289, 1929, Apr Average, Ethiopia, ETH
23.3583, 1929, May Average, Ethiopia, ETH
22.6432, 1929, Jun Average, Ethiopia, ETH
20.6621, 1929, Jul Average, Ethiopia, ETH
21.0795, 1929, Aug Average, Ethiopia, ETH
21.7875, 1929, Sep Average, Ethiopia, ETH
21.6883, 1929, Oct Average, Ethiopia, ETH
21.0022, 1929, Nov Average, Ethiopia, ETH
19.6222, 1929, Dec Average, Ethiopia, ETH
20.0724, 1930, Jan Average, Ethiopia, ETH
22.3626, 1930, Feb Average, Ethiopia, ETH
22.3376, 1930, Mar Average, Ethiopia, ETH
22.9368, 1930, Apr Average, Ethiopia, ETH
22.6344, 1930, May Average, Ethiopia, ETH
21.9403, 1930, Jun Average, Ethiopia, ETH
21.3704, 1930, Jul Average, Ethiopia, ETH
21.2617, 1930, Aug Average, Ethiopia, ETH
22.2856, 1930, Sep Average, Ethiopia, ETH
21.5903, 1930, Oct Average, Ethiopia, ETH
20.5291, 1930, Nov Average, Ethiopia, ETH
21.0067, 1930, Dec Average, Ethiopia, ETH
21.6607, 1931, Jan Average, Ethiopia, ETH
23.1423, 1931, Feb Average, Ethiopia, ETH
23.2194, 1931, Mar Average, Ethiopia, ETH
23.4622, 1931, Apr Average, Ethiopia, ETH
23.8859, 1931, May Average, Ethiopia, ETH
23.9254, 1931, Jun Average, Ethiopia, ETH
22.9414, 1931, Jul Average, Ethiopia, ETH
22.0883, 1931, Aug Average, Ethiopia, ETH
22.79, 1931, Sep Average, Ethiopia, ETH
22.6113, 1931, Oct Average, Ethiopia, ETH
21.6214, 1931, Nov Average, Ethiopia, ETH
21.0829, 1931, Dec Average, Ethiopia, ETH
20.8173, 1932, Jan Average, Ethiopia, ETH
23.0156, 1932, Feb Average, Ethiopia, ETH
22.7664, 1932, Mar Average, Ethiopia, ETH
23.176, 1932, Apr Average, Ethiopia, ETH
22.3773, 1932, May Average, Ethiopia, ETH
22.8418, 1932, Jun Average, Ethiopia, ETH
21.525, 1932, Jul Average, Ethiopia, ETH
21.3217, 1932, Aug Average, Ethiopia, ETH
22.1746, 1932, Sep Average, Ethiopia, ETH
21.8891, 1932, Oct Average, Ethiopia, ETH
21.1483, 1932, Nov Average, Ethiopia, ETH
20.0783, 1932, Dec Average, Ethiopia, ETH
21.9086, 1933, Jan Average, Ethiopia, ETH
23.3144, 1933, Feb Average, Ethiopia, ETH
24.1148, 1933, Mar Average, Ethiopia, ETH
23.7127, 1933, Apr Average, Ethiopia, ETH
23.846, 1933, May Average, Ethiopia, ETH
23.5673, 1933, Jun Average, Ethiopia, ETH
22.5532, 1933, Jul Average, Ethiopia, ETH
21.7871, 1933, Aug Average, Ethiopia, ETH
22.2399, 1933, Sep Average, Ethiopia, ETH
22.3227, 1933, Oct Average, Ethiopia, ETH
22.1502, 1933, Nov Average, Ethiopia, ETH
21.3461, 1933, Dec Average, Ethiopia, ETH
21.0928, 1934, Jan Average, Ethiopia, ETH
21.1888, 1934, Feb Average, Ethiopia, ETH
23.2774, 1934, Mar Average, Ethiopia, ETH
24.1085, 1934, Apr Average, Ethiopia, ETH
23.5377, 1934, May Average, Ethiopia, ETH
22.8817, 1934, Jun Average, Ethiopia, ETH
22.1792, 1934, Jul Average, Ethiopia, ETH
21.8551, 1934, Aug Average, Ethiopia, ETH
22.6063, 1934, Sep Average, Ethiopia, ETH
22.5563, 1934, Oct Average, Ethiopia, ETH
22.1907, 1934, Nov Average, Ethiopia, ETH
20.7342, 1934, Dec Average, Ethiopia, ETH
22.7305, 1935, Jan Average, Ethiopia, ETH
22.6579, 1935, Feb Average, Ethiopia, ETH
24.6497, 1935, Mar Average, Ethiopia, ETH
23.2964, 1935, Apr Average, Ethiopia, ETH
22.8871, 1935, May Average, Ethiopia, ETH
22.5548, 1935, Jun Average, Ethiopia, ETH
21.9445, 1935, Jul Average, Ethiopia, ETH
21.0394, 1935, Aug Average, Ethiopia, ETH
22.3087, 1935, Sep Average, Ethiopia, ETH
22.355, 1935, Oct Average, Ethiopia, ETH
21.1935, 1935, Nov Average, Ethiopia, ETH
21.1873, 1935, Dec Average, Ethiopia, ETH
20.7834, 1936, Jan Average, Ethiopia, ETH
22.9742, 1936, Feb Average, Ethiopia, ETH
24.0887, 1936, Mar Average, Ethiopia, ETH
24.0645, 1936, Apr Average, Ethiopia, ETH
24.5034, 1936, May Average, Ethiopia, ETH
22.9222, 1936, Jun Average, Ethiopia, ETH
21.6319, 1936, Jul Average, Ethiopia, ETH
21.3196, 1936, Aug Average, Ethiopia, ETH
22.1042, 1936, Sep Average, Ethiopia, ETH
22.6965, 1936, Oct Average, Ethiopia, ETH
22.2021, 1936, Nov Average, Ethiopia, ETH
21.3769, 1936, Dec Average, Ethiopia, ETH
20.8978, 1937, Jan Average, Ethiopia, ETH
23.2065, 1937, Feb Average, Ethiopia, ETH
23.4416, 1937, Mar Average, Ethiopia, ETH
24.2802, 1937, Apr Average, Ethiopia, ETH
23.8286, 1937, May Average, Ethiopia, ETH
23.5318, 1937, Jun Average, Ethiopia, ETH
22.0303, 1937, Jul Average, Ethiopia, ETH
21.9779, 1937, Aug Average, Ethiopia, ETH
22.9924, 1937, Sep Average, Ethiopia, ETH
22.7407, 1937, Oct Average, Ethiopia, ETH
21.7756, 1937, Nov Average, Ethiopia, ETH
21.6075, 1937, Dec Average, Ethiopia, ETH
21.6301, 1938, Jan Average, Ethiopia, ETH
23.0966, 1938, Feb Average, Ethiopia, ETH
22.9997, 1938, Mar Average, Ethiopia, ETH
25.2633, 1938, Apr Average, Ethiopia, ETH
23.3615, 1938, May Average, Ethiopia, ETH
23.0381, 1938, Jun Average, Ethiopia, ETH
21.5406, 1938, Jul Average, Ethiopia, ETH
21.2408, 1938, Aug Average, Ethiopia, ETH
21.8419, 1938, Sep Average, Ethiopia, ETH
22.1828, 1938, Oct Average, Ethiopia, ETH
21.5923, 1938, Nov Average, Ethiopia, ETH
21.2899, 1938, Dec Average, Ethiopia, ETH
21.5131, 1939, Jan Average, Ethiopia, ETH
22.7633, 1939, Feb Average, Ethiopia, ETH
24.0513, 1939, Mar Average, Ethiopia, ETH
24.4109, 1939, Apr Average, Ethiopia, ETH
24.4929, 1939, May Average, Ethiopia, ETH
23.4901, 1939, Jun Average, Ethiopia, ETH
22.9671, 1939, Jul Average, Ethiopia, ETH
22.735, 1939, Aug Average, Ethiopia, ETH
23.0482, 1939, Sep Average, Ethiopia, ETH
22.7463, 1939, Oct Average, Ethiopia, ETH
22.2398, 1939, Nov Average, Ethiopia, ETH
22.3819, 1939, Dec Average, Ethiopia, ETH
22.2575, 1940, Jan Average, Ethiopia, ETH
23.4024, 1940, Feb Average, Ethiopia, ETH
23.2418, 1940, Mar Average, Ethiopia, ETH
24.5215, 1940, Apr Average, Ethiopia, ETH
24.4973, 1940, May Average, Ethiopia, ETH
24.3828, 1940, Jun Average, Ethiopia, ETH
22.767, 1940, Jul Average, Ethiopia, ETH
22.6296, 1940, Aug Average, Ethiopia, ETH
23.6352, 1940, Sep Average, Ethiopia, ETH
23.055, 1940, Oct Average, Ethiopia, ETH
22.1178, 1940, Nov Average, Ethiopia, ETH
22.113, 1940, Dec Average, Ethiopia, ETH
21.683, 1941, Jan Average, Ethiopia, ETH
23.1429, 1941, Feb Average, Ethiopia, ETH
23.6555, 1941, Mar Average, Ethiopia, ETH
24.4491, 1941, Apr Average, Ethiopia, ETH
23.9285, 1941, May Average, Ethiopia, ETH
23.018, 1941, Jun Average, Ethiopia, ETH
22.5979, 1941, Jul Average, Ethiopia, ETH
22.0776, 1941, Aug Average, Ethiopia, ETH
22.7725, 1941, Sep Average, Ethiopia, ETH
22.3541, 1941, Oct Average, Ethiopia, ETH
21.471, 1941, Nov Average, Ethiopia, ETH
20.3963, 1941, Dec Average, Ethiopia, ETH
21.3551, 1942, Jan Average, Ethiopia, ETH
23.1863, 1942, Feb Average, Ethiopia, ETH
23.4513, 1942, Mar Average, Ethiopia, ETH
24.1567, 1942, Apr Average, Ethiopia, ETH
23.3871, 1942, May Average, Ethiopia, ETH
23.6706, 1942, Jun Average, Ethiopia, ETH
21.4902, 1942, Jul Average, Ethiopia, ETH
21.5337, 1942, Aug Average, Ethiopia, ETH
22.2899, 1942, Sep Average, Ethiopia, ETH
22.1497, 1942, Oct Average, Ethiopia, ETH
21.7523, 1942, Nov Average, Ethiopia, ETH
21.1424, 1942, Dec Average, Ethiopia, ETH
20.9707, 1943, Jan Average, Ethiopia, ETH
21.2451, 1943, Feb Average, Ethiopia, ETH
22.4927, 1943, Mar Average, Ethiopia, ETH
22.9832, 1943, Apr Average, Ethiopia, ETH
23.5322, 1943, May Average, Ethiopia, ETH
22.5623, 1943, Jun Average, Ethiopia, ETH
21.921, 1943, Jul Average, Ethiopia, ETH
21.3553, 1943, Aug Average, Ethiopia, ETH
21.9609, 1943, Sep Average, Ethiopia, ETH
21.647, 1943, Oct Average, Ethiopia, ETH
21.6858, 1943, Nov Average, Ethiopia, ETH
21.5215, 1943, Dec Average, Ethiopia, ETH
21.2492, 1944, Jan Average, Ethiopia, ETH
22.2178, 1944, Feb Average, Ethiopia, ETH
23.6503, 1944, Mar Average, Ethiopia, ETH
23.8153, 1944, Apr Average, Ethiopia, ETH
23.5728, 1944, May Average, Ethiopia, ETH
23.5848, 1944, Jun Average, Ethiopia, ETH
21.8653, 1944, Jul Average, Ethiopia, ETH
21.994, 1944, Aug Average, Ethiopia, ETH
22.2402, 1944, Sep Average, Ethiopia, ETH
22.365, 1944, Oct Average, Ethiopia, ETH
21.0366, 1944, Nov Average, Ethiopia, ETH
20.7232, 1944, Dec Average, Ethiopia, ETH
21.6228, 1945, Jan Average, Ethiopia, ETH
21.2477, 1945, Feb Average, Ethiopia, ETH
23.0505, 1945, Mar Average, Ethiopia, ETH
24.1858, 1945, Apr Average, Ethiopia, ETH
23.3366, 1945, May Average, Ethiopia, ETH
22.8688, 1945, Jun Average, Ethiopia, ETH
22.3136, 1945, Jul Average, Ethiopia, ETH
21.4945, 1945, Aug Average, Ethiopia, ETH
21.9556, 1945, Sep Average, Ethiopia, ETH
21.5787, 1945, Oct Average, Ethiopia, ETH
21.2418, 1945, Nov Average, Ethiopia, ETH
20.6201, 1945, Dec Average, Ethiopia, ETH
21.3893, 1946, Jan Average, Ethiopia, ETH
22.8353, 1946, Feb Average, Ethiopia, ETH
23.1612, 1946, Mar Average, Ethiopia, ETH
23.5781, 1946, Apr Average, Ethiopia, ETH
24.0602, 1946, May Average, Ethiopia, ETH
22.8067, 1946, Jun Average, Ethiopia, ETH
22.3589, 1946, Jul Average, Ethiopia, ETH
21.7309, 1946, Aug Average, Ethiopia, ETH
22.8511, 1946, Sep Average, Ethiopia, ETH
22.556, 1946, Oct Average, Ethiopia, ETH
21.743, 1946, Nov Average, Ethiopia, ETH
21.3198, 1946, Dec Average, Ethiopia, ETH
21.5147, 1947, Jan Average, Ethiopia, ETH
22.5175, 1947, Feb Average, Ethiopia, ETH
23.0662, 1947, Mar Average, Ethiopia, ETH
23.3499, 1947, Apr Average, Ethiopia, ETH
23.6615, 1947, May Average, Ethiopia, ETH
24.2088, 1947, Jun Average, Ethiopia, ETH
22.8904, 1947, Jul Average, Ethiopia, ETH
22.2831, 1947, Aug Average, Ethiopia, ETH
22.491, 1947, Sep Average, Ethiopia, ETH
22.4399, 1947, Oct Average, Ethiopia, ETH
21.9831, 1947, Nov Average, Ethiopia, ETH
21.4606, 1947, Dec Average, Ethiopia, ETH
21.9638, 1948, Jan Average, Ethiopia, ETH
22.4767, 1948, Feb Average, Ethiopia, ETH
22.8258, 1948, Mar Average, Ethiopia, ETH
23.8782, 1948, Apr Average, Ethiopia, ETH
23.9486, 1948, May Average, Ethiopia, ETH
22.1176, 1948, Jun Average, Ethiopia, ETH
22.2563, 1948, Jul Average, Ethiopia, ETH
21.684, 1948, Aug Average, Ethiopia, ETH
22.2993, 1948, Sep Average, Ethiopia, ETH
21.472, 1948, Oct Average, Ethiopia, ETH
20.4623, 1948, Nov Average, Ethiopia, ETH
20.4136, 1948, Dec Average, Ethiopia, ETH
20.9221, 1949, Jan Average, Ethiopia, ETH
21.3425, 1949, Feb Average, Ethiopia, ETH
23.3288, 1949, Mar Average, Ethiopia, ETH
23.8004, 1949, Apr Average, Ethiopia, ETH
23.2183, 1949, May Average, Ethiopia, ETH
22.6276, 1949, Jun Average, Ethiopia, ETH
21.8726, 1949, Jul Average, Ethiopia, ETH
21.7819, 1949, Aug Average, Ethiopia, ETH
21.8139, 1949, Sep Average, Ethiopia, ETH
22.1488, 1949, Oct Average, Ethiopia, ETH
21.1494, 1949, Nov Average, Ethiopia, ETH
19.7045, 1949, Dec Average, Ethiopia, ETH
20.9125, 1950, Jan Average, Ethiopia, ETH
21.4964, 1950, Feb Average, Ethiopia, ETH
23.4833, 1950, Mar Average, Ethiopia, ETH
23.8269, 1950, Apr Average, Ethiopia, ETH
23.7042, 1950, May Average, Ethiopia, ETH
22.9919, 1950, Jun Average, Ethiopia, ETH
21.5824, 1950, Jul Average, Ethiopia, ETH
21.2542, 1950, Aug Average, Ethiopia, ETH
21.6989, 1950, Sep Average, Ethiopia, ETH
21.383, 1950, Oct Average, Ethiopia, ETH
20.8209, 1950, Nov Average, Ethiopia, ETH
20.643, 1950, Dec Average, Ethiopia, ETH
21.7197, 1951, Jan Average, Ethiopia, ETH
22.543, 1951, Feb Average, Ethiopia, ETH
23.6891, 1951, Mar Average, Ethiopia, ETH
23.1121, 1951, Apr Average, Ethiopia, ETH
24.1167, 1951, May Average, Ethiopia, ETH
23.9859, 1951, Jun Average, Ethiopia, ETH
22.6151, 1951, Jul Average, Ethiopia, ETH
22.0305, 1951, Aug Average, Ethiopia, ETH
21.7451, 1951, Sep Average, Ethiopia, ETH
22.9956, 1951, Oct Average, Ethiopia, ETH
22.3161, 1951, Nov Average, Ethiopia, ETH
20.904, 1951, Dec Average, Ethiopia, ETH
21.6326, 1952, Jan Average, Ethiopia, ETH
22.5495, 1952, Feb Average, Ethiopia, ETH
24.4568, 1952, Mar Average, Ethiopia, ETH
23.8907, 1952, Apr Average, Ethiopia, ETH
24.6458, 1952, May Average, Ethiopia, ETH
23.8801, 1952, Jun Average, Ethiopia, ETH
22.632, 1952, Jul Average, Ethiopia, ETH
21.9101, 1952, Aug Average, Ethiopia, ETH
22.7765, 1952, Sep Average, Ethiopia, ETH
21.963, 1952, Oct Average, Ethiopia, ETH
22.0023, 1952, Nov Average, Ethiopia, ETH
21.8079, 1952, Dec Average, Ethiopia, ETH
22.4211, 1953, Jan Average, Ethiopia, ETH
23.8487, 1953, Feb Average, Ethiopia, ETH
24.4034, 1953, Mar Average, Ethiopia, ETH
24.2898, 1953, Apr Average, Ethiopia, ETH
24.7972, 1953, May Average, Ethiopia, ETH
24.2921, 1953, Jun Average, Ethiopia, ETH
21.8653, 1953, Jul Average, Ethiopia, ETH
22.2429, 1953, Aug Average, Ethiopia, ETH
22.5801, 1953, Sep Average, Ethiopia, ETH
22.1665, 1953, Oct Average, Ethiopia, ETH
22.3966, 1953, Nov Average, Ethiopia, ETH
21.6454, 1953, Dec Average, Ethiopia, ETH
21.9814, 1954, Jan Average, Ethiopia, ETH
24.0188, 1954, Feb Average, Ethiopia, ETH
24.5158, 1954, Mar Average, Ethiopia, ETH
25.1606, 1954, Apr Average, Ethiopia, ETH
24.7521, 1954, May Average, Ethiopia, ETH
23.6696, 1954, Jun Average, Ethiopia, ETH
21.6124, 1954, Jul Average, Ethiopia, ETH
21.5792, 1954, Aug Average, Ethiopia, ETH
22.8831, 1954, Sep Average, Ethiopia, ETH
22.168, 1954, Oct Average, Ethiopia, ETH
22.5916, 1954, Nov Average, Ethiopia, ETH
21.9329, 1954, Dec Average, Ethiopia, ETH
21.8029, 1955, Jan Average, Ethiopia, ETH
23.2331, 1955, Feb Average, Ethiopia, ETH
24.8562, 1955, Mar Average, Ethiopia, ETH
24.8348, 1955, Apr Average, Ethiopia, ETH
25.044, 1955, May Average, Ethiopia, ETH
23.6597, 1955, Jun Average, Ethiopia, ETH
22.7631, 1955, Jul Average, Ethiopia, ETH
21.9138, 1955, Aug Average, Ethiopia, ETH
23.088, 1955, Sep Average, Ethiopia, ETH
22.3251, 1955, Oct Average, Ethiopia, ETH
21.5798, 1955, Nov Average, Ethiopia, ETH
21.2903, 1955, Dec Average, Ethiopia, ETH
20.4981, 1956, Jan Average, Ethiopia, ETH
22.7899, 1956, Feb Average, Ethiopia, ETH
24.9271, 1956, Mar Average, Ethiopia, ETH
23.3356, 1956, Apr Average, Ethiopia, ETH
23.9971, 1956, May Average, Ethiopia, ETH
22.703, 1956, Jun Average, Ethiopia, ETH
21.4978, 1956, Jul Average, Ethiopia, ETH
21.1376, 1956, Aug Average, Ethiopia, ETH
22.0521, 1956, Sep Average, Ethiopia, ETH
21.7642, 1956, Oct Average, Ethiopia, ETH
21.0342, 1956, Nov Average, Ethiopia, ETH
20.9351, 1956, Dec Average, Ethiopia, ETH
21.1153, 1957, Jan Average, Ethiopia, ETH
21.1486, 1957, Feb Average, Ethiopia, ETH
22.3634, 1957, Mar Average, Ethiopia, ETH
23.2031, 1957, Apr Average, Ethiopia, ETH
23.3721, 1957, May Average, Ethiopia, ETH
23.2696, 1957, Jun Average, Ethiopia, ETH
22.0597, 1957, Jul Average, Ethiopia, ETH
21.866, 1957, Aug Average, Ethiopia, ETH
22.6171, 1957, Sep Average, Ethiopia, ETH
22.4967, 1957, Oct Average, Ethiopia, ETH
22.1843, 1957, Nov Average, Ethiopia, ETH
21.4291, 1957, Dec Average, Ethiopia, ETH
21.6339, 1958, Jan Average, Ethiopia, ETH
21.6939, 1958, Feb Average, Ethiopia, ETH
24.0154, 1958, Mar Average, Ethiopia, ETH
24.4773, 1958, Apr Average, Ethiopia, ETH
24.5216, 1958, May Average, Ethiopia, ETH
23.1168, 1958, Jun Average, Ethiopia, ETH
21.9367, 1958, Jul Average, Ethiopia, ETH
21.8745, 1958, Aug Average, Ethiopia, ETH
22.8844, 1958, Sep Average, Ethiopia, ETH
22.3389, 1958, Oct Average, Ethiopia, ETH
21.8355, 1958, Nov Average, Ethiopia, ETH
21.3818, 1958, Dec Average, Ethiopia, ETH
21.7197, 1959, Jan Average, Ethiopia, ETH
22.5132, 1959, Feb Average, Ethiopia, ETH
22.997, 1959, Mar Average, Ethiopia, ETH
24.6791, 1959, Apr Average, Ethiopia, ETH
23.8005, 1959, May Average, Ethiopia, ETH
23.5408, 1959, Jun Average, Ethiopia, ETH
22.0308, 1959, Jul Average, Ethiopia, ETH
21.4822, 1959, Aug Average, Ethiopia, ETH
22.3619, 1959, Sep Average, Ethiopia, ETH
22.2595, 1959, Oct Average, Ethiopia, ETH
21.5735, 1959, Nov Average, Ethiopia, ETH
20.9924, 1959, Dec Average, Ethiopia, ETH
20.864, 1960, Jan Average, Ethiopia, ETH
22.3549, 1960, Feb Average, Ethiopia, ETH
22.6726, 1960, Mar Average, Ethiopia, ETH
23.7021, 1960, Apr Average, Ethiopia, ETH
23.3267, 1960, May Average, Ethiopia, ETH
23.0687, 1960, Jun Average, Ethiopia, ETH
22.0526, 1960, Jul Average, Ethiopia, ETH
22.3042, 1960, Aug Average, Ethiopia, ETH
22.5762, 1960, Sep Average, Ethiopia, ETH
22.0827, 1960, Oct Average, Ethiopia, ETH
21.5014, 1960, Nov Average, Ethiopia, ETH
21.7506, 1960, Dec Average, Ethiopia, ETH
21.8686, 1961, Jan Average, Ethiopia, ETH
22.1986, 1961, Feb Average, Ethiopia, ETH
23.3052, 1961, Mar Average, Ethiopia, ETH
23.787, 1961, Apr Average, Ethiopia, ETH
24.4017, 1961, May Average, Ethiopia, ETH
23.2028, 1961, Jun Average, Ethiopia, ETH
21.3772, 1961, Jul Average, Ethiopia, ETH
20.9567, 1961, Aug Average, Ethiopia, ETH
21.9613, 1961, Sep Average, Ethiopia, ETH
21.4779, 1961, Oct Average, Ethiopia, ETH
20.1107, 1961, Nov Average, Ethiopia, ETH
19.7708, 1961, Dec Average, Ethiopia, ETH
20.2133, 1962, Jan Average, Ethiopia, ETH
21.8457, 1962, Feb Average, Ethiopia, ETH
23.5971, 1962, Mar Average, Ethiopia, ETH
23.6782, 1962, Apr Average, Ethiopia, ETH
23.4818, 1962, May Average, Ethiopia, ETH
22.7203, 1962, Jun Average, Ethiopia, ETH
22.0972, 1962, Jul Average, Ethiopia, ETH
21.2695, 1962, Aug Average, Ethiopia, ETH
21.9702, 1962, Sep Average, Ethiopia, ETH
21.6041, 1962, Oct Average, Ethiopia, ETH
21.3845, 1962, Nov Average, Ethiopia, ETH
20.8335, 1962, Dec Average, Ethiopia, ETH
21.1909, 1963, Jan Average, Ethiopia, ETH
22.6796, 1963, Feb Average, Ethiopia, ETH
23.8914, 1963, Mar Average, Ethiopia, ETH
23.1684, 1963, Apr Average, Ethiopia, ETH
22.9329, 1963, May Average, Ethiopia, ETH
22.9598, 1963, Jun Average, Ethiopia, ETH
22.1948, 1963, Jul Average, Ethiopia, ETH
21.9122, 1963, Aug Average, Ethiopia, ETH
22.4141, 1963, Sep Average, Ethiopia, ETH
22.6263, 1963, Oct Average, Ethiopia, ETH
21.6276, 1963, Nov Average, Ethiopia, ETH
20.6446, 1963, Dec Average, Ethiopia, ETH
20.8214, 1964, Jan Average, Ethiopia, ETH
21.7615, 1964, Feb Average, Ethiopia, ETH
23.9326, 1964, Mar Average, Ethiopia, ETH
23.765, 1964, Apr Average, Ethiopia, ETH
23.6079, 1964, May Average, Ethiopia, ETH
22.905, 1964, Jun Average, Ethiopia, ETH
21.3294, 1964, Jul Average, Ethiopia, ETH
21.269, 1964, Aug Average, Ethiopia, ETH
22.0066, 1964, Sep Average, Ethiopia, ETH
21.182, 1964, Oct Average, Ethiopia, ETH
20.7267, 1964, Nov Average, Ethiopia, ETH
19.6478, 1964, Dec Average, Ethiopia, ETH
20.7345, 1965, Jan Average, Ethiopia, ETH
21.9956, 1965, Feb Average, Ethiopia, ETH
23.2453, 1965, Mar Average, Ethiopia, ETH
23.3421, 1965, Apr Average, Ethiopia, ETH
24.2443, 1965, May Average, Ethiopia, ETH
23.4679, 1965, Jun Average, Ethiopia, ETH
22.4012, 1965, Jul Average, Ethiopia, ETH
21.8205, 1965, Aug Average, Ethiopia, ETH
22.5892, 1965, Sep Average, Ethiopia, ETH
21.8453, 1965, Oct Average, Ethiopia, ETH
20.9887, 1965, Nov Average, Ethiopia, ETH
20.7562, 1965, Dec Average, Ethiopia, ETH
21.5241, 1966, Jan Average, Ethiopia, ETH
22.1184, 1966, Feb Average, Ethiopia, ETH
23.301, 1966, Mar Average, Ethiopia, ETH
23.3405, 1966, Apr Average, Ethiopia, ETH
23.9484, 1966, May Average, Ethiopia, ETH
23.1174, 1966, Jun Average, Ethiopia, ETH
22.7852, 1966, Jul Average, Ethiopia, ETH
22.4617, 1966, Aug Average, Ethiopia, ETH
22.5461, 1966, Sep Average, Ethiopia, ETH
22.2301, 1966, Oct Average, Ethiopia, ETH
21.0729, 1966, Nov Average, Ethiopia, ETH
20.6069, 1966, Dec Average, Ethiopia, ETH
20.8675, 1967, Jan Average, Ethiopia, ETH
22.6033, 1967, Feb Average, Ethiopia, ETH
23.276, 1967, Mar Average, Ethiopia, ETH
23.2519, 1967, Apr Average, Ethiopia, ETH
23.1455, 1967, May Average, Ethiopia, ETH
22.9619, 1967, Jun Average, Ethiopia, ETH
21.5634, 1967, Jul Average, Ethiopia, ETH
21.3996, 1967, Aug Average, Ethiopia, ETH
22.0727, 1967, Sep Average, Ethiopia, ETH
21.3585, 1967, Oct Average, Ethiopia, ETH
20.2872, 1967, Nov Average, Ethiopia, ETH
20.1841, 1967, Dec Average, Ethiopia, ETH
20.5103, 1968, Jan Average, Ethiopia, ETH
20.7501, 1968, Feb Average, Ethiopia, ETH
22.6071, 1968, Mar Average, Ethiopia, ETH
22.5665, 1968, Apr Average, Ethiopia, ETH
23.1962, 1968, May Average, Ethiopia, ETH
22.515, 1968, Jun Average, Ethiopia, ETH
21.7714, 1968, Jul Average, Ethiopia, ETH
22.0392, 1968, Aug Average, Ethiopia, ETH
22.5857, 1968, Sep Average, Ethiopia, ETH
22.1894, 1968, Oct Average, Ethiopia, ETH
21.2198, 1968, Nov Average, Ethiopia, ETH
21.0848, 1968, Dec Average, Ethiopia, ETH
21.401, 1969, Jan Average, Ethiopia, ETH
21.5485, 1969, Feb Average, Ethiopia, ETH
23.5041, 1969, Mar Average, Ethiopia, ETH
24.2021, 1969, Apr Average, Ethiopia, ETH
23.8882, 1969, May Average, Ethiopia, ETH
23.6719, 1969, Jun Average, Ethiopia, ETH
22.5612, 1969, Jul Average, Ethiopia, ETH
22.0576, 1969, Aug Average, Ethiopia, ETH
22.7804, 1969, Sep Average, Ethiopia, ETH
22.4395, 1969, Oct Average, Ethiopia, ETH
22.059, 1969, Nov Average, Ethiopia, ETH
21.4824, 1969, Dec Average, Ethiopia, ETH
21.3807, 1970, Jan Average, Ethiopia, ETH
23.0888, 1970, Feb Average, Ethiopia, ETH
23.0156, 1970, Mar Average, Ethiopia, ETH
24.1313, 1970, Apr Average, Ethiopia, ETH
24.3854, 1970, May Average, Ethiopia, ETH
24.0891, 1970, Jun Average, Ethiopia, ETH
22.5076, 1970, Jul Average, Ethiopia, ETH
22.0757, 1970, Aug Average, Ethiopia, ETH
22.6401, 1970, Sep Average, Ethiopia, ETH
22.2164, 1970, Oct Average, Ethiopia, ETH
20.9634, 1970, Nov Average, Ethiopia, ETH
20.4694, 1970, Dec Average, Ethiopia, ETH
20.8633, 1971, Jan Average, Ethiopia, ETH
22.2334, 1971, Feb Average, Ethiopia, ETH
23.2951, 1971, Mar Average, Ethiopia, ETH
23.7493, 1971, Apr Average, Ethiopia, ETH
23.04, 1971, May Average, Ethiopia, ETH
22.8963, 1971, Jun Average, Ethiopia, ETH
22.0715, 1971, Jul Average, Ethiopia, ETH
21.8734, 1971, Aug Average, Ethiopia, ETH
22.0789, 1971, Sep Average, Ethiopia, ETH
21.9699, 1971, Oct Average, Ethiopia, ETH
20.9465, 1971, Nov Average, Ethiopia, ETH
19.8525, 1971, Dec Average, Ethiopia, ETH
21.4193, 1972, Jan Average, Ethiopia, ETH
21.5375, 1972, Feb Average, Ethiopia, ETH
23.451, 1972, Mar Average, Ethiopia, ETH
23.6257, 1972, Apr Average, Ethiopia, ETH
23.7259, 1972, May Average, Ethiopia, ETH
23.0582, 1972, Jun Average, Ethiopia, ETH
22.684, 1972, Jul Average, Ethiopia, ETH
22.4648, 1972, Aug Average, Ethiopia, ETH
22.712, 1972, Sep Average, Ethiopia, ETH
22.5414, 1972, Oct Average, Ethiopia, ETH
21.679, 1972, Nov Average, Ethiopia, ETH
21.4342, 1972, Dec Average, Ethiopia, ETH
21.8899, 1973, Jan Average, Ethiopia, ETH
23.6509, 1973, Feb Average, Ethiopia, ETH
25.0263, 1973, Mar Average, Ethiopia, ETH
25.4307, 1973, Apr Average, Ethiopia, ETH
23.8699, 1973, May Average, Ethiopia, ETH
23.785, 1973, Jun Average, Ethiopia, ETH
22.6769, 1973, Jul Average, Ethiopia, ETH
22.2387, 1973, Aug Average, Ethiopia, ETH
22.53, 1973, Sep Average, Ethiopia, ETH
22.2412, 1973, Oct Average, Ethiopia, ETH
21.3036, 1973, Nov Average, Ethiopia, ETH
20.3366, 1973, Dec Average, Ethiopia, ETH
21.3558, 1974, Jan Average, Ethiopia, ETH
22.4239, 1974, Feb Average, Ethiopia, ETH
22.68, 1974, Mar Average, Ethiopia, ETH
24.4594, 1974, Apr Average, Ethiopia, ETH
23.1967, 1974, May Average, Ethiopia, ETH
22.8998, 1974, Jun Average, Ethiopia, ETH
21.9877, 1974, Jul Average, Ethiopia, ETH
21.9492, 1974, Aug Average, Ethiopia, ETH
21.9792, 1974, Sep Average, Ethiopia, ETH
22.3416, 1974, Oct Average, Ethiopia, ETH
20.8801, 1974, Nov Average, Ethiopia, ETH
20.7749, 1974, Dec Average, Ethiopia, ETH
21.2481, 1975, Jan Average, Ethiopia, ETH
23.4442, 1975, Feb Average, Ethiopia, ETH
23.9617, 1975, Mar Average, Ethiopia, ETH
24.0533, 1975, Apr Average, Ethiopia, ETH
23.995, 1975, May Average, Ethiopia, ETH
22.7911, 1975, Jun Average, Ethiopia, ETH
22.1071, 1975, Jul Average, Ethiopia, ETH
21.1847, 1975, Aug Average, Ethiopia, ETH
21.9812, 1975, Sep Average, Ethiopia, ETH
22.1232, 1975, Oct Average, Ethiopia, ETH
21.1654, 1975, Nov Average, Ethiopia, ETH
20.5109, 1975, Dec Average, Ethiopia, ETH
21.2683, 1976, Jan Average, Ethiopia, ETH
22.8194, 1976, Feb Average, Ethiopia, ETH
23.7933, 1976, Mar Average, Ethiopia, ETH
23.8209, 1976, Apr Average, Ethiopia, ETH
23.477, 1976, May Average, Ethiopia, ETH
23.6796, 1976, Jun Average, Ethiopia, ETH
22.1733, 1976, Jul Average, Ethiopia, ETH
22.1837, 1976, Aug Average, Ethiopia, ETH
22.9487, 1976, Sep Average, Ethiopia, ETH
22.4827, 1976, Oct Average, Ethiopia, ETH
21.6103, 1976, Nov Average, Ethiopia, ETH
21.9452, 1976, Dec Average, Ethiopia, ETH
21.6183, 1977, Jan Average, Ethiopia, ETH
22.5817, 1977, Feb Average, Ethiopia, ETH
23.7465, 1977, Mar Average, Ethiopia, ETH
24.5654, 1977, Apr Average, Ethiopia, ETH
23.8431, 1977, May Average, Ethiopia, ETH
23.4924, 1977, Jun Average, Ethiopia, ETH
22.7778, 1977, Jul Average, Ethiopia, ETH
22.2539, 1977, Aug Average, Ethiopia, ETH
22.8893, 1977, Sep Average, Ethiopia, ETH
22.0439, 1977, Oct Average, Ethiopia, ETH
21.2125, 1977, Nov Average, Ethiopia, ETH
21.2394, 1977, Dec Average, Ethiopia, ETH
21.5984, 1978, Jan Average, Ethiopia, ETH
22.6573, 1978, Feb Average, Ethiopia, ETH
23.447, 1978, Mar Average, Ethiopia, ETH
24.5822, 1978, Apr Average, Ethiopia, ETH
24.1045, 1978, May Average, Ethiopia, ETH
23.8773, 1978, Jun Average, Ethiopia, ETH
21.9976, 1978, Jul Average, Ethiopia, ETH
22.4537, 1978, Aug Average, Ethiopia, ETH
22.7422, 1978, Sep Average, Ethiopia, ETH
22.2903, 1978, Oct Average, Ethiopia, ETH
21.4691, 1978, Nov Average, Ethiopia, ETH
21.2303, 1978, Dec Average, Ethiopia, ETH
21.2095, 1979, Jan Average, Ethiopia, ETH
22.7105, 1979, Feb Average, Ethiopia, ETH
23.5264, 1979, Mar Average, Ethiopia, ETH
24.5945, 1979, Apr Average, Ethiopia, ETH
23.6371, 1979, May Average, Ethiopia, ETH
23.4861, 1979, Jun Average, Ethiopia, ETH
22.8498, 1979, Jul Average, Ethiopia, ETH
22.5786, 1979, Aug Average, Ethiopia, ETH
23.1587, 1979, Sep Average, Ethiopia, ETH
22.7534, 1979, Oct Average, Ethiopia, ETH
21.9328, 1979, Nov Average, Ethiopia, ETH
21.6332, 1979, Dec Average, Ethiopia, ETH
22.0431, 1980, Jan Average, Ethiopia, ETH
23.4706, 1980, Feb Average, Ethiopia, ETH
24.5916, 1980, Mar Average, Ethiopia, ETH
24.5721, 1980, Apr Average, Ethiopia, ETH
24.444, 1980, May Average, Ethiopia, ETH
23.8975, 1980, Jun Average, Ethiopia, ETH
22.6739, 1980, Jul Average, Ethiopia, ETH
22.4869, 1980, Aug Average, Ethiopia, ETH
23.1362, 1980, Sep Average, Ethiopia, ETH
23.1326, 1980, Oct Average, Ethiopia, ETH
22.4532, 1980, Nov Average, Ethiopia, ETH
21.3396, 1980, Dec Average, Ethiopia, ETH
21.7446, 1981, Jan Average, Ethiopia, ETH
22.4086, 1981, Feb Average, Ethiopia, ETH
23.1022, 1981, Mar Average, Ethiopia, ETH
23.4382, 1981, Apr Average, Ethiopia, ETH
23.8238, 1981, May Average, Ethiopia, ETH
23.8605, 1981, Jun Average, Ethiopia, ETH
22.3241, 1981, Jul Average, Ethiopia, ETH
22.5095, 1981, Aug Average, Ethiopia, ETH
22.421, 1981, Sep Average, Ethiopia, ETH
22.0096, 1981, Oct Average, Ethiopia, ETH
21.1708, 1981, Nov Average, Ethiopia, ETH
20.6702, 1981, Dec Average, Ethiopia, ETH
21.678, 1982, Jan Average, Ethiopia, ETH
22.3311, 1982, Feb Average, Ethiopia, ETH
23.4771, 1982, Mar Average, Ethiopia, ETH
23.5126, 1982, Apr Average, Ethiopia, ETH
23.545, 1982, May Average, Ethiopia, ETH
23.8805, 1982, Jun Average, Ethiopia, ETH
23.223, 1982, Jul Average, Ethiopia, ETH
22.4926, 1982, Aug Average, Ethiopia, ETH
23.0669, 1982, Sep Average, Ethiopia, ETH
21.6506, 1982, Oct Average, Ethiopia, ETH
21.3663, 1982, Nov Average, Ethiopia, ETH
21.1018, 1982, Dec Average, Ethiopia, ETH
20.554, 1983, Jan Average, Ethiopia, ETH
22.2749, 1983, Feb Average, Ethiopia, ETH
23.853, 1983, Mar Average, Ethiopia, ETH
24.3176, 1983, Apr Average, Ethiopia, ETH
24.1846, 1983, May Average, Ethiopia, ETH
23.9322, 1983, Jun Average, Ethiopia, ETH
23.5821, 1983, Jul Average, Ethiopia, ETH
22.9832, 1983, Aug Average, Ethiopia, ETH
23.269, 1983, Sep Average, Ethiopia, ETH
22.5337, 1983, Oct Average, Ethiopia, ETH
21.5881, 1983, Nov Average, Ethiopia, ETH
20.7098, 1983, Dec Average, Ethiopia, ETH
20.7688, 1984, Jan Average, Ethiopia, ETH
21.6001, 1984, Feb Average, Ethiopia, ETH
24.16, 1984, Mar Average, Ethiopia, ETH
24.9096, 1984, Apr Average, Ethiopia, ETH
23.6758, 1984, May Average, Ethiopia, ETH
23.3149, 1984, Jun Average, Ethiopia, ETH
22.6762, 1984, Jul Average, Ethiopia, ETH
22.9437, 1984, Aug Average, Ethiopia, ETH
22.5924, 1984, Sep Average, Ethiopia, ETH
22.4149, 1984, Oct Average, Ethiopia, ETH
21.3654, 1984, Nov Average, Ethiopia, ETH
20.616, 1984, Dec Average, Ethiopia, ETH
21.7287, 1985, Jan Average, Ethiopia, ETH
21.6154, 1985, Feb Average, Ethiopia, ETH
24.0261, 1985, Mar Average, Ethiopia, ETH
23.4969, 1985, Apr Average, Ethiopia, ETH
23.1416, 1985, May Average, Ethiopia, ETH
23.2303, 1985, Jun Average, Ethiopia, ETH
22.4068, 1985, Jul Average, Ethiopia, ETH
22.374, 1985, Aug Average, Ethiopia, ETH
22.6694, 1985, Sep Average, Ethiopia, ETH
22.5372, 1985, Oct Average, Ethiopia, ETH
21.5785, 1985, Nov Average, Ethiopia, ETH
20.9053, 1985, Dec Average, Ethiopia, ETH
21.0333, 1986, Jan Average, Ethiopia, ETH
23.1048, 1986, Feb Average, Ethiopia, ETH
23.5395, 1986, Mar Average, Ethiopia, ETH
23.452, 1986, Apr Average, Ethiopia, ETH
24.23, 1986, May Average, Ethiopia, ETH
23.4995, 1986, Jun Average, Ethiopia, ETH
22.8213, 1986, Jul Average, Ethiopia, ETH
22.6618, 1986, Aug Average, Ethiopia, ETH
22.7368, 1986, Sep Average, Ethiopia, ETH
22.4199, 1986, Oct Average, Ethiopia, ETH
21.8978, 1986, Nov Average, Ethiopia, ETH
20.9007, 1986, Dec Average, Ethiopia, ETH
21.1387, 1987, Jan Average, Ethiopia, ETH
22.8311, 1987, Feb Average, Ethiopia, ETH
23.7217, 1987, Mar Average, Ethiopia, ETH
23.8711, 1987, Apr Average, Ethiopia, ETH
23.189, 1987, May Average, Ethiopia, ETH
23.4206, 1987, Jun Average, Ethiopia, ETH
23.5459, 1987, Jul Average, Ethiopia, ETH
23.2006, 1987, Aug Average, Ethiopia, ETH
24.0158, 1987, Sep Average, Ethiopia, ETH
23.0565, 1987, Oct Average, Ethiopia, ETH
22.0083, 1987, Nov Average, Ethiopia, ETH
21.5296, 1987, Dec Average, Ethiopia, ETH
21.9774, 1988, Jan Average, Ethiopia, ETH
23.391, 1988, Feb Average, Ethiopia, ETH
24.4657, 1988, Mar Average, Ethiopia, ETH
24.3887, 1988, Apr Average, Ethiopia, ETH
24.3134, 1988, May Average, Ethiopia, ETH
24.0626, 1988, Jun Average, Ethiopia, ETH
22.6172, 1988, Jul Average, Ethiopia, ETH
22.5302, 1988, Aug Average, Ethiopia, ETH
22.8625, 1988, Sep Average, Ethiopia, ETH
22.3263, 1988, Oct Average, Ethiopia, ETH
20.8192, 1988, Nov Average, Ethiopia, ETH
20.5468, 1988, Dec Average, Ethiopia, ETH
20.4048, 1989, Jan Average, Ethiopia, ETH
21.4776, 1989, Feb Average, Ethiopia, ETH
23.1189, 1989, Mar Average, Ethiopia, ETH
22.706, 1989, Apr Average, Ethiopia, ETH
23.2143, 1989, May Average, Ethiopia, ETH
23.1752, 1989, Jun Average, Ethiopia, ETH
22.6324, 1989, Jul Average, Ethiopia, ETH
22.701, 1989, Aug Average, Ethiopia, ETH
22.788, 1989, Sep Average, Ethiopia, ETH
22.2131, 1989, Oct Average, Ethiopia, ETH
21.5263, 1989, Nov Average, Ethiopia, ETH
21.3669, 1989, Dec Average, Ethiopia, ETH
21.3032, 1990, Jan Average, Ethiopia, ETH
22.1972, 1990, Feb Average, Ethiopia, ETH
22.8462, 1990, Mar Average, Ethiopia, ETH
23.8078, 1990, Apr Average, Ethiopia, ETH
24.6674, 1990, May Average, Ethiopia, ETH
24.06, 1990, Jun Average, Ethiopia, ETH
23.0001, 1990, Jul Average, Ethiopia, ETH
23.0098, 1990, Aug Average, Ethiopia, ETH
23.3213, 1990, Sep Average, Ethiopia, ETH
22.569, 1990, Oct Average, Ethiopia, ETH
22.1127, 1990, Nov Average, Ethiopia, ETH
21.433, 1990, Dec Average, Ethiopia, ETH
22.0271, 1991, Jan Average, Ethiopia, ETH
23.2355, 1991, Feb Average, Ethiopia, ETH
23.6605, 1991, Mar Average, Ethiopia, ETH
24.614, 1991, Apr Average, Ethiopia, ETH
24.0312, 1991, May Average, Ethiopia, ETH
23.9485, 1991, Jun Average, Ethiopia, ETH
22.9172, 1991, Jul Average, Ethiopia, ETH
22.6798, 1991, Aug Average, Ethiopia, ETH
23.0679, 1991, Sep Average, Ethiopia, ETH
22.3466, 1991, Oct Average, Ethiopia, ETH
21.2814, 1991, Nov Average, Ethiopia, ETH
20.8477, 1991, Dec Average, Ethiopia, ETH
20.357, 1992, Jan Average, Ethiopia, ETH
21.4054, 1992, Feb Average, Ethiopia, ETH
23.8182, 1992, Mar Average, Ethiopia, ETH
24.6902, 1992, Apr Average, Ethiopia, ETH
24.5882, 1992, May Average, Ethiopia, ETH
24.0427, 1992, Jun Average, Ethiopia, ETH
22.905, 1992, Jul Average, Ethiopia, ETH
22.2173, 1992, Aug Average, Ethiopia, ETH
22.4688, 1992, Sep Average, Ethiopia, ETH
22.2669, 1992, Oct Average, Ethiopia, ETH
21.2149, 1992, Nov Average, Ethiopia, ETH
20.902, 1992, Dec Average, Ethiopia, ETH
21.1798, 1993, Jan Average, Ethiopia, ETH
21.6161, 1993, Feb Average, Ethiopia, ETH
23.8453, 1993, Mar Average, Ethiopia, ETH
23.7212, 1993, Apr Average, Ethiopia, ETH
23.6791, 1993, May Average, Ethiopia, ETH
23.6219, 1993, Jun Average, Ethiopia, ETH
22.804, 1993, Jul Average, Ethiopia, ETH
22.6346, 1993, Aug Average, Ethiopia, ETH
22.9787, 1993, Sep Average, Ethiopia, ETH
22.2751, 1993, Oct Average, Ethiopia, ETH
22.2209, 1993, Nov Average, Ethiopia, ETH
20.0173, 1993, Dec Average, Ethiopia, ETH
21.35, 1994, Jan Average, Ethiopia, ETH
22.5976, 1994, Feb Average, Ethiopia, ETH
23.376, 1994, Mar Average, Ethiopia, ETH
24.7981, 1994, Apr Average, Ethiopia, ETH
24.213, 1994, May Average, Ethiopia, ETH
24.003, 1994, Jun Average, Ethiopia, ETH
22.6822, 1994, Jul Average, Ethiopia, ETH
22.4667, 1994, Aug Average, Ethiopia, ETH
22.4285, 1994, Sep Average, Ethiopia, ETH
22.0774, 1994, Oct Average, Ethiopia, ETH
21.1456, 1994, Nov Average, Ethiopia, ETH
20.8634, 1994, Dec Average, Ethiopia, ETH
21.2768, 1995, Jan Average, Ethiopia, ETH
22.5991, 1995, Feb Average, Ethiopia, ETH
23.6493, 1995, Mar Average, Ethiopia, ETH
24.2962, 1995, Apr Average, Ethiopia, ETH
24.3738, 1995, May Average, Ethiopia, ETH
23.4657, 1995, Jun Average, Ethiopia, ETH
22.7702, 1995, Jul Average, Ethiopia, ETH
22.8977, 1995, Aug Average, Ethiopia, ETH
23.2613, 1995, Sep Average, Ethiopia, ETH
22.8659, 1995, Oct Average, Ethiopia, ETH
21.7421, 1995, Nov Average, Ethiopia, ETH
21.8159, 1995, Dec Average, Ethiopia, ETH
22.1065, 1996, Jan Average, Ethiopia, ETH
23.402, 1996, Feb Average, Ethiopia, ETH
24.0602, 1996, Mar Average, Ethiopia, ETH
24.932, 1996, Apr Average, Ethiopia, ETH
23.8027, 1996, May Average, Ethiopia, ETH
23.0375, 1996, Jun Average, Ethiopia, ETH
22.9802, 1996, Jul Average, Ethiopia, ETH
22.6626, 1996, Aug Average, Ethiopia, ETH
23.3287, 1996, Sep Average, Ethiopia, ETH
22.4403, 1996, Oct Average, Ethiopia, ETH
21.1797, 1996, Nov Average, Ethiopia, ETH
21.1161, 1996, Dec Average, Ethiopia, ETH
21.8683, 1997, Jan Average, Ethiopia, ETH
21.971, 1997, Feb Average, Ethiopia, ETH
24.2553, 1997, Mar Average, Ethiopia, ETH
23.8147, 1997, Apr Average, Ethiopia, ETH
23.9197, 1997, May Average, Ethiopia, ETH
23.7977, 1997, Jun Average, Ethiopia, ETH
23.2173, 1997, Jul Average, Ethiopia, ETH
22.9179, 1997, Aug Average, Ethiopia, ETH
23.5653, 1997, Sep Average, Ethiopia, ETH
22.5268, 1997, Oct Average, Ethiopia, ETH
22.0507, 1997, Nov Average, Ethiopia, ETH
21.4284, 1997, Dec Average, Ethiopia, ETH
22.279, 1998, Jan Average, Ethiopia, ETH
23.2401, 1998, Feb Average, Ethiopia, ETH
24.0964, 1998, Mar Average, Ethiopia, ETH
25.5302, 1998, Apr Average, Ethiopia, ETH
24.483, 1998, May Average, Ethiopia, ETH
24.747, 1998, Jun Average, Ethiopia, ETH
23.3263, 1998, Jul Average, Ethiopia, ETH
22.6424, 1998, Aug Average, Ethiopia, ETH
23.0231, 1998, Sep Average, Ethiopia, ETH
22.7833, 1998, Oct Average, Ethiopia, ETH
21.2908, 1998, Nov Average, Ethiopia, ETH
20.6747, 1998, Dec Average, Ethiopia, ETH
21.5433, 1999, Jan Average, Ethiopia, ETH
23.0464, 1999, Feb Average, Ethiopia, ETH
23.427, 1999, Mar Average, Ethiopia, ETH
24.7715, 1999, Apr Average, Ethiopia, ETH
24.2976, 1999, May Average, Ethiopia, ETH
23.78, 1999, Jun Average, Ethiopia, ETH
22.5619, 1999, Jul Average, Ethiopia, ETH
21.5715, 1999, Aug Average, Ethiopia, ETH
22.5982, 1999, Sep Average, Ethiopia, ETH
21.4748, 1999, Oct Average, Ethiopia, ETH
20.84, 1999, Nov Average, Ethiopia, ETH
20.9018, 1999, Dec Average, Ethiopia, ETH
21.1875, 2000, Jan Average, Ethiopia, ETH
22.526, 2000, Feb Average, Ethiopia, ETH
23.6302, 2000, Mar Average, Ethiopia, ETH
24.8092, 2000, Apr Average, Ethiopia, ETH
24.0806, 2000, May Average, Ethiopia, ETH
24.1347, 2000, Jun Average, Ethiopia, ETH
23.2991, 2000, Jul Average, Ethiopia, ETH
22.7021, 2000, Aug Average, Ethiopia, ETH
23.0184, 2000, Sep Average, Ethiopia, ETH
22.0057, 2000, Oct Average, Ethiopia, ETH
22.7463, 2000, Nov Average, Ethiopia, ETH
21.024, 2000, Dec Average, Ethiopia, ETH
21.8487, 2001, Jan Average, Ethiopia, ETH
22.7444, 2001, Feb Average, Ethiopia, ETH
23.9446, 2001, Mar Average, Ethiopia, ETH
25.2936, 2001, Apr Average, Ethiopia, ETH
24.0783, 2001, May Average, Ethiopia, ETH
23.4725, 2001, Jun Average, Ethiopia, ETH
23.0717, 2001, Jul Average, Ethiopia, ETH
22.3823, 2001, Aug Average, Ethiopia, ETH
23.1822, 2001, Sep Average, Ethiopia, ETH
23.1401, 2001, Oct Average, Ethiopia, ETH
21.6536, 2001, Nov Average, Ethiopia, ETH
21.7096, 2001, Dec Average, Ethiopia, ETH
21.2947, 2002, Jan Average, Ethiopia, ETH
23.4206, 2002, Feb Average, Ethiopia, ETH
24.1979, 2002, Mar Average, Ethiopia, ETH
25.1857, 2002, Apr Average, Ethiopia, ETH
25.4173, 2002, May Average, Ethiopia, ETH
24.369, 2002, Jun Average, Ethiopia, ETH
24.0913, 2002, Jul Average, Ethiopia, ETH
23.4365, 2002, Aug Average, Ethiopia, ETH
23.4623, 2002, Sep Average, Ethiopia, ETH
22.3402, 2002, Oct Average, Ethiopia, ETH
22.498, 2002, Nov Average, Ethiopia, ETH
22.0732, 2002, Dec Average, Ethiopia, ETH
22.0923, 2003, Jan Average, Ethiopia, ETH
23.6792, 2003, Feb Average, Ethiopia, ETH
24.498, 2003, Mar Average, Ethiopia, ETH
25.0167, 2003, Apr Average, Ethiopia, ETH
25.3194, 2003, May Average, Ethiopia, ETH
24.1619, 2003, Jun Average, Ethiopia, ETH
22.7703, 2003, Jul Average, Ethiopia, ETH
22.8343, 2003, Aug Average, Ethiopia, ETH
22.704, 2003, Sep Average, Ethiopia, ETH
22.5865, 2003, Oct Average, Ethiopia, ETH
22.0632, 2003, Nov Average, Ethiopia, ETH
21.2661, 2003, Dec Average, Ethiopia, ETH
22.4971, 2004, Jan Average, Ethiopia, ETH
22.89, 2004, Feb Average, Ethiopia, ETH
23.9984, 2004, Mar Average, Ethiopia, ETH
24.466, 2004, Apr Average, Ethiopia, ETH
25.1527, 2004, May Average, Ethiopia, ETH
23.9497, 2004, Jun Average, Ethiopia, ETH
23.3521, 2004, Jul Average, Ethiopia, ETH
23.2982, 2004, Aug Average, Ethiopia, ETH
23.1776, 2004, Sep Average, Ethiopia, ETH
22.1977, 2004, Oct Average, Ethiopia, ETH
21.9748, 2004, Nov Average, Ethiopia, ETH
21.7008, 2004, Dec Average, Ethiopia, ETH
21.5495, 2005, Jan Average, Ethiopia, ETH
24.1432, 2005, Feb Average, Ethiopia, ETH
24.679, 2005, Mar Average, Ethiopia, ETH
25.194, 2005, Apr Average, Ethiopia, ETH
24.4134, 2005, May Average, Ethiopia, ETH
23.4209, 2005, Jun Average, Ethiopia, ETH
23.0386, 2005, Jul Average, Ethiopia, ETH
23.3798, 2005, Aug Average, Ethiopia, ETH
23.5639, 2005, Sep Average, Ethiopia, ETH
22.6808, 2005, Oct Average, Ethiopia, ETH
21.7436, 2005, Nov Average, Ethiopia, ETH
21.1005, 2005, Dec Average, Ethiopia, ETH
22.1611, 2006, Jan Average, Ethiopia, ETH
23.9477, 2006, Feb Average, Ethiopia, ETH
24.0942, 2006, Mar Average, Ethiopia, ETH
24.3869, 2006, Apr Average, Ethiopia, ETH
24.312, 2006, May Average, Ethiopia, ETH
24.1617, 2006, Jun Average, Ethiopia, ETH
23.4838, 2006, Jul Average, Ethiopia, ETH
22.6939, 2006, Aug Average, Ethiopia, ETH
23.0048, 2006, Sep Average, Ethiopia, ETH
22.9782, 2006, Oct Average, Ethiopia, ETH
21.9755, 2006, Nov Average, Ethiopia, ETH
21.0246, 2006, Dec Average, Ethiopia, ETH
21.4017, 2007, Jan Average, Ethiopia, ETH
23.1768, 2007, Feb Average, Ethiopia, ETH
24.369, 2007, Mar Average, Ethiopia, ETH
24.6292, 2007, Apr Average, Ethiopia, ETH
24.9111, 2007, May Average, Ethiopia, ETH
23.8157, 2007, Jun Average, Ethiopia, ETH
22.5618, 2007, Jul Average, Ethiopia, ETH
22.6814, 2007, Aug Average, Ethiopia, ETH
23.2152, 2007, Sep Average, Ethiopia, ETH
22.5096, 2007, Oct Average, Ethiopia, ETH
22.3257, 2007, Nov Average, Ethiopia, ETH
21.2205, 2007, Dec Average, Ethiopia, ETH
22.1752, 2008, Jan Average, Ethiopia, ETH
22.5218, 2008, Feb Average, Ethiopia, ETH
23.199, 2008, Mar Average, Ethiopia, ETH
24.0895, 2008, Apr Average, Ethiopia, ETH
24.3446, 2008, May Average, Ethiopia, ETH
23.7048, 2008, Jun Average, Ethiopia, ETH
23.1039, 2008, Jul Average, Ethiopia, ETH
22.9541, 2008, Aug Average, Ethiopia, ETH
23.5732, 2008, Sep Average, Ethiopia, ETH
22.7038, 2008, Oct Average, Ethiopia, ETH
21.5026, 2008, Nov Average, Ethiopia, ETH
21.2073, 2008, Dec Average, Ethiopia, ETH
21.7948, 2009, Jan Average, Ethiopia, ETH
23.635, 2009, Feb Average, Ethiopia, ETH
24.3182, 2009, Mar Average, Ethiopia, ETH
25.4964, 2009, Apr Average, Ethiopia, ETH
25.1642, 2009, May Average, Ethiopia, ETH
25.068, 2009, Jun Average, Ethiopia, ETH
23.519, 2009, Jul Average, Ethiopia, ETH
23.5733, 2009, Aug Average, Ethiopia, ETH
24.2893, 2009, Sep Average, Ethiopia, ETH
23.0349, 2009, Oct Average, Ethiopia, ETH
22.3682, 2009, Nov Average, Ethiopia, ETH
22.2253, 2009, Dec Average, Ethiopia, ETH
22.3031, 2010, Jan Average, Ethiopia, ETH
23.3537, 2010, Feb Average, Ethiopia, ETH
23.9762, 2010, Mar Average, Ethiopia, ETH
25.9116, 2010, Apr Average, Ethiopia, ETH
25.2347, 2010, May Average, Ethiopia, ETH
24.1754, 2010, Jun Average, Ethiopia, ETH
23.1202, 2010, Jul Average, Ethiopia, ETH
22.9612, 2010, Aug Average, Ethiopia, ETH
23.3404, 2010, Sep Average, Ethiopia, ETH
23.209, 2010, Oct Average, Ethiopia, ETH
22.516, 2010, Nov Average, Ethiopia, ETH
22.1883, 2010, Dec Average, Ethiopia, ETH
21.9124, 2011, Jan Average, Ethiopia, ETH
23.2045, 2011, Feb Average, Ethiopia, ETH
23.9576, 2011, Mar Average, Ethiopia, ETH
25.5043, 2011, Apr Average, Ethiopia, ETH
24.7203, 2011, May Average, Ethiopia, ETH
24.7827, 2011, Jun Average, Ethiopia, ETH
24.1041, 2011, Jul Average, Ethiopia, ETH
23.1129, 2011, Aug Average, Ethiopia, ETH
23.5811, 2011, Sep Average, Ethiopia, ETH
22.4048, 2011, Oct Average, Ethiopia, ETH
22.7068, 2011, Nov Average, Ethiopia, ETH
21.5447, 2011, Dec Average, Ethiopia, ETH
21.7396, 2012, Jan Average, Ethiopia, ETH
23.1519, 2012, Feb Average, Ethiopia, ETH
24.5518, 2012, Mar Average, Ethiopia, ETH
24.7899, 2012, Apr Average, Ethiopia, ETH
25.1977, 2012, May Average, Ethiopia, ETH
24.132, 2012, Jun Average, Ethiopia, ETH
22.9884, 2012, Jul Average, Ethiopia, ETH
22.7873, 2012, Aug Average, Ethiopia, ETH
23.6287, 2012, Sep Average, Ethiopia, ETH
23.1641, 2012, Oct Average, Ethiopia, ETH
22.2664, 2012, Nov Average, Ethiopia, ETH
21.5565, 2012, Dec Average, Ethiopia, ETH
22.4823, 2013, Jan Average, Ethiopia, ETH
23.8165, 2013, Feb Average, Ethiopia, ETH
24.9588, 2013, Mar Average, Ethiopia, ETH
25.225, 2013, Apr Average, Ethiopia, ETH
25.1946, 2013, May Average, Ethiopia, ETH
23.9753, 2013, Jun Average, Ethiopia, ETH
23.4139, 2013, Jul Average, Ethiopia, ETH
22.8888, 2013, Aug Average, Ethiopia, ETH
23.6526, 2013, Sep Average, Ethiopia, ETH
22.967, 2013, Oct Average, Ethiopia, ETH
22.3652, 2013, Nov Average, Ethiopia, ETH
20.8906, 2013, Dec Average, Ethiopia, ETH
21.7849, 2014, Jan Average, Ethiopia, ETH
22.798, 2014, Feb Average, Ethiopia, ETH
24.6631, 2014, Mar Average, Ethiopia, ETH
24.6675, 2014, Apr Average, Ethiopia, ETH
24.2738, 2014, May Average, Ethiopia, ETH
24.7976, 2014, Jun Average, Ethiopia, ETH
23.7186, 2014, Jul Average, Ethiopia, ETH
23.0807, 2014, Aug Average, Ethiopia, ETH
23.3995, 2014, Sep Average, Ethiopia, ETH
22.731, 2014, Oct Average, Ethiopia, ETH
22.4696, 2014, Nov Average, Ethiopia, ETH
21.9304, 2014, Dec Average, Ethiopia, ETH
21.2843, 2015, Jan Average, Ethiopia, ETH
23.7349, 2015, Feb Average, Ethiopia, ETH
25.124, 2015, Mar Average, Ethiopia, ETH
25.1284, 2015, Apr Average, Ethiopia, ETH
24.8063, 2015, May Average, Ethiopia, ETH
24.6489, 2015, Jun Average, Ethiopia, ETH
24.6472, 2015, Jul Average, Ethiopia, ETH
23.5835, 2015, Aug Average, Ethiopia, ETH
24.3798, 2015, Sep Average, Ethiopia, ETH
24.0153, 2015, Oct Average, Ethiopia, ETH
22.873, 2015, Nov Average, Ethiopia, ETH
21.888, 2015, Dec Average, Ethiopia, ETH
22.3607, 2016, Jan Average, Ethiopia, ETH
23.9324, 2016, Feb Average, Ethiopia, ETH
26.4227, 2016, Mar Average, Ethiopia, ETH
25.2007, 2016, Apr Average, Ethiopia, ETH
24.3455, 2016, May Average, Ethiopia, ETH
24.3142, 2016, Jun Average, Ethiopia, ETH
23.61, 2016, Jul Average, Ethiopia, ETH
23.2247, 2016, Aug Average, Ethiopia, ETH
23.7536, 2016, Sep Average, Ethiopia, ETH
23.4548, 2016, Oct Average, Ethiopia, ETH
22.2788, 2016, Nov Average, Ethiopia, ETH
21.7234, 2016, Dec Average, Ethiopia, ETH
