Temperature - (Celsius), Year, Statistics, Country, ISO3
23.9211, 1901, Jan Average, Nigeria, NGA
26.59, 1901, Feb Average, Nigeria, NGA
27.9895, 1901, Mar Average, Nigeria, NGA
29.5469, 1901, Apr Average, Nigeria, NGA
27.946, 1901, May Average, Nigeria, NGA
26.8519, 1901, Jun Average, Nigeria, NGA
25.7848, 1901, Jul Average, Nigeria, NGA
24.8058, 1901, Aug Average, Nigeria, NGA
25.4635, 1901, Sep Average, Nigeria, NGA
26.7779, 1901, Oct Average, Nigeria, NGA
25.9035, 1901, Nov Average, Nigeria, NGA
24.1893, 1901, Dec Average, Nigeria, NGA
24.1081, 1902, Jan Average, Nigeria, NGA
26.2959, 1902, Feb Average, Nigeria, NGA
28.7558, 1902, Mar Average, Nigeria, NGA
29.776, 1902, Apr Average, Nigeria, NGA
29.0201, 1902, May Average, Nigeria, NGA
26.8887, 1902, Jun Average, Nigeria, NGA
25.7748, 1902, Jul Average, Nigeria, NGA
25.6332, 1902, Aug Average, Nigeria, NGA
26.0338, 1902, Sep Average, Nigeria, NGA
26.3189, 1902, Oct Average, Nigeria, NGA
25.9035, 1902, Nov Average, Nigeria, NGA
24.6482, 1902, Dec Average, Nigeria, NGA
24.8343, 1903, Jan Average, Nigeria, NGA
27.0489, 1903, Feb Average, Nigeria, NGA
29.2176, 1903, Mar Average, Nigeria, NGA
29.7621, 1903, Apr Average, Nigeria, NGA
28.8067, 1903, May Average, Nigeria, NGA
26.9468, 1903, Jun Average, Nigeria, NGA
25.884, 1903, Jul Average, Nigeria, NGA
25.5379, 1903, Aug Average, Nigeria, NGA
26.2897, 1903, Sep Average, Nigeria, NGA
26.7779, 1903, Oct Average, Nigeria, NGA
25.9035, 1903, Nov Average, Nigeria, NGA
24.6482, 1903, Dec Average, Nigeria, NGA
24.567, 1904, Jan Average, Nigeria, NGA
26.5811, 1904, Feb Average, Nigeria, NGA
28.6162, 1904, Mar Average, Nigeria, NGA
29.5617, 1904, Apr Average, Nigeria, NGA
28.673, 1904, May Average, Nigeria, NGA
27.2141, 1904, Jun Average, Nigeria, NGA
25.4214, 1904, Jul Average, Nigeria, NGA
25.0033, 1904, Aug Average, Nigeria, NGA
26.2897, 1904, Sep Average, Nigeria, NGA
26.7779, 1904, Oct Average, Nigeria, NGA
25.9035, 1904, Nov Average, Nigeria, NGA
24.6482, 1904, Dec Average, Nigeria, NGA
23.7404, 1905, Jan Average, Nigeria, NGA
25.1926, 1905, Feb Average, Nigeria, NGA
28.2179, 1905, Mar Average, Nigeria, NGA
29.7342, 1905, Apr Average, Nigeria, NGA
29.0656, 1905, May Average, Nigeria, NGA
26.6993, 1905, Jun Average, Nigeria, NGA
25.8506, 1905, Jul Average, Nigeria, NGA
25.1909, 1905, Aug Average, Nigeria, NGA
25.9647, 1905, Sep Average, Nigeria, NGA
26.5226, 1905, Oct Average, Nigeria, NGA
27.2508, 1905, Nov Average, Nigeria, NGA
25.8923, 1905, Dec Average, Nigeria, NGA
23.7035, 1906, Jan Average, Nigeria, NGA
26.8304, 1906, Feb Average, Nigeria, NGA
29.4448, 1906, Mar Average, Nigeria, NGA
31.7479, 1906, Apr Average, Nigeria, NGA
29.0241, 1906, May Average, Nigeria, NGA
27.8001, 1906, Jun Average, Nigeria, NGA
25.7128, 1906, Jul Average, Nigeria, NGA
25.1429, 1906, Aug Average, Nigeria, NGA
27.1507, 1906, Sep Average, Nigeria, NGA
27.564, 1906, Oct Average, Nigeria, NGA
26.6885, 1906, Nov Average, Nigeria, NGA
26.1463, 1906, Dec Average, Nigeria, NGA
24.4147, 1907, Jan Average, Nigeria, NGA
25.0135, 1907, Feb Average, Nigeria, NGA
28.657, 1907, Mar Average, Nigeria, NGA
29.6682, 1907, Apr Average, Nigeria, NGA
29.8076, 1907, May Average, Nigeria, NGA
27.2816, 1907, Jun Average, Nigeria, NGA
26.4422, 1907, Jul Average, Nigeria, NGA
25.5949, 1907, Aug Average, Nigeria, NGA
26.4045, 1907, Sep Average, Nigeria, NGA
28.6145, 1907, Oct Average, Nigeria, NGA
26.0872, 1907, Nov Average, Nigeria, NGA
23.2907, 1907, Dec Average, Nigeria, NGA
24.1827, 1908, Jan Average, Nigeria, NGA
26.2049, 1908, Feb Average, Nigeria, NGA
28.7327, 1908, Mar Average, Nigeria, NGA
30.2842, 1908, Apr Average, Nigeria, NGA
30.4599, 1908, May Average, Nigeria, NGA
27.6269, 1908, Jun Average, Nigeria, NGA
26.6186, 1908, Jul Average, Nigeria, NGA
24.6973, 1908, Aug Average, Nigeria, NGA
26.0779, 1908, Sep Average, Nigeria, NGA
26.5024, 1908, Oct Average, Nigeria, NGA
25.0771, 1908, Nov Average, Nigeria, NGA
23.8218, 1908, Dec Average, Nigeria, NGA
24.3834, 1909, Jan Average, Nigeria, NGA
27.9922, 1909, Feb Average, Nigeria, NGA
30.6985, 1909, Mar Average, Nigeria, NGA
30.0463, 1909, Apr Average, Nigeria, NGA
28.4811, 1909, May Average, Nigeria, NGA
26.5783, 1909, Jun Average, Nigeria, NGA
25.3607, 1909, Jul Average, Nigeria, NGA
24.3844, 1909, Aug Average, Nigeria, NGA
26.554, 1909, Sep Average, Nigeria, NGA
25.4004, 1909, Oct Average, Nigeria, NGA
26.179, 1909, Nov Average, Nigeria, NGA
24.6482, 1909, Dec Average, Nigeria, NGA
23.5746, 1910, Jan Average, Nigeria, NGA
27.1679, 1910, Feb Average, Nigeria, NGA
28.5153, 1910, Mar Average, Nigeria, NGA
29.5275, 1910, Apr Average, Nigeria, NGA
29.147, 1910, May Average, Nigeria, NGA
28.8049, 1910, Jun Average, Nigeria, NGA
26.7109, 1910, Jul Average, Nigeria, NGA
25.5996, 1910, Aug Average, Nigeria, NGA
26.4517, 1910, Sep Average, Nigeria, NGA
26.5743, 1910, Oct Average, Nigeria, NGA
25.096, 1910, Nov Average, Nigeria, NGA
24.1524, 1910, Dec Average, Nigeria, NGA
24.0439, 1911, Jan Average, Nigeria, NGA
26.6375, 1911, Feb Average, Nigeria, NGA
29.2585, 1911, Mar Average, Nigeria, NGA
29.9718, 1911, Apr Average, Nigeria, NGA
28.892, 1911, May Average, Nigeria, NGA
27.2994, 1911, Jun Average, Nigeria, NGA
26.2852, 1911, Jul Average, Nigeria, NGA
25.4156, 1911, Aug Average, Nigeria, NGA
25.9985, 1911, Sep Average, Nigeria, NGA
26.5783, 1911, Oct Average, Nigeria, NGA
26.4821, 1911, Nov Average, Nigeria, NGA
23.8656, 1911, Dec Average, Nigeria, NGA
24.8754, 1912, Jan Average, Nigeria, NGA
27.005, 1912, Feb Average, Nigeria, NGA
29.156, 1912, Mar Average, Nigeria, NGA
30.9082, 1912, Apr Average, Nigeria, NGA
29.2444, 1912, May Average, Nigeria, NGA
27.6161, 1912, Jun Average, Nigeria, NGA
26.2516, 1912, Jul Average, Nigeria, NGA
25.5955, 1912, Aug Average, Nigeria, NGA
26.2205, 1912, Sep Average, Nigeria, NGA
26.5276, 1912, Oct Average, Nigeria, NGA
25.1094, 1912, Nov Average, Nigeria, NGA
24.5482, 1912, Dec Average, Nigeria, NGA
24.7063, 1913, Jan Average, Nigeria, NGA
26.8278, 1913, Feb Average, Nigeria, NGA
27.5788, 1913, Mar Average, Nigeria, NGA
29.4288, 1913, Apr Average, Nigeria, NGA
29.463, 1913, May Average, Nigeria, NGA
28.4654, 1913, Jun Average, Nigeria, NGA
27.2132, 1913, Jul Average, Nigeria, NGA
26.8554, 1913, Aug Average, Nigeria, NGA
27.5569, 1913, Sep Average, Nigeria, NGA
26.6382, 1913, Oct Average, Nigeria, NGA
25.265, 1913, Nov Average, Nigeria, NGA
24.2691, 1913, Dec Average, Nigeria, NGA
26.3457, 1914, Jan Average, Nigeria, NGA
26.6012, 1914, Feb Average, Nigeria, NGA
28.6503, 1914, Mar Average, Nigeria, NGA
29.8329, 1914, Apr Average, Nigeria, NGA
30.1088, 1914, May Average, Nigeria, NGA
28.5109, 1914, Jun Average, Nigeria, NGA
26.9897, 1914, Jul Average, Nigeria, NGA
25.7554, 1914, Aug Average, Nigeria, NGA
26.9787, 1914, Sep Average, Nigeria, NGA
27.8184, 1914, Oct Average, Nigeria, NGA
28.4726, 1914, Nov Average, Nigeria, NGA
25.0412, 1914, Dec Average, Nigeria, NGA
23.9484, 1915, Jan Average, Nigeria, NGA
26.4832, 1915, Feb Average, Nigeria, NGA
29.3537, 1915, Mar Average, Nigeria, NGA
29.5366, 1915, Apr Average, Nigeria, NGA
28.8804, 1915, May Average, Nigeria, NGA
26.9486, 1915, Jun Average, Nigeria, NGA
25.9239, 1915, Jul Average, Nigeria, NGA
25.3609, 1915, Aug Average, Nigeria, NGA
25.7797, 1915, Sep Average, Nigeria, NGA
26.4386, 1915, Oct Average, Nigeria, NGA
25.6242, 1915, Nov Average, Nigeria, NGA
24.289, 1915, Dec Average, Nigeria, NGA
23.8886, 1916, Jan Average, Nigeria, NGA
26.2038, 1916, Feb Average, Nigeria, NGA
28.9945, 1916, Mar Average, Nigeria, NGA
29.4368, 1916, Apr Average, Nigeria, NGA
28.5611, 1916, May Average, Nigeria, NGA
27.0085, 1916, Jun Average, Nigeria, NGA
25.9438, 1916, Jul Average, Nigeria, NGA
25.0216, 1916, Aug Average, Nigeria, NGA
25.4604, 1916, Sep Average, Nigeria, NGA
26.2391, 1916, Oct Average, Nigeria, NGA
25.1652, 1916, Nov Average, Nigeria, NGA
24.6482, 1916, Dec Average, Nigeria, NGA
24.567, 1917, Jan Average, Nigeria, NGA
26.982, 1917, Feb Average, Nigeria, NGA
28.5356, 1917, Mar Average, Nigeria, NGA
29.4767, 1917, Apr Average, Nigeria, NGA
28.4214, 1917, May Average, Nigeria, NGA
26.9686, 1917, Jun Average, Nigeria, NGA
25.884, 1917, Jul Average, Nigeria, NGA
25.4008, 1917, Aug Average, Nigeria, NGA
25.5203, 1917, Sep Average, Nigeria, NGA
26.299, 1917, Oct Average, Nigeria, NGA
24.9656, 1917, Nov Average, Nigeria, NGA
24.4686, 1917, Dec Average, Nigeria, NGA
24.2278, 1918, Jan Average, Nigeria, NGA
25.9649, 1918, Feb Average, Nigeria, NGA
28.227, 1918, Mar Average, Nigeria, NGA
29.5371, 1918, Apr Average, Nigeria, NGA
28.5406, 1918, May Average, Nigeria, NGA
27.3477, 1918, Jun Average, Nigeria, NGA
25.8893, 1918, Jul Average, Nigeria, NGA
24.8614, 1918, Aug Average, Nigeria, NGA
25.467, 1918, Sep Average, Nigeria, NGA
26.5432, 1918, Oct Average, Nigeria, NGA
25.5726, 1918, Nov Average, Nigeria, NGA
24.6607, 1918, Dec Average, Nigeria, NGA
24.595, 1919, Jan Average, Nigeria, NGA
26.9969, 1919, Feb Average, Nigeria, NGA
29.1601, 1919, Mar Average, Nigeria, NGA
29.8952, 1919, Apr Average, Nigeria, NGA
28.9462, 1919, May Average, Nigeria, NGA
27.343, 1919, Jun Average, Nigeria, NGA
25.8846, 1919, Jul Average, Nigeria, NGA
25.4049, 1919, Aug Average, Nigeria, NGA
25.9605, 1919, Sep Average, Nigeria, NGA
26.7826, 1919, Oct Average, Nigeria, NGA
25.9077, 1919, Nov Average, Nigeria, NGA
24.6542, 1919, Dec Average, Nigeria, NGA
24.6278, 1920, Jan Average, Nigeria, NGA
26.9779, 1920, Feb Average, Nigeria, NGA
29.1405, 1920, Mar Average, Nigeria, NGA
29.891, 1920, Apr Average, Nigeria, NGA
29.2719, 1920, May Average, Nigeria, NGA
27.3442, 1920, Jun Average, Nigeria, NGA
25.8774, 1920, Jul Average, Nigeria, NGA
25.3889, 1920, Aug Average, Nigeria, NGA
25.9451, 1920, Sep Average, Nigeria, NGA
26.7719, 1920, Oct Average, Nigeria, NGA
25.9065, 1920, Nov Average, Nigeria, NGA
24.6464, 1920, Dec Average, Nigeria, NGA
24.0369, 1921, Jan Average, Nigeria, NGA
26.9725, 1921, Feb Average, Nigeria, NGA
29.1429, 1921, Mar Average, Nigeria, NGA
29.8958, 1921, Apr Average, Nigeria, NGA
29.4683, 1921, May Average, Nigeria, NGA
27.3471, 1921, Jun Average, Nigeria, NGA
25.8875, 1921, Jul Average, Nigeria, NGA
25.3948, 1921, Aug Average, Nigeria, NGA
25.9528, 1921, Sep Average, Nigeria, NGA
26.7743, 1921, Oct Average, Nigeria, NGA
25.9053, 1921, Nov Average, Nigeria, NGA
24.6655, 1921, Dec Average, Nigeria, NGA
24.5742, 1922, Jan Average, Nigeria, NGA
26.9755, 1922, Feb Average, Nigeria, NGA
29.1393, 1922, Mar Average, Nigeria, NGA
29.8916, 1922, Apr Average, Nigeria, NGA
29.0466, 1922, May Average, Nigeria, NGA
27.343, 1922, Jun Average, Nigeria, NGA
25.8727, 1922, Jul Average, Nigeria, NGA
24.8829, 1922, Aug Average, Nigeria, NGA
25.3452, 1922, Sep Average, Nigeria, NGA
26.3904, 1922, Oct Average, Nigeria, NGA
25.589, 1922, Nov Average, Nigeria, NGA
24.39, 1922, Dec Average, Nigeria, NGA
26.2099, 1923, Jan Average, Nigeria, NGA
26.56, 1923, Feb Average, Nigeria, NGA
29.927, 1923, Mar Average, Nigeria, NGA
29.8319, 1923, Apr Average, Nigeria, NGA
29.1052, 1923, May Average, Nigeria, NGA
27.6026, 1923, Jun Average, Nigeria, NGA
25.1487, 1923, Jul Average, Nigeria, NGA
24.2099, 1923, Aug Average, Nigeria, NGA
25.9879, 1923, Sep Average, Nigeria, NGA
27.236, 1923, Oct Average, Nigeria, NGA
26.7308, 1923, Nov Average, Nigeria, NGA
25.8747, 1923, Dec Average, Nigeria, NGA
25.174, 1924, Jan Average, Nigeria, NGA
29.4089, 1924, Feb Average, Nigeria, NGA
31.211, 1924, Mar Average, Nigeria, NGA
30.5492, 1924, Apr Average, Nigeria, NGA
29.671, 1924, May Average, Nigeria, NGA
27.3128, 1924, Jun Average, Nigeria, NGA
24.7282, 1924, Jul Average, Nigeria, NGA
24.1422, 1924, Aug Average, Nigeria, NGA
24.4687, 1924, Sep Average, Nigeria, NGA
26.7621, 1924, Oct Average, Nigeria, NGA
25.4908, 1924, Nov Average, Nigeria, NGA
24.0658, 1924, Dec Average, Nigeria, NGA
20.9897, 1925, Jan Average, Nigeria, NGA
25.0941, 1925, Feb Average, Nigeria, NGA
29.9613, 1925, Mar Average, Nigeria, NGA
29.9851, 1925, Apr Average, Nigeria, NGA
28.5053, 1925, May Average, Nigeria, NGA
26.1563, 1925, Jun Average, Nigeria, NGA
25.4691, 1925, Jul Average, Nigeria, NGA
24.2791, 1925, Aug Average, Nigeria, NGA
25.7163, 1925, Sep Average, Nigeria, NGA
26.3571, 1925, Oct Average, Nigeria, NGA
26.6297, 1925, Nov Average, Nigeria, NGA
24.5447, 1925, Dec Average, Nigeria, NGA
25.1058, 1926, Jan Average, Nigeria, NGA
26.6753, 1926, Feb Average, Nigeria, NGA
28.3442, 1926, Mar Average, Nigeria, NGA
28.7915, 1926, Apr Average, Nigeria, NGA
28.5175, 1926, May Average, Nigeria, NGA
26.9797, 1926, Jun Average, Nigeria, NGA
26.4809, 1926, Jul Average, Nigeria, NGA
26.2347, 1926, Aug Average, Nigeria, NGA
27.3559, 1926, Sep Average, Nigeria, NGA
27.6867, 1926, Oct Average, Nigeria, NGA
27.1841, 1926, Nov Average, Nigeria, NGA
25.8746, 1926, Dec Average, Nigeria, NGA
24.1006, 1927, Jan Average, Nigeria, NGA
27.3824, 1927, Feb Average, Nigeria, NGA
28.8855, 1927, Mar Average, Nigeria, NGA
29.4225, 1927, Apr Average, Nigeria, NGA
29.672, 1927, May Average, Nigeria, NGA
27.4859, 1927, Jun Average, Nigeria, NGA
25.8395, 1927, Jul Average, Nigeria, NGA
24.2558, 1927, Aug Average, Nigeria, NGA
26.6674, 1927, Sep Average, Nigeria, NGA
27.1217, 1927, Oct Average, Nigeria, NGA
26.6712, 1927, Nov Average, Nigeria, NGA
26.0801, 1927, Dec Average, Nigeria, NGA
25.0274, 1928, Jan Average, Nigeria, NGA
25.4771, 1928, Feb Average, Nigeria, NGA
29.9746, 1928, Mar Average, Nigeria, NGA
29.2088, 1928, Apr Average, Nigeria, NGA
28.566, 1928, May Average, Nigeria, NGA
26.572, 1928, Jun Average, Nigeria, NGA
26.2411, 1928, Jul Average, Nigeria, NGA
23.6449, 1928, Aug Average, Nigeria, NGA
26.1498, 1928, Sep Average, Nigeria, NGA
26.91, 1928, Oct Average, Nigeria, NGA
26.3251, 1928, Nov Average, Nigeria, NGA
24.0883, 1928, Dec Average, Nigeria, NGA
23.4775, 1929, Jan Average, Nigeria, NGA
26.7584, 1929, Feb Average, Nigeria, NGA
29.0654, 1929, Mar Average, Nigeria, NGA
29.3629, 1929, Apr Average, Nigeria, NGA
29.3024, 1929, May Average, Nigeria, NGA
26.2235, 1929, Jun Average, Nigeria, NGA
24.758, 1929, Jul Average, Nigeria, NGA
23.7044, 1929, Aug Average, Nigeria, NGA
25.4442, 1929, Sep Average, Nigeria, NGA
26.3704, 1929, Oct Average, Nigeria, NGA
26.1687, 1929, Nov Average, Nigeria, NGA
22.3935, 1929, Dec Average, Nigeria, NGA
24.3418, 1930, Jan Average, Nigeria, NGA
28.9686, 1930, Feb Average, Nigeria, NGA
29.3313, 1930, Mar Average, Nigeria, NGA
30.4455, 1930, Apr Average, Nigeria, NGA
29.2096, 1930, May Average, Nigeria, NGA
27.334, 1930, Jun Average, Nigeria, NGA
25.7612, 1930, Jul Average, Nigeria, NGA
25.6114, 1930, Aug Average, Nigeria, NGA
26.81, 1930, Sep Average, Nigeria, NGA
27.3002, 1930, Oct Average, Nigeria, NGA
28.0474, 1930, Nov Average, Nigeria, NGA
28.0269, 1930, Dec Average, Nigeria, NGA
25.9373, 1931, Jan Average, Nigeria, NGA
28.6659, 1931, Feb Average, Nigeria, NGA
30.4444, 1931, Mar Average, Nigeria, NGA
32.1352, 1931, Apr Average, Nigeria, NGA
29.8675, 1931, May Average, Nigeria, NGA
27.4722, 1931, Jun Average, Nigeria, NGA
26.3764, 1931, Jul Average, Nigeria, NGA
25.7902, 1931, Aug Average, Nigeria, NGA
25.452, 1931, Sep Average, Nigeria, NGA
28.0306, 1931, Oct Average, Nigeria, NGA
27.9779, 1931, Nov Average, Nigeria, NGA
27.4629, 1931, Dec Average, Nigeria, NGA
24.2738, 1932, Jan Average, Nigeria, NGA
27.7077, 1932, Feb Average, Nigeria, NGA
30.5629, 1932, Mar Average, Nigeria, NGA
31.2063, 1932, Apr Average, Nigeria, NGA
29.3305, 1932, May Average, Nigeria, NGA
27.5611, 1932, Jun Average, Nigeria, NGA
25.6761, 1932, Jul Average, Nigeria, NGA
25.599, 1932, Aug Average, Nigeria, NGA
26.332, 1932, Sep Average, Nigeria, NGA
27.5218, 1932, Oct Average, Nigeria, NGA
27.995, 1932, Nov Average, Nigeria, NGA
26.1128, 1932, Dec Average, Nigeria, NGA
25.8709, 1933, Jan Average, Nigeria, NGA
28.0149, 1933, Feb Average, Nigeria, NGA
29.3072, 1933, Mar Average, Nigeria, NGA
30.7085, 1933, Apr Average, Nigeria, NGA
28.1956, 1933, May Average, Nigeria, NGA
26.5453, 1933, Jun Average, Nigeria, NGA
25.8011, 1933, Jul Average, Nigeria, NGA
25.1156, 1933, Aug Average, Nigeria, NGA
26.3487, 1933, Sep Average, Nigeria, NGA
26.0698, 1933, Oct Average, Nigeria, NGA
27.9576, 1933, Nov Average, Nigeria, NGA
25.9986, 1933, Dec Average, Nigeria, NGA
24.4632, 1934, Jan Average, Nigeria, NGA
26.6973, 1934, Feb Average, Nigeria, NGA
30.1623, 1934, Mar Average, Nigeria, NGA
31.1593, 1934, Apr Average, Nigeria, NGA
29.4225, 1934, May Average, Nigeria, NGA
27.6411, 1934, Jun Average, Nigeria, NGA
26.3038, 1934, Jul Average, Nigeria, NGA
25.1503, 1934, Aug Average, Nigeria, NGA
26.8356, 1934, Sep Average, Nigeria, NGA
28.2556, 1934, Oct Average, Nigeria, NGA
28.854, 1934, Nov Average, Nigeria, NGA
25.9732, 1934, Dec Average, Nigeria, NGA
26.1211, 1935, Jan Average, Nigeria, NGA
28.4723, 1935, Feb Average, Nigeria, NGA
31.9408, 1935, Mar Average, Nigeria, NGA
30.779, 1935, Apr Average, Nigeria, NGA
29.9421, 1935, May Average, Nigeria, NGA
26.8618, 1935, Jun Average, Nigeria, NGA
26.2588, 1935, Jul Average, Nigeria, NGA
25.0055, 1935, Aug Average, Nigeria, NGA
26.0079, 1935, Sep Average, Nigeria, NGA
27.2687, 1935, Oct Average, Nigeria, NGA
27.666, 1935, Nov Average, Nigeria, NGA
26.2845, 1935, Dec Average, Nigeria, NGA
24.1956, 1936, Jan Average, Nigeria, NGA
28.4203, 1936, Feb Average, Nigeria, NGA
32.2038, 1936, Mar Average, Nigeria, NGA
30.4115, 1936, Apr Average, Nigeria, NGA
29.2008, 1936, May Average, Nigeria, NGA
27.0422, 1936, Jun Average, Nigeria, NGA
24.6336, 1936, Jul Average, Nigeria, NGA
23.6254, 1936, Aug Average, Nigeria, NGA
24.901, 1936, Sep Average, Nigeria, NGA
26.8634, 1936, Oct Average, Nigeria, NGA
27.5109, 1936, Nov Average, Nigeria, NGA
24.6141, 1936, Dec Average, Nigeria, NGA
24.3974, 1937, Jan Average, Nigeria, NGA
27.4682, 1937, Feb Average, Nigeria, NGA
30.751, 1937, Mar Average, Nigeria, NGA
30.6114, 1937, Apr Average, Nigeria, NGA
29.7212, 1937, May Average, Nigeria, NGA
28.5387, 1937, Jun Average, Nigeria, NGA
26.2217, 1937, Jul Average, Nigeria, NGA
25.453, 1937, Aug Average, Nigeria, NGA
26.5951, 1937, Sep Average, Nigeria, NGA
29.1046, 1937, Oct Average, Nigeria, NGA
28.0624, 1937, Nov Average, Nigeria, NGA
26.8167, 1937, Dec Average, Nigeria, NGA
25.9324, 1938, Jan Average, Nigeria, NGA
28.5731, 1938, Feb Average, Nigeria, NGA
29.4307, 1938, Mar Average, Nigeria, NGA
32.0038, 1938, Apr Average, Nigeria, NGA
31.0938, 1938, May Average, Nigeria, NGA
29.5413, 1938, Jun Average, Nigeria, NGA
26.8091, 1938, Jul Average, Nigeria, NGA
25.1983, 1938, Aug Average, Nigeria, NGA
26.5984, 1938, Sep Average, Nigeria, NGA
28.2404, 1938, Oct Average, Nigeria, NGA
29.4094, 1938, Nov Average, Nigeria, NGA
24.327, 1938, Dec Average, Nigeria, NGA
26.0633, 1939, Jan Average, Nigeria, NGA
28.6357, 1939, Feb Average, Nigeria, NGA
31.2343, 1939, Mar Average, Nigeria, NGA
28.3816, 1939, Apr Average, Nigeria, NGA
29.3356, 1939, May Average, Nigeria, NGA
27.8444, 1939, Jun Average, Nigeria, NGA
26.6949, 1939, Jul Average, Nigeria, NGA
25.702, 1939, Aug Average, Nigeria, NGA
25.9837, 1939, Sep Average, Nigeria, NGA
27.9225, 1939, Oct Average, Nigeria, NGA
27.3463, 1939, Nov Average, Nigeria, NGA
27.2525, 1939, Dec Average, Nigeria, NGA
24.9327, 1940, Jan Average, Nigeria, NGA
26.985, 1940, Feb Average, Nigeria, NGA
29.1393, 1940, Mar Average, Nigeria, NGA
29.8963, 1940, Apr Average, Nigeria, NGA
29.2302, 1940, May Average, Nigeria, NGA
27.3531, 1940, Jun Average, Nigeria, NGA
25.8863, 1940, Jul Average, Nigeria, NGA
25.4031, 1940, Aug Average, Nigeria, NGA
25.9629, 1940, Sep Average, Nigeria, NGA
26.7856, 1940, Oct Average, Nigeria, NGA
25.9012, 1940, Nov Average, Nigeria, NGA
24.6601, 1940, Dec Average, Nigeria, NGA
27.1328, 1941, Jan Average, Nigeria, NGA
27.3735, 1941, Feb Average, Nigeria, NGA
30.9415, 1941, Mar Average, Nigeria, NGA
31.6919, 1941, Apr Average, Nigeria, NGA
30.2661, 1941, May Average, Nigeria, NGA
27.8834, 1941, Jun Average, Nigeria, NGA
26.1906, 1941, Jul Average, Nigeria, NGA
26.1497, 1941, Aug Average, Nigeria, NGA
26.8962, 1941, Sep Average, Nigeria, NGA
27.9076, 1941, Oct Average, Nigeria, NGA
27.3891, 1941, Nov Average, Nigeria, NGA
25.9895, 1941, Dec Average, Nigeria, NGA
25.942, 1942, Jan Average, Nigeria, NGA
28.8495, 1942, Feb Average, Nigeria, NGA
29.7285, 1942, Mar Average, Nigeria, NGA
30.5776, 1942, Apr Average, Nigeria, NGA
28.6861, 1942, May Average, Nigeria, NGA
28.4198, 1942, Jun Average, Nigeria, NGA
26.3271, 1942, Jul Average, Nigeria, NGA
24.8182, 1942, Aug Average, Nigeria, NGA
27.047, 1942, Sep Average, Nigeria, NGA
27.5908, 1942, Oct Average, Nigeria, NGA
27.3013, 1942, Nov Average, Nigeria, NGA
25.7449, 1942, Dec Average, Nigeria, NGA
25.0177, 1943, Jan Average, Nigeria, NGA
27.1797, 1943, Feb Average, Nigeria, NGA
29.186, 1943, Mar Average, Nigeria, NGA
29.4404, 1943, Apr Average, Nigeria, NGA
28.2137, 1943, May Average, Nigeria, NGA
27.0259, 1943, Jun Average, Nigeria, NGA
25.7595, 1943, Jul Average, Nigeria, NGA
24.8508, 1943, Aug Average, Nigeria, NGA
25.4861, 1943, Sep Average, Nigeria, NGA
27.1419, 1943, Oct Average, Nigeria, NGA
27.6552, 1943, Nov Average, Nigeria, NGA
26.0909, 1943, Dec Average, Nigeria, NGA
23.613, 1944, Jan Average, Nigeria, NGA
26.6537, 1944, Feb Average, Nigeria, NGA
29.2404, 1944, Mar Average, Nigeria, NGA
29.4287, 1944, Apr Average, Nigeria, NGA
29.1934, 1944, May Average, Nigeria, NGA
27.9631, 1944, Jun Average, Nigeria, NGA
26.5424, 1944, Jul Average, Nigeria, NGA
25.0411, 1944, Aug Average, Nigeria, NGA
26.0382, 1944, Sep Average, Nigeria, NGA
27.399, 1944, Oct Average, Nigeria, NGA
26.6724, 1944, Nov Average, Nigeria, NGA
26.3011, 1944, Dec Average, Nigeria, NGA
26.0432, 1945, Jan Average, Nigeria, NGA
25.7279, 1945, Feb Average, Nigeria, NGA
27.9624, 1945, Mar Average, Nigeria, NGA
29.2203, 1945, Apr Average, Nigeria, NGA
28.3784, 1945, May Average, Nigeria, NGA
27.5587, 1945, Jun Average, Nigeria, NGA
26.3387, 1945, Jul Average, Nigeria, NGA
24.5923, 1945, Aug Average, Nigeria, NGA
25.9615, 1945, Sep Average, Nigeria, NGA
26.7036, 1945, Oct Average, Nigeria, NGA
26.3905, 1945, Nov Average, Nigeria, NGA
23.8933, 1945, Dec Average, Nigeria, NGA
25.748, 1946, Jan Average, Nigeria, NGA
26.684, 1946, Feb Average, Nigeria, NGA
29.601, 1946, Mar Average, Nigeria, NGA
30.1368, 1946, Apr Average, Nigeria, NGA
29.1287, 1946, May Average, Nigeria, NGA
26.8348, 1946, Jun Average, Nigeria, NGA
25.2918, 1946, Jul Average, Nigeria, NGA
24.3817, 1946, Aug Average, Nigeria, NGA
25.1599, 1946, Sep Average, Nigeria, NGA
25.9747, 1946, Oct Average, Nigeria, NGA
26.7052, 1946, Nov Average, Nigeria, NGA
24.5842, 1946, Dec Average, Nigeria, NGA
24.5193, 1947, Jan Average, Nigeria, NGA
29.7793, 1947, Feb Average, Nigeria, NGA
28.6252, 1947, Mar Average, Nigeria, NGA
29.6098, 1947, Apr Average, Nigeria, NGA
29.2729, 1947, May Average, Nigeria, NGA
27.4429, 1947, Jun Average, Nigeria, NGA
25.9547, 1947, Jul Average, Nigeria, NGA
25.181, 1947, Aug Average, Nigeria, NGA
25.8342, 1947, Sep Average, Nigeria, NGA
26.978, 1947, Oct Average, Nigeria, NGA
25.8384, 1947, Nov Average, Nigeria, NGA
25.4105, 1947, Dec Average, Nigeria, NGA
24.1461, 1948, Jan Average, Nigeria, NGA
26.9921, 1948, Feb Average, Nigeria, NGA
27.5872, 1948, Mar Average, Nigeria, NGA
29.3464, 1948, Apr Average, Nigeria, NGA
28.7957, 1948, May Average, Nigeria, NGA
26.305, 1948, Jun Average, Nigeria, NGA
25.7517, 1948, Jul Average, Nigeria, NGA
24.9927, 1948, Aug Average, Nigeria, NGA
26.0876, 1948, Sep Average, Nigeria, NGA
26.5711, 1948, Oct Average, Nigeria, NGA
25.5906, 1948, Nov Average, Nigeria, NGA
24.2664, 1948, Dec Average, Nigeria, NGA
24.8739, 1949, Jan Average, Nigeria, NGA
26.4119, 1949, Feb Average, Nigeria, NGA
30.0262, 1949, Mar Average, Nigeria, NGA
30.1008, 1949, Apr Average, Nigeria, NGA
29.2056, 1949, May Average, Nigeria, NGA
27.74, 1949, Jun Average, Nigeria, NGA
26.1844, 1949, Jul Average, Nigeria, NGA
25.0826, 1949, Aug Average, Nigeria, NGA
26.2874, 1949, Sep Average, Nigeria, NGA
27.5177, 1949, Oct Average, Nigeria, NGA
27.1786, 1949, Nov Average, Nigeria, NGA
24.5985, 1949, Dec Average, Nigeria, NGA
25.1958, 1950, Jan Average, Nigeria, NGA
25.7905, 1950, Feb Average, Nigeria, NGA
28.2169, 1950, Mar Average, Nigeria, NGA
29.016, 1950, Apr Average, Nigeria, NGA
28.9135, 1950, May Average, Nigeria, NGA
28.0154, 1950, Jun Average, Nigeria, NGA
25.4279, 1950, Jul Average, Nigeria, NGA
24.2615, 1950, Aug Average, Nigeria, NGA
25.1619, 1950, Sep Average, Nigeria, NGA
26.4021, 1950, Oct Average, Nigeria, NGA
25.6421, 1950, Nov Average, Nigeria, NGA
24.992, 1950, Dec Average, Nigeria, NGA
25.1846, 1951, Jan Average, Nigeria, NGA
27.0541, 1951, Feb Average, Nigeria, NGA
29.6501, 1951, Mar Average, Nigeria, NGA
29.6713, 1951, Apr Average, Nigeria, NGA
28.8039, 1951, May Average, Nigeria, NGA
27.766, 1951, Jun Average, Nigeria, NGA
26.0702, 1951, Jul Average, Nigeria, NGA
25.2886, 1951, Aug Average, Nigeria, NGA
25.6378, 1951, Sep Average, Nigeria, NGA
26.8755, 1951, Oct Average, Nigeria, NGA
25.6396, 1951, Nov Average, Nigeria, NGA
23.8386, 1951, Dec Average, Nigeria, NGA
25.3883, 1952, Jan Average, Nigeria, NGA
26.5557, 1952, Feb Average, Nigeria, NGA
28.876, 1952, Mar Average, Nigeria, NGA
30.228, 1952, Apr Average, Nigeria, NGA
29.0529, 1952, May Average, Nigeria, NGA
27.603, 1952, Jun Average, Nigeria, NGA
25.8525, 1952, Jul Average, Nigeria, NGA
24.476, 1952, Aug Average, Nigeria, NGA
25.0179, 1952, Sep Average, Nigeria, NGA
26.2536, 1952, Oct Average, Nigeria, NGA
25.5461, 1952, Nov Average, Nigeria, NGA
24.6035, 1952, Dec Average, Nigeria, NGA
25.4548, 1953, Jan Average, Nigeria, NGA
27.6622, 1953, Feb Average, Nigeria, NGA
29.567, 1953, Mar Average, Nigeria, NGA
28.9493, 1953, Apr Average, Nigeria, NGA
27.8731, 1953, May Average, Nigeria, NGA
26.2593, 1953, Jun Average, Nigeria, NGA
25.0598, 1953, Jul Average, Nigeria, NGA
24.8044, 1953, Aug Average, Nigeria, NGA
25.8638, 1953, Sep Average, Nigeria, NGA
26.6464, 1953, Oct Average, Nigeria, NGA
25.9165, 1953, Nov Average, Nigeria, NGA
23.905, 1953, Dec Average, Nigeria, NGA
24.8944, 1954, Jan Average, Nigeria, NGA
27.8204, 1954, Feb Average, Nigeria, NGA
29.4883, 1954, Mar Average, Nigeria, NGA
29.7689, 1954, Apr Average, Nigeria, NGA
28.0329, 1954, May Average, Nigeria, NGA
26.6749, 1954, Jun Average, Nigeria, NGA
24.7516, 1954, Jul Average, Nigeria, NGA
24.0316, 1954, Aug Average, Nigeria, NGA
25.6358, 1954, Sep Average, Nigeria, NGA
26.1795, 1954, Oct Average, Nigeria, NGA
26.4137, 1954, Nov Average, Nigeria, NGA
24.9133, 1954, Dec Average, Nigeria, NGA
25.0098, 1955, Jan Average, Nigeria, NGA
27.0939, 1955, Feb Average, Nigeria, NGA
29.0362, 1955, Mar Average, Nigeria, NGA
29.2803, 1955, Apr Average, Nigeria, NGA
28.5161, 1955, May Average, Nigeria, NGA
26.4861, 1955, Jun Average, Nigeria, NGA
25.2461, 1955, Jul Average, Nigeria, NGA
24.8046, 1955, Aug Average, Nigeria, NGA
25.1948, 1955, Sep Average, Nigeria, NGA
26.3983, 1955, Oct Average, Nigeria, NGA
25.5884, 1955, Nov Average, Nigeria, NGA
24.1652, 1955, Dec Average, Nigeria, NGA
24.1446, 1956, Jan Average, Nigeria, NGA
28.1527, 1956, Feb Average, Nigeria, NGA
29.44, 1956, Mar Average, Nigeria, NGA
29.3244, 1956, Apr Average, Nigeria, NGA
28.8232, 1956, May Average, Nigeria, NGA
27.0374, 1956, Jun Average, Nigeria, NGA
24.7528, 1956, Jul Average, Nigeria, NGA
24.2945, 1956, Aug Average, Nigeria, NGA
25.3663, 1956, Sep Average, Nigeria, NGA
25.8092, 1956, Oct Average, Nigeria, NGA
26.136, 1956, Nov Average, Nigeria, NGA
24.4516, 1956, Dec Average, Nigeria, NGA
24.0009, 1957, Jan Average, Nigeria, NGA
25.9347, 1957, Feb Average, Nigeria, NGA
28.3887, 1957, Mar Average, Nigeria, NGA
29.5075, 1957, Apr Average, Nigeria, NGA
28.3517, 1957, May Average, Nigeria, NGA
26.7663, 1957, Jun Average, Nigeria, NGA
25.5639, 1957, Jul Average, Nigeria, NGA
25.2189, 1957, Aug Average, Nigeria, NGA
25.6769, 1957, Sep Average, Nigeria, NGA
26.5854, 1957, Oct Average, Nigeria, NGA
27.0266, 1957, Nov Average, Nigeria, NGA
25.7071, 1957, Dec Average, Nigeria, NGA
25.9836, 1958, Jan Average, Nigeria, NGA
26.2882, 1958, Feb Average, Nigeria, NGA
29.6668, 1958, Mar Average, Nigeria, NGA
30.1587, 1958, Apr Average, Nigeria, NGA
28.8006, 1958, May Average, Nigeria, NGA
26.7308, 1958, Jun Average, Nigeria, NGA
24.8143, 1958, Jul Average, Nigeria, NGA
24.9244, 1958, Aug Average, Nigeria, NGA
25.8129, 1958, Sep Average, Nigeria, NGA
26.6042, 1958, Oct Average, Nigeria, NGA
26.9038, 1958, Nov Average, Nigeria, NGA
25.8321, 1958, Dec Average, Nigeria, NGA
25.0235, 1959, Jan Average, Nigeria, NGA
26.8003, 1959, Feb Average, Nigeria, NGA
29.2521, 1959, Mar Average, Nigeria, NGA
29.737, 1959, Apr Average, Nigeria, NGA
28.7553, 1959, May Average, Nigeria, NGA
27.5452, 1959, Jun Average, Nigeria, NGA
26.2525, 1959, Jul Average, Nigeria, NGA
24.6132, 1959, Aug Average, Nigeria, NGA
25.3588, 1959, Sep Average, Nigeria, NGA
26.3118, 1959, Oct Average, Nigeria, NGA
26.0746, 1959, Nov Average, Nigeria, NGA
24.5061, 1959, Dec Average, Nigeria, NGA
24.7408, 1960, Jan Average, Nigeria, NGA
26.9546, 1960, Feb Average, Nigeria, NGA
28.8712, 1960, Mar Average, Nigeria, NGA
29.5879, 1960, Apr Average, Nigeria, NGA
28.5763, 1960, May Average, Nigeria, NGA
27.3006, 1960, Jun Average, Nigeria, NGA
25.3184, 1960, Jul Average, Nigeria, NGA
25.6547, 1960, Aug Average, Nigeria, NGA
25.9046, 1960, Sep Average, Nigeria, NGA
26.8075, 1960, Oct Average, Nigeria, NGA
25.7247, 1960, Nov Average, Nigeria, NGA
26.2619, 1960, Dec Average, Nigeria, NGA
25.2401, 1961, Jan Average, Nigeria, NGA
25.3091, 1961, Feb Average, Nigeria, NGA
28.1284, 1961, Mar Average, Nigeria, NGA
29.4697, 1961, Apr Average, Nigeria, NGA
28.8975, 1961, May Average, Nigeria, NGA
27.1506, 1961, Jun Average, Nigeria, NGA
25.0863, 1961, Jul Average, Nigeria, NGA
24.7546, 1961, Aug Average, Nigeria, NGA
25.4263, 1961, Sep Average, Nigeria, NGA
26.2484, 1961, Oct Average, Nigeria, NGA
25.1225, 1961, Nov Average, Nigeria, NGA
23.3169, 1961, Dec Average, Nigeria, NGA
23.7301, 1962, Jan Average, Nigeria, NGA
26.6126, 1962, Feb Average, Nigeria, NGA
29.2272, 1962, Mar Average, Nigeria, NGA
29.4853, 1962, Apr Average, Nigeria, NGA
28.601, 1962, May Average, Nigeria, NGA
26.6076, 1962, Jun Average, Nigeria, NGA
25.7952, 1962, Jul Average, Nigeria, NGA
24.654, 1962, Aug Average, Nigeria, NGA
25.6705, 1962, Sep Average, Nigeria, NGA
26.7255, 1962, Oct Average, Nigeria, NGA
26.9295, 1962, Nov Average, Nigeria, NGA
25.3262, 1962, Dec Average, Nigeria, NGA
25.3011, 1963, Jan Average, Nigeria, NGA
28.7435, 1963, Feb Average, Nigeria, NGA
28.423, 1963, Mar Average, Nigeria, NGA
29.4972, 1963, Apr Average, Nigeria, NGA
28.8872, 1963, May Average, Nigeria, NGA
27.4647, 1963, Jun Average, Nigeria, NGA
25.9553, 1963, Jul Average, Nigeria, NGA
25.5334, 1963, Aug Average, Nigeria, NGA
26.5637, 1963, Sep Average, Nigeria, NGA
26.8678, 1963, Oct Average, Nigeria, NGA
25.4408, 1963, Nov Average, Nigeria, NGA
24.9098, 1963, Dec Average, Nigeria, NGA
25.1729, 1964, Jan Average, Nigeria, NGA
26.563, 1964, Feb Average, Nigeria, NGA
29.5801, 1964, Mar Average, Nigeria, NGA
30.0957, 1964, Apr Average, Nigeria, NGA
28.7494, 1964, May Average, Nigeria, NGA
26.8291, 1964, Jun Average, Nigeria, NGA
25.3934, 1964, Jul Average, Nigeria, NGA
24.383, 1964, Aug Average, Nigeria, NGA
25.4108, 1964, Sep Average, Nigeria, NGA
26.2103, 1964, Oct Average, Nigeria, NGA
25.4018, 1964, Nov Average, Nigeria, NGA
25.1637, 1964, Dec Average, Nigeria, NGA
25.6492, 1965, Jan Average, Nigeria, NGA
27.1522, 1965, Feb Average, Nigeria, NGA
28.2755, 1965, Mar Average, Nigeria, NGA
29.1734, 1965, Apr Average, Nigeria, NGA
28.8225, 1965, May Average, Nigeria, NGA
26.7695, 1965, Jun Average, Nigeria, NGA
25.6879, 1965, Jul Average, Nigeria, NGA
24.9429, 1965, Aug Average, Nigeria, NGA
25.8745, 1965, Sep Average, Nigeria, NGA
26.7025, 1965, Oct Average, Nigeria, NGA
25.1154, 1965, Nov Average, Nigeria, NGA
23.8834, 1965, Dec Average, Nigeria, NGA
24.9878, 1966, Jan Average, Nigeria, NGA
26.2485, 1966, Feb Average, Nigeria, NGA
29.1185, 1966, Mar Average, Nigeria, NGA
29.5161, 1966, Apr Average, Nigeria, NGA
28.6747, 1966, May Average, Nigeria, NGA
26.9786, 1966, Jun Average, Nigeria, NGA
26.7279, 1966, Jul Average, Nigeria, NGA
25.506, 1966, Aug Average, Nigeria, NGA
25.7303, 1966, Sep Average, Nigeria, NGA
26.5968, 1966, Oct Average, Nigeria, NGA
25.9668, 1966, Nov Average, Nigeria, NGA
24.7136, 1966, Dec Average, Nigeria, NGA
23.6544, 1967, Jan Average, Nigeria, NGA
27.246, 1967, Feb Average, Nigeria, NGA
28.498, 1967, Mar Average, Nigeria, NGA
29.8821, 1967, Apr Average, Nigeria, NGA
28.8392, 1967, May Average, Nigeria, NGA
27.0597, 1967, Jun Average, Nigeria, NGA
25.6437, 1967, Jul Average, Nigeria, NGA
24.8895, 1967, Aug Average, Nigeria, NGA
25.3414, 1967, Sep Average, Nigeria, NGA
26.1063, 1967, Oct Average, Nigeria, NGA
25.2864, 1967, Nov Average, Nigeria, NGA
25.2676, 1967, Dec Average, Nigeria, NGA
24.0717, 1968, Jan Average, Nigeria, NGA
27.0551, 1968, Feb Average, Nigeria, NGA
28.9526, 1968, Mar Average, Nigeria, NGA
28.7794, 1968, Apr Average, Nigeria, NGA
28.1336, 1968, May Average, Nigeria, NGA
26.5264, 1968, Jun Average, Nigeria, NGA
25.6306, 1968, Jul Average, Nigeria, NGA
26.2004, 1968, Aug Average, Nigeria, NGA
26.2125, 1968, Sep Average, Nigeria, NGA
27.0252, 1968, Oct Average, Nigeria, NGA
25.989, 1968, Nov Average, Nigeria, NGA
25.8416, 1968, Dec Average, Nigeria, NGA
24.5647, 1969, Jan Average, Nigeria, NGA
28.0512, 1969, Feb Average, Nigeria, NGA
30.2192, 1969, Mar Average, Nigeria, NGA
30.56, 1969, Apr Average, Nigeria, NGA
29.3286, 1969, May Average, Nigeria, NGA
27.7279, 1969, Jun Average, Nigeria, NGA
26.0517, 1969, Jul Average, Nigeria, NGA
25.4931, 1969, Aug Average, Nigeria, NGA
26.0867, 1969, Sep Average, Nigeria, NGA
27.047, 1969, Oct Average, Nigeria, NGA
25.9236, 1969, Nov Average, Nigeria, NGA
25.9314, 1969, Dec Average, Nigeria, NGA
25.6709, 1970, Jan Average, Nigeria, NGA
27.0301, 1970, Feb Average, Nigeria, NGA
28.9197, 1970, Mar Average, Nigeria, NGA
30.1507, 1970, Apr Average, Nigeria, NGA
29.0522, 1970, May Average, Nigeria, NGA
27.9239, 1970, Jun Average, Nigeria, NGA
25.9425, 1970, Jul Average, Nigeria, NGA
25.3308, 1970, Aug Average, Nigeria, NGA
25.7056, 1970, Sep Average, Nigeria, NGA
26.5587, 1970, Oct Average, Nigeria, NGA
25.6957, 1970, Nov Average, Nigeria, NGA
24.2295, 1970, Dec Average, Nigeria, NGA
23.6486, 1971, Jan Average, Nigeria, NGA
26.9531, 1971, Feb Average, Nigeria, NGA
29.695, 1971, Mar Average, Nigeria, NGA
29.4429, 1971, Apr Average, Nigeria, NGA
28.693, 1971, May Average, Nigeria, NGA
27.3586, 1971, Jun Average, Nigeria, NGA
25.5632, 1971, Jul Average, Nigeria, NGA
24.3108, 1971, Aug Average, Nigeria, NGA
25.1785, 1971, Sep Average, Nigeria, NGA
26.1302, 1971, Oct Average, Nigeria, NGA
25.4326, 1971, Nov Average, Nigeria, NGA
24.0729, 1971, Dec Average, Nigeria, NGA
24.6359, 1972, Jan Average, Nigeria, NGA
27.2537, 1972, Feb Average, Nigeria, NGA
29.3075, 1972, Mar Average, Nigeria, NGA
29.372, 1972, Apr Average, Nigeria, NGA
28.5014, 1972, May Average, Nigeria, NGA
26.6382, 1972, Jun Average, Nigeria, NGA
26.4907, 1972, Jul Average, Nigeria, NGA
25.6056, 1972, Aug Average, Nigeria, NGA
26.4367, 1972, Sep Average, Nigeria, NGA
26.9497, 1972, Oct Average, Nigeria, NGA
25.1417, 1972, Nov Average, Nigeria, NGA
24.965, 1972, Dec Average, Nigeria, NGA
25.5347, 1973, Jan Average, Nigeria, NGA
28.1599, 1973, Feb Average, Nigeria, NGA
29.2051, 1973, Mar Average, Nigeria, NGA
30.341, 1973, Apr Average, Nigeria, NGA
29.1017, 1973, May Average, Nigeria, NGA
28.0532, 1973, Jun Average, Nigeria, NGA
26.5167, 1973, Jul Average, Nigeria, NGA
25.5515, 1973, Aug Average, Nigeria, NGA
26.1441, 1973, Sep Average, Nigeria, NGA
26.9781, 1973, Oct Average, Nigeria, NGA
25.136, 1973, Nov Average, Nigeria, NGA
25.1759, 1973, Dec Average, Nigeria, NGA
23.7589, 1974, Jan Average, Nigeria, NGA
26.4071, 1974, Feb Average, Nigeria, NGA
29.0971, 1974, Mar Average, Nigeria, NGA
30.0696, 1974, Apr Average, Nigeria, NGA
28.3189, 1974, May Average, Nigeria, NGA
27.4883, 1974, Jun Average, Nigeria, NGA
25.1155, 1974, Jul Average, Nigeria, NGA
24.8943, 1974, Aug Average, Nigeria, NGA
25.0288, 1974, Sep Average, Nigeria, NGA
26.2188, 1974, Oct Average, Nigeria, NGA
25.3989, 1974, Nov Average, Nigeria, NGA
23.2295, 1974, Dec Average, Nigeria, NGA
22.9159, 1975, Jan Average, Nigeria, NGA
26.3893, 1975, Feb Average, Nigeria, NGA
28.8256, 1975, Mar Average, Nigeria, NGA
29.6638, 1975, Apr Average, Nigeria, NGA
28.3547, 1975, May Average, Nigeria, NGA
27.18, 1975, Jun Average, Nigeria, NGA
25.1796, 1975, Jul Average, Nigeria, NGA
24.6729, 1975, Aug Average, Nigeria, NGA
24.955, 1975, Sep Average, Nigeria, NGA
26.0208, 1975, Oct Average, Nigeria, NGA
25.8131, 1975, Nov Average, Nigeria, NGA
24.3653, 1975, Dec Average, Nigeria, NGA
24.1583, 1976, Jan Average, Nigeria, NGA
27.0484, 1976, Feb Average, Nigeria, NGA
28.2691, 1976, Mar Average, Nigeria, NGA
29.3396, 1976, Apr Average, Nigeria, NGA
28.5995, 1976, May Average, Nigeria, NGA
26.4572, 1976, Jun Average, Nigeria, NGA
25.4208, 1976, Jul Average, Nigeria, NGA
24.9232, 1976, Aug Average, Nigeria, NGA
25.5863, 1976, Sep Average, Nigeria, NGA
26.2371, 1976, Oct Average, Nigeria, NGA
25.5463, 1976, Nov Average, Nigeria, NGA
24.7772, 1976, Dec Average, Nigeria, NGA
24.982, 1977, Jan Average, Nigeria, NGA
26.2999, 1977, Feb Average, Nigeria, NGA
28.2659, 1977, Mar Average, Nigeria, NGA
29.6159, 1977, Apr Average, Nigeria, NGA
29.0358, 1977, May Average, Nigeria, NGA
27.3997, 1977, Jun Average, Nigeria, NGA
25.8829, 1977, Jul Average, Nigeria, NGA
24.7421, 1977, Aug Average, Nigeria, NGA
25.8552, 1977, Sep Average, Nigeria, NGA
26.4544, 1977, Oct Average, Nigeria, NGA
25.3486, 1977, Nov Average, Nigeria, NGA
23.7147, 1977, Dec Average, Nigeria, NGA
24.545, 1978, Jan Average, Nigeria, NGA
27.5448, 1978, Feb Average, Nigeria, NGA
29.0651, 1978, Mar Average, Nigeria, NGA
29.4713, 1978, Apr Average, Nigeria, NGA
28.495, 1978, May Average, Nigeria, NGA
26.6002, 1978, Jun Average, Nigeria, NGA
24.8637, 1978, Jul Average, Nigeria, NGA
25.2607, 1978, Aug Average, Nigeria, NGA
25.4518, 1978, Sep Average, Nigeria, NGA
26.598, 1978, Oct Average, Nigeria, NGA
25.3776, 1978, Nov Average, Nigeria, NGA
24.9544, 1978, Dec Average, Nigeria, NGA
25.412, 1979, Jan Average, Nigeria, NGA
27.2009, 1979, Feb Average, Nigeria, NGA
29.7174, 1979, Mar Average, Nigeria, NGA
29.5653, 1979, Apr Average, Nigeria, NGA
28.6409, 1979, May Average, Nigeria, NGA
26.526, 1979, Jun Average, Nigeria, NGA
25.5805, 1979, Jul Average, Nigeria, NGA
25.4861, 1979, Aug Average, Nigeria, NGA
26.1147, 1979, Sep Average, Nigeria, NGA
27.1092, 1979, Oct Average, Nigeria, NGA
26.8079, 1979, Nov Average, Nigeria, NGA
23.7497, 1979, Dec Average, Nigeria, NGA
25.7601, 1980, Jan Average, Nigeria, NGA
27.2892, 1980, Feb Average, Nigeria, NGA
29.2565, 1980, Mar Average, Nigeria, NGA
30.141, 1980, Apr Average, Nigeria, NGA
28.9078, 1980, May Average, Nigeria, NGA
27.075, 1980, Jun Average, Nigeria, NGA
25.438, 1980, Jul Average, Nigeria, NGA
25.1594, 1980, Aug Average, Nigeria, NGA
26.385, 1980, Sep Average, Nigeria, NGA
26.8978, 1980, Oct Average, Nigeria, NGA
26.2664, 1980, Nov Average, Nigeria, NGA
23.6508, 1980, Dec Average, Nigeria, NGA
23.2828, 1981, Jan Average, Nigeria, NGA
27.2194, 1981, Feb Average, Nigeria, NGA
29.4599, 1981, Mar Average, Nigeria, NGA
30.1885, 1981, Apr Average, Nigeria, NGA
28.8955, 1981, May Average, Nigeria, NGA
27.5198, 1981, Jun Average, Nigeria, NGA
25.4891, 1981, Jul Average, Nigeria, NGA
25.7095, 1981, Aug Average, Nigeria, NGA
26.2733, 1981, Sep Average, Nigeria, NGA
27.3351, 1981, Oct Average, Nigeria, NGA
25.4428, 1981, Nov Average, Nigeria, NGA
25.0769, 1981, Dec Average, Nigeria, NGA
24.9381, 1982, Jan Average, Nigeria, NGA
26.5487, 1982, Feb Average, Nigeria, NGA
29.1946, 1982, Mar Average, Nigeria, NGA
30.4852, 1982, Apr Average, Nigeria, NGA
29.0344, 1982, May Average, Nigeria, NGA
27.643, 1982, Jun Average, Nigeria, NGA
26.4108, 1982, Jul Average, Nigeria, NGA
25.2187, 1982, Aug Average, Nigeria, NGA
26.5474, 1982, Sep Average, Nigeria, NGA
27.1566, 1982, Oct Average, Nigeria, NGA
25.1618, 1982, Nov Average, Nigeria, NGA
24.8252, 1982, Dec Average, Nigeria, NGA
22.2631, 1983, Jan Average, Nigeria, NGA
27.7829, 1983, Feb Average, Nigeria, NGA
28.6051, 1983, Mar Average, Nigeria, NGA
30.9182, 1983, Apr Average, Nigeria, NGA
30.2348, 1983, May Average, Nigeria, NGA
27.6667, 1983, Jun Average, Nigeria, NGA
26.4656, 1983, Jul Average, Nigeria, NGA
25.9089, 1983, Aug Average, Nigeria, NGA
26.4093, 1983, Sep Average, Nigeria, NGA
26.9798, 1983, Oct Average, Nigeria, NGA
26.3295, 1983, Nov Average, Nigeria, NGA
25.2525, 1983, Dec Average, Nigeria, NGA
24.2489, 1984, Jan Average, Nigeria, NGA
26.8502, 1984, Feb Average, Nigeria, NGA
29.8041, 1984, Mar Average, Nigeria, NGA
30.3119, 1984, Apr Average, Nigeria, NGA
29.2732, 1984, May Average, Nigeria, NGA
27.718, 1984, Jun Average, Nigeria, NGA
26.4905, 1984, Jul Average, Nigeria, NGA
27.0125, 1984, Aug Average, Nigeria, NGA
26.4515, 1984, Sep Average, Nigeria, NGA
27.4027, 1984, Oct Average, Nigeria, NGA
26.5525, 1984, Nov Average, Nigeria, NGA
23.8501, 1984, Dec Average, Nigeria, NGA
25.9295, 1985, Jan Average, Nigeria, NGA
26.1633, 1985, Feb Average, Nigeria, NGA
30.1895, 1985, Mar Average, Nigeria, NGA
29.2724, 1985, Apr Average, Nigeria, NGA
29.3713, 1985, May Average, Nigeria, NGA
27.6026, 1985, Jun Average, Nigeria, NGA
25.7586, 1985, Jul Average, Nigeria, NGA
25.7917, 1985, Aug Average, Nigeria, NGA
25.8675, 1985, Sep Average, Nigeria, NGA
27.1156, 1985, Oct Average, Nigeria, NGA
26.4903, 1985, Nov Average, Nigeria, NGA
23.8294, 1985, Dec Average, Nigeria, NGA
24.4614, 1986, Jan Average, Nigeria, NGA
28.1669, 1986, Feb Average, Nigeria, NGA
29.8202, 1986, Mar Average, Nigeria, NGA
31.0597, 1986, Apr Average, Nigeria, NGA
29.3964, 1986, May Average, Nigeria, NGA
27.8607, 1986, Jun Average, Nigeria, NGA
25.4076, 1986, Jul Average, Nigeria, NGA
25.4512, 1986, Aug Average, Nigeria, NGA
25.724, 1986, Sep Average, Nigeria, NGA
26.9271, 1986, Oct Average, Nigeria, NGA
26.1055, 1986, Nov Average, Nigeria, NGA
23.5189, 1986, Dec Average, Nigeria, NGA
25.2649, 1987, Jan Average, Nigeria, NGA
27.7888, 1987, Feb Average, Nigeria, NGA
29.3984, 1987, Mar Average, Nigeria, NGA
29.941, 1987, Apr Average, Nigeria, NGA
29.9589, 1987, May Average, Nigeria, NGA
28.1311, 1987, Jun Average, Nigeria, NGA
27.7048, 1987, Jul Average, Nigeria, NGA
26.5471, 1987, Aug Average, Nigeria, NGA
26.8746, 1987, Sep Average, Nigeria, NGA
27.3848, 1987, Oct Average, Nigeria, NGA
26.7348, 1987, Nov Average, Nigeria, NGA
25.0722, 1987, Dec Average, Nigeria, NGA
24.9414, 1988, Jan Average, Nigeria, NGA
27.4297, 1988, Feb Average, Nigeria, NGA
29.6749, 1988, Mar Average, Nigeria, NGA
30.6777, 1988, Apr Average, Nigeria, NGA
29.8366, 1988, May Average, Nigeria, NGA
27.7415, 1988, Jun Average, Nigeria, NGA
25.8953, 1988, Jul Average, Nigeria, NGA
25.0455, 1988, Aug Average, Nigeria, NGA
25.9691, 1988, Sep Average, Nigeria, NGA
26.8246, 1988, Oct Average, Nigeria, NGA
26.253, 1988, Nov Average, Nigeria, NGA
23.9792, 1988, Dec Average, Nigeria, NGA
22.8308, 1989, Jan Average, Nigeria, NGA
25.2283, 1989, Feb Average, Nigeria, NGA
28.5162, 1989, Mar Average, Nigeria, NGA
29.9873, 1989, Apr Average, Nigeria, NGA
28.8329, 1989, May Average, Nigeria, NGA
27.7202, 1989, Jun Average, Nigeria, NGA
26.0743, 1989, Jul Average, Nigeria, NGA
25.4556, 1989, Aug Average, Nigeria, NGA
26.2092, 1989, Sep Average, Nigeria, NGA
26.5866, 1989, Oct Average, Nigeria, NGA
26.2406, 1989, Nov Average, Nigeria, NGA
24.5087, 1989, Dec Average, Nigeria, NGA
25.9197, 1990, Jan Average, Nigeria, NGA
26.0214, 1990, Feb Average, Nigeria, NGA
28.4799, 1990, Mar Average, Nigeria, NGA
30.7339, 1990, Apr Average, Nigeria, NGA
29.3211, 1990, May Average, Nigeria, NGA
28.3885, 1990, Jun Average, Nigeria, NGA
25.7933, 1990, Jul Average, Nigeria, NGA
26.0932, 1990, Aug Average, Nigeria, NGA
26.7213, 1990, Sep Average, Nigeria, NGA
27.5562, 1990, Oct Average, Nigeria, NGA
27.0947, 1990, Nov Average, Nigeria, NGA
26.6854, 1990, Dec Average, Nigeria, NGA
24.9948, 1991, Jan Average, Nigeria, NGA
28.6961, 1991, Feb Average, Nigeria, NGA
29.5042, 1991, Mar Average, Nigeria, NGA
30.1381, 1991, Apr Average, Nigeria, NGA
28.0787, 1991, May Average, Nigeria, NGA
27.6726, 1991, Jun Average, Nigeria, NGA
25.8279, 1991, Jul Average, Nigeria, NGA
25.2416, 1991, Aug Average, Nigeria, NGA
26.702, 1991, Sep Average, Nigeria, NGA
26.5974, 1991, Oct Average, Nigeria, NGA
25.8654, 1991, Nov Average, Nigeria, NGA
23.9801, 1991, Dec Average, Nigeria, NGA
23.6641, 1992, Jan Average, Nigeria, NGA
26.2045, 1992, Feb Average, Nigeria, NGA
29.7989, 1992, Mar Average, Nigeria, NGA
30.411, 1992, Apr Average, Nigeria, NGA
28.6929, 1992, May Average, Nigeria, NGA
27.5518, 1992, Jun Average, Nigeria, NGA
25.5017, 1992, Jul Average, Nigeria, NGA
25.2586, 1992, Aug Average, Nigeria, NGA
25.9055, 1992, Sep Average, Nigeria, NGA
26.7684, 1992, Oct Average, Nigeria, NGA
25.437, 1992, Nov Average, Nigeria, NGA
24.6184, 1992, Dec Average, Nigeria, NGA
23.309, 1993, Jan Average, Nigeria, NGA
26.8365, 1993, Feb Average, Nigeria, NGA
29.1637, 1993, Mar Average, Nigeria, NGA
30.0743, 1993, Apr Average, Nigeria, NGA
29.4693, 1993, May Average, Nigeria, NGA
27.7457, 1993, Jun Average, Nigeria, NGA
26.3184, 1993, Jul Average, Nigeria, NGA
25.5769, 1993, Aug Average, Nigeria, NGA
26.1786, 1993, Sep Average, Nigeria, NGA
27.4178, 1993, Oct Average, Nigeria, NGA
27.2195, 1993, Nov Average, Nigeria, NGA
24.7239, 1993, Dec Average, Nigeria, NGA
24.7673, 1994, Jan Average, Nigeria, NGA
26.6876, 1994, Feb Average, Nigeria, NGA
30.1695, 1994, Mar Average, Nigeria, NGA
30.2471, 1994, Apr Average, Nigeria, NGA
29.2066, 1994, May Average, Nigeria, NGA
27.4826, 1994, Jun Average, Nigeria, NGA
25.6702, 1994, Jul Average, Nigeria, NGA
24.7694, 1994, Aug Average, Nigeria, NGA
25.5161, 1994, Sep Average, Nigeria, NGA
26.738, 1994, Oct Average, Nigeria, NGA
25.6612, 1994, Nov Average, Nigeria, NGA
23.5902, 1994, Dec Average, Nigeria, NGA
23.7593, 1995, Jan Average, Nigeria, NGA
26.0095, 1995, Feb Average, Nigeria, NGA
29.7993, 1995, Mar Average, Nigeria, NGA
30.1769, 1995, Apr Average, Nigeria, NGA
29.2028, 1995, May Average, Nigeria, NGA
27.9397, 1995, Jun Average, Nigeria, NGA
26.5535, 1995, Jul Average, Nigeria, NGA
25.7912, 1995, Aug Average, Nigeria, NGA
26.2594, 1995, Sep Average, Nigeria, NGA
27.1352, 1995, Oct Average, Nigeria, NGA
25.737, 1995, Nov Average, Nigeria, NGA
25.7764, 1995, Dec Average, Nigeria, NGA
25.9257, 1996, Jan Average, Nigeria, NGA
28.1364, 1996, Feb Average, Nigeria, NGA
30.0425, 1996, Mar Average, Nigeria, NGA
29.9857, 1996, Apr Average, Nigeria, NGA
29.1693, 1996, May Average, Nigeria, NGA
27.2701, 1996, Jun Average, Nigeria, NGA
26.5929, 1996, Jul Average, Nigeria, NGA
25.4413, 1996, Aug Average, Nigeria, NGA
25.7874, 1996, Sep Average, Nigeria, NGA
26.7931, 1996, Oct Average, Nigeria, NGA
25.1642, 1996, Nov Average, Nigeria, NGA
25.1709, 1996, Dec Average, Nigeria, NGA
25.7514, 1997, Jan Average, Nigeria, NGA
25.4734, 1997, Feb Average, Nigeria, NGA
28.9227, 1997, Mar Average, Nigeria, NGA
29.4874, 1997, Apr Average, Nigeria, NGA
28.3757, 1997, May Average, Nigeria, NGA
27.5125, 1997, Jun Average, Nigeria, NGA
26.4087, 1997, Jul Average, Nigeria, NGA
25.9295, 1997, Aug Average, Nigeria, NGA
27.223, 1997, Sep Average, Nigeria, NGA
28.0441, 1997, Oct Average, Nigeria, NGA
27.1873, 1997, Nov Average, Nigeria, NGA
24.9508, 1997, Dec Average, Nigeria, NGA
24.9894, 1998, Jan Average, Nigeria, NGA
28.3162, 1998, Feb Average, Nigeria, NGA
28.8293, 1998, Mar Average, Nigeria, NGA
31.6019, 1998, Apr Average, Nigeria, NGA
30.3715, 1998, May Average, Nigeria, NGA
28.1242, 1998, Jun Average, Nigeria, NGA
26.6499, 1998, Jul Average, Nigeria, NGA
25.7421, 1998, Aug Average, Nigeria, NGA
25.8528, 1998, Sep Average, Nigeria, NGA
27.333, 1998, Oct Average, Nigeria, NGA
27.1069, 1998, Nov Average, Nigeria, NGA
25.3481, 1998, Dec Average, Nigeria, NGA
25.3807, 1999, Jan Average, Nigeria, NGA
27.4316, 1999, Feb Average, Nigeria, NGA
30.3223, 1999, Mar Average, Nigeria, NGA
30.1172, 1999, Apr Average, Nigeria, NGA
29.0118, 1999, May Average, Nigeria, NGA
28.1463, 1999, Jun Average, Nigeria, NGA
25.8665, 1999, Jul Average, Nigeria, NGA
25.1372, 1999, Aug Average, Nigeria, NGA
25.5124, 1999, Sep Average, Nigeria, NGA
26.393, 1999, Oct Average, Nigeria, NGA
26.6771, 1999, Nov Average, Nigeria, NGA
24.7533, 1999, Dec Average, Nigeria, NGA
25.2976, 2000, Jan Average, Nigeria, NGA
25.348, 2000, Feb Average, Nigeria, NGA
28.8226, 2000, Mar Average, Nigeria, NGA
30.5549, 2000, Apr Average, Nigeria, NGA
29.6635, 2000, May Average, Nigeria, NGA
27.5728, 2000, Jun Average, Nigeria, NGA
25.9208, 2000, Jul Average, Nigeria, NGA
25.5498, 2000, Aug Average, Nigeria, NGA
26.1473, 2000, Sep Average, Nigeria, NGA
26.5775, 2000, Oct Average, Nigeria, NGA
26.3889, 2000, Nov Average, Nigeria, NGA
24.5771, 2000, Dec Average, Nigeria, NGA
24.4514, 2001, Jan Average, Nigeria, NGA
26.2756, 2001, Feb Average, Nigeria, NGA
29.48, 2001, Mar Average, Nigeria, NGA
30.4854, 2001, Apr Average, Nigeria, NGA
29.6809, 2001, May Average, Nigeria, NGA
27.391, 2001, Jun Average, Nigeria, NGA
26.1601, 2001, Jul Average, Nigeria, NGA
25.385, 2001, Aug Average, Nigeria, NGA
25.9292, 2001, Sep Average, Nigeria, NGA
26.9927, 2001, Oct Average, Nigeria, NGA
26.4378, 2001, Nov Average, Nigeria, NGA
25.9995, 2001, Dec Average, Nigeria, NGA
23.8413, 2002, Jan Average, Nigeria, NGA
26.8161, 2002, Feb Average, Nigeria, NGA
29.966, 2002, Mar Average, Nigeria, NGA
30.8458, 2002, Apr Average, Nigeria, NGA
29.9173, 2002, May Average, Nigeria, NGA
28.0263, 2002, Jun Average, Nigeria, NGA
26.8363, 2002, Jul Average, Nigeria, NGA
25.8883, 2002, Aug Average, Nigeria, NGA
26.2782, 2002, Sep Average, Nigeria, NGA
26.5469, 2002, Oct Average, Nigeria, NGA
26.6151, 2002, Nov Average, Nigeria, NGA
25.2861, 2002, Dec Average, Nigeria, NGA
25.5294, 2003, Jan Average, Nigeria, NGA
28.639, 2003, Feb Average, Nigeria, NGA
29.2285, 2003, Mar Average, Nigeria, NGA
30.4732, 2003, Apr Average, Nigeria, NGA
29.3861, 2003, May Average, Nigeria, NGA
27.1768, 2003, Jun Average, Nigeria, NGA
26.2738, 2003, Jul Average, Nigeria, NGA
25.5417, 2003, Aug Average, Nigeria, NGA
26.1797, 2003, Sep Average, Nigeria, NGA
27.8405, 2003, Oct Average, Nigeria, NGA
27.1421, 2003, Nov Average, Nigeria, NGA
25.0704, 2003, Dec Average, Nigeria, NGA
25.477, 2004, Jan Average, Nigeria, NGA
27.1762, 2004, Feb Average, Nigeria, NGA
28.9346, 2004, Mar Average, Nigeria, NGA
30.5343, 2004, Apr Average, Nigeria, NGA
29.1396, 2004, May Average, Nigeria, NGA
27.5443, 2004, Jun Average, Nigeria, NGA
25.9812, 2004, Jul Average, Nigeria, NGA
25.8858, 2004, Aug Average, Nigeria, NGA
26.7512, 2004, Sep Average, Nigeria, NGA
27.7198, 2004, Oct Average, Nigeria, NGA
26.9654, 2004, Nov Average, Nigeria, NGA
26.0078, 2004, Dec Average, Nigeria, NGA
24.4539, 2005, Jan Average, Nigeria, NGA
29.9309, 2005, Feb Average, Nigeria, NGA
31.0427, 2005, Mar Average, Nigeria, NGA
30.964, 2005, Apr Average, Nigeria, NGA
29.3009, 2005, May Average, Nigeria, NGA
27.2328, 2005, Jun Average, Nigeria, NGA
26.2575, 2005, Jul Average, Nigeria, NGA
25.5265, 2005, Aug Average, Nigeria, NGA
26.6177, 2005, Sep Average, Nigeria, NGA
27.0446, 2005, Oct Average, Nigeria, NGA
26.7357, 2005, Nov Average, Nigeria, NGA
26.1966, 2005, Dec Average, Nigeria, NGA
26.7344, 2006, Jan Average, Nigeria, NGA
28.8681, 2006, Feb Average, Nigeria, NGA
29.9418, 2006, Mar Average, Nigeria, NGA
30.1867, 2006, Apr Average, Nigeria, NGA
29.2072, 2006, May Average, Nigeria, NGA
28.4669, 2006, Jun Average, Nigeria, NGA
27.1497, 2006, Jul Average, Nigeria, NGA
25.8364, 2006, Aug Average, Nigeria, NGA
25.94, 2006, Sep Average, Nigeria, NGA
27.4771, 2006, Oct Average, Nigeria, NGA
25.6631, 2006, Nov Average, Nigeria, NGA
24.1007, 2006, Dec Average, Nigeria, NGA
24.0773, 2007, Jan Average, Nigeria, NGA
28.0271, 2007, Feb Average, Nigeria, NGA
29.7639, 2007, Mar Average, Nigeria, NGA
30.9904, 2007, Apr Average, Nigeria, NGA
29.7561, 2007, May Average, Nigeria, NGA
27.6581, 2007, Jun Average, Nigeria, NGA
26.4825, 2007, Jul Average, Nigeria, NGA
25.3245, 2007, Aug Average, Nigeria, NGA
26.176, 2007, Sep Average, Nigeria, NGA
27.2759, 2007, Oct Average, Nigeria, NGA
27.1446, 2007, Nov Average, Nigeria, NGA
25.6625, 2007, Dec Average, Nigeria, NGA
23.2457, 2008, Jan Average, Nigeria, NGA
26.3367, 2008, Feb Average, Nigeria, NGA
29.915, 2008, Mar Average, Nigeria, NGA
29.9416, 2008, Apr Average, Nigeria, NGA
29.071, 2008, May Average, Nigeria, NGA
27.8653, 2008, Jun Average, Nigeria, NGA
26.2283, 2008, Jul Average, Nigeria, NGA
25.755, 2008, Aug Average, Nigeria, NGA
26.399, 2008, Sep Average, Nigeria, NGA
27.3345, 2008, Oct Average, Nigeria, NGA
26.5862, 2008, Nov Average, Nigeria, NGA
26.0963, 2008, Dec Average, Nigeria, NGA
25.9629, 2009, Jan Average, Nigeria, NGA
28.819, 2009, Feb Average, Nigeria, NGA
30.0374, 2009, Mar Average, Nigeria, NGA
30.7077, 2009, Apr Average, Nigeria, NGA
29.2341, 2009, May Average, Nigeria, NGA
28.2129, 2009, Jun Average, Nigeria, NGA
26.8053, 2009, Jul Average, Nigeria, NGA
26.3597, 2009, Aug Average, Nigeria, NGA
26.791, 2009, Sep Average, Nigeria, NGA
27.6189, 2009, Oct Average, Nigeria, NGA
26.4708, 2009, Nov Average, Nigeria, NGA
26.0468, 2009, Dec Average, Nigeria, NGA
26.213, 2010, Jan Average, Nigeria, NGA
29.3562, 2010, Feb Average, Nigeria, NGA
30.3852, 2010, Mar Average, Nigeria, NGA
31.4132, 2010, Apr Average, Nigeria, NGA
30.2729, 2010, May Average, Nigeria, NGA
28.1466, 2010, Jun Average, Nigeria, NGA
26.4501, 2010, Jul Average, Nigeria, NGA
25.8008, 2010, Aug Average, Nigeria, NGA
25.9963, 2010, Sep Average, Nigeria, NGA
27.467, 2010, Oct Average, Nigeria, NGA
27.4672, 2010, Nov Average, Nigeria, NGA
25.3224, 2010, Dec Average, Nigeria, NGA
24.7361, 2011, Jan Average, Nigeria, NGA
28.5429, 2011, Feb Average, Nigeria, NGA
30.5108, 2011, Mar Average, Nigeria, NGA
30.4897, 2011, Apr Average, Nigeria, NGA
29.7214, 2011, May Average, Nigeria, NGA
27.9851, 2011, Jun Average, Nigeria, NGA
26.8528, 2011, Jul Average, Nigeria, NGA
25.8418, 2011, Aug Average, Nigeria, NGA
26.3805, 2011, Sep Average, Nigeria, NGA
27.4686, 2011, Oct Average, Nigeria, NGA
26.306, 2011, Nov Average, Nigeria, NGA
24.376, 2011, Dec Average, Nigeria, NGA
25.0418, 2012, Jan Average, Nigeria, NGA
28.601, 2012, Feb Average, Nigeria, NGA
29.1998, 2012, Mar Average, Nigeria, NGA
30.9739, 2012, Apr Average, Nigeria, NGA
29.0194, 2012, May Average, Nigeria, NGA
27.2285, 2012, Jun Average, Nigeria, NGA
25.6784, 2012, Jul Average, Nigeria, NGA
25.2066, 2012, Aug Average, Nigeria, NGA
25.9719, 2012, Sep Average, Nigeria, NGA
27.2576, 2012, Oct Average, Nigeria, NGA
27.3776, 2012, Nov Average, Nigeria, NGA
25.4271, 2012, Dec Average, Nigeria, NGA
25.7082, 2013, Jan Average, Nigeria, NGA
27.6073, 2013, Feb Average, Nigeria, NGA
31.2431, 2013, Mar Average, Nigeria, NGA
30.0308, 2013, Apr Average, Nigeria, NGA
29.6058, 2013, May Average, Nigeria, NGA
27.9947, 2013, Jun Average, Nigeria, NGA
26.6373, 2013, Jul Average, Nigeria, NGA
25.0272, 2013, Aug Average, Nigeria, NGA
26.3937, 2013, Sep Average, Nigeria, NGA
27.1147, 2013, Oct Average, Nigeria, NGA
27.0275, 2013, Nov Average, Nigeria, NGA
25.7029, 2013, Dec Average, Nigeria, NGA
26.3015, 2014, Jan Average, Nigeria, NGA
27.7113, 2014, Feb Average, Nigeria, NGA
30.0542, 2014, Mar Average, Nigeria, NGA
30.6615, 2014, Apr Average, Nigeria, NGA
29.1747, 2014, May Average, Nigeria, NGA
28.6219, 2014, Jun Average, Nigeria, NGA
26.8911, 2014, Jul Average, Nigeria, NGA
25.5508, 2014, Aug Average, Nigeria, NGA
26.2872, 2014, Sep Average, Nigeria, NGA
27.3096, 2014, Oct Average, Nigeria, NGA
27.2629, 2014, Nov Average, Nigeria, NGA
25.1845, 2014, Dec Average, Nigeria, NGA
24.4471, 2015, Jan Average, Nigeria, NGA
28.0419, 2015, Feb Average, Nigeria, NGA
29.9223, 2015, Mar Average, Nigeria, NGA
29.9673, 2015, Apr Average, Nigeria, NGA
30.2297, 2015, May Average, Nigeria, NGA
28.6091, 2015, Jun Average, Nigeria, NGA
26.9127, 2015, Jul Average, Nigeria, NGA
25.8921, 2015, Aug Average, Nigeria, NGA
26.6019, 2015, Sep Average, Nigeria, NGA
27.9224, 2015, Oct Average, Nigeria, NGA
26.7689, 2015, Nov Average, Nigeria, NGA
23.5035, 2015, Dec Average, Nigeria, NGA
25.2237, 2016, Jan Average, Nigeria, NGA
27.7917, 2016, Feb Average, Nigeria, NGA
31.262, 2016, Mar Average, Nigeria, NGA
31.2745, 2016, Apr Average, Nigeria, NGA
29.6423, 2016, May Average, Nigeria, NGA
27.702, 2016, Jun Average, Nigeria, NGA
26.305, 2016, Jul Average, Nigeria, NGA
25.8658, 2016, Aug Average, Nigeria, NGA
26.5766, 2016, Sep Average, Nigeria, NGA
27.8097, 2016, Oct Average, Nigeria, NGA
27.7698, 2016, Nov Average, Nigeria, NGA
26.3608, 2016, Dec Average, Nigeria, NGA
