Temperature - (Celsius), Year, Statistics, Country, ISO3
24.9579, 1901, Jan Average, Colombia, COL
24.8549, 1901, Feb Average, Colombia, COL
25.3847, 1901, Mar Average, Colombia, COL
25.18, 1901, Apr Average, Colombia, COL
24.4851, 1901, May Average, Colombia, COL
23.2114, 1901, Jun Average, Colombia, COL
23.7684, 1901, Jul Average, Colombia, COL
24.0143, 1901, Aug Average, Colombia, COL
23.5525, 1901, Sep Average, Colombia, COL
23.4411, 1901, Oct Average, Colombia, COL
23.4678, 1901, Nov Average, Colombia, COL
23.5835, 1901, Dec Average, Colombia, COL
23.9854, 1902, Jan Average, Colombia, COL
24.268, 1902, Feb Average, Colombia, COL
24.1046, 1902, Mar Average, Colombia, COL
24.2732, 1902, Apr Average, Colombia, COL
23.8495, 1902, May Average, Colombia, COL
23.1467, 1902, Jun Average, Colombia, COL
23.1575, 1902, Jul Average, Colombia, COL
24.0023, 1902, Aug Average, Colombia, COL
23.3583, 1902, Sep Average, Colombia, COL
23.5546, 1902, Oct Average, Colombia, COL
24.1642, 1902, Nov Average, Colombia, COL
23.9752, 1902, Dec Average, Colombia, COL
23.9964, 1903, Jan Average, Colombia, COL
24.839, 1903, Feb Average, Colombia, COL
24.4178, 1903, Mar Average, Colombia, COL
24.151, 1903, Apr Average, Colombia, COL
23.8455, 1903, May Average, Colombia, COL
23.2713, 1903, Jun Average, Colombia, COL
23.749, 1903, Jul Average, Colombia, COL
23.9776, 1903, Aug Average, Colombia, COL
24.1496, 1903, Sep Average, Colombia, COL
23.5094, 1903, Oct Average, Colombia, COL
23.5281, 1903, Nov Average, Colombia, COL
23.402, 1903, Dec Average, Colombia, COL
23.6666, 1904, Jan Average, Colombia, COL
24.8929, 1904, Feb Average, Colombia, COL
23.9568, 1904, Mar Average, Colombia, COL
24.6389, 1904, Apr Average, Colombia, COL
23.3694, 1904, May Average, Colombia, COL
23.7735, 1904, Jun Average, Colombia, COL
23.7094, 1904, Jul Average, Colombia, COL
23.9415, 1904, Aug Average, Colombia, COL
24.14, 1904, Sep Average, Colombia, COL
23.2984, 1904, Oct Average, Colombia, COL
23.8502, 1904, Nov Average, Colombia, COL
23.5305, 1904, Dec Average, Colombia, COL
23.6375, 1905, Jan Average, Colombia, COL
23.8105, 1905, Feb Average, Colombia, COL
23.8416, 1905, Mar Average, Colombia, COL
24.2849, 1905, Apr Average, Colombia, COL
23.2616, 1905, May Average, Colombia, COL
23.0091, 1905, Jun Average, Colombia, COL
23.7341, 1905, Jul Average, Colombia, COL
24.0014, 1905, Aug Average, Colombia, COL
24.1682, 1905, Sep Average, Colombia, COL
23.6909, 1905, Oct Average, Colombia, COL
23.8565, 1905, Nov Average, Colombia, COL
23.2695, 1905, Dec Average, Colombia, COL
23.6667, 1906, Jan Average, Colombia, COL
23.8229, 1906, Feb Average, Colombia, COL
24.163, 1906, Mar Average, Colombia, COL
24.0821, 1906, Apr Average, Colombia, COL
23.5868, 1906, May Average, Colombia, COL
23.1881, 1906, Jun Average, Colombia, COL
23.6926, 1906, Jul Average, Colombia, COL
23.9757, 1906, Aug Average, Colombia, COL
23.416, 1906, Sep Average, Colombia, COL
24.2364, 1906, Oct Average, Colombia, COL
23.8556, 1906, Nov Average, Colombia, COL
23.011, 1906, Dec Average, Colombia, COL
24.5021, 1907, Jan Average, Colombia, COL
24.8814, 1907, Feb Average, Colombia, COL
25.0019, 1907, Mar Average, Colombia, COL
24.6386, 1907, Apr Average, Colombia, COL
23.1868, 1907, May Average, Colombia, COL
22.8729, 1907, Jun Average, Colombia, COL
23.6935, 1907, Jul Average, Colombia, COL
23.9495, 1907, Aug Average, Colombia, COL
24.1302, 1907, Sep Average, Colombia, COL
23.4352, 1907, Oct Average, Colombia, COL
23.5289, 1907, Nov Average, Colombia, COL
23.5928, 1907, Dec Average, Colombia, COL
23.9853, 1908, Jan Average, Colombia, COL
23.8781, 1908, Feb Average, Colombia, COL
23.8955, 1908, Mar Average, Colombia, COL
23.6266, 1908, Apr Average, Colombia, COL
23.4217, 1908, May Average, Colombia, COL
23.0624, 1908, Jun Average, Colombia, COL
23.6989, 1908, Jul Average, Colombia, COL
23.9602, 1908, Aug Average, Colombia, COL
24.1491, 1908, Sep Average, Colombia, COL
23.3061, 1908, Oct Average, Colombia, COL
23.5238, 1908, Nov Average, Colombia, COL
23.4749, 1908, Dec Average, Colombia, COL
23.9353, 1909, Jan Average, Colombia, COL
24.8871, 1909, Feb Average, Colombia, COL
24.7345, 1909, Mar Average, Colombia, COL
24.6538, 1909, Apr Average, Colombia, COL
23.5167, 1909, May Average, Colombia, COL
22.8656, 1909, Jun Average, Colombia, COL
23.6803, 1909, Jul Average, Colombia, COL
23.9393, 1909, Aug Average, Colombia, COL
23.4786, 1909, Sep Average, Colombia, COL
23.3691, 1909, Oct Average, Colombia, COL
23.6542, 1909, Nov Average, Colombia, COL
23.1361, 1909, Dec Average, Colombia, COL
23.3901, 1910, Jan Average, Colombia, COL
24.8968, 1910, Feb Average, Colombia, COL
23.604, 1910, Mar Average, Colombia, COL
23.7834, 1910, Apr Average, Colombia, COL
24.1996, 1910, May Average, Colombia, COL
23.3293, 1910, Jun Average, Colombia, COL
23.475, 1910, Jul Average, Colombia, COL
23.5925, 1910, Aug Average, Colombia, COL
24.1522, 1910, Sep Average, Colombia, COL
24.2033, 1910, Oct Average, Colombia, COL
23.8727, 1910, Nov Average, Colombia, COL
23.5532, 1910, Dec Average, Colombia, COL
24.5271, 1911, Jan Average, Colombia, COL
23.985, 1911, Feb Average, Colombia, COL
25.0728, 1911, Mar Average, Colombia, COL
23.906, 1911, Apr Average, Colombia, COL
23.1404, 1911, May Average, Colombia, COL
23.8053, 1911, Jun Average, Colombia, COL
23.6598, 1911, Jul Average, Colombia, COL
23.9694, 1911, Aug Average, Colombia, COL
24.1864, 1911, Sep Average, Colombia, COL
23.6714, 1911, Oct Average, Colombia, COL
23.7795, 1911, Nov Average, Colombia, COL
23.5959, 1911, Dec Average, Colombia, COL
23.9646, 1912, Jan Average, Colombia, COL
24.2797, 1912, Feb Average, Colombia, COL
24.0268, 1912, Mar Average, Colombia, COL
23.6754, 1912, Apr Average, Colombia, COL
23.9765, 1912, May Average, Colombia, COL
23.8654, 1912, Jun Average, Colombia, COL
23.713, 1912, Jul Average, Colombia, COL
24.0027, 1912, Aug Average, Colombia, COL
24.116, 1912, Sep Average, Colombia, COL
23.3772, 1912, Oct Average, Colombia, COL
23.4804, 1912, Nov Average, Colombia, COL
23.4272, 1912, Dec Average, Colombia, COL
23.6663, 1913, Jan Average, Colombia, COL
25.0214, 1913, Feb Average, Colombia, COL
25.0753, 1913, Mar Average, Colombia, COL
24.6904, 1913, Apr Average, Colombia, COL
24.2452, 1913, May Average, Colombia, COL
23.8018, 1913, Jun Average, Colombia, COL
23.6749, 1913, Jul Average, Colombia, COL
23.8857, 1913, Aug Average, Colombia, COL
24.1483, 1913, Sep Average, Colombia, COL
24.2051, 1913, Oct Average, Colombia, COL
23.5309, 1913, Nov Average, Colombia, COL
23.2127, 1913, Dec Average, Colombia, COL
23.7537, 1914, Jan Average, Colombia, COL
24.0308, 1914, Feb Average, Colombia, COL
24.3039, 1914, Mar Average, Colombia, COL
23.9956, 1914, Apr Average, Colombia, COL
23.2311, 1914, May Average, Colombia, COL
23.7938, 1914, Jun Average, Colombia, COL
23.7537, 1914, Jul Average, Colombia, COL
23.9197, 1914, Aug Average, Colombia, COL
24.1836, 1914, Sep Average, Colombia, COL
23.3568, 1914, Oct Average, Colombia, COL
23.833, 1914, Nov Average, Colombia, COL
24.3003, 1914, Dec Average, Colombia, COL
24.2765, 1915, Jan Average, Colombia, COL
24.5335, 1915, Feb Average, Colombia, COL
24.9596, 1915, Mar Average, Colombia, COL
24.2222, 1915, Apr Average, Colombia, COL
25.1977, 1915, May Average, Colombia, COL
24.5112, 1915, Jun Average, Colombia, COL
24.5385, 1915, Jul Average, Colombia, COL
25.4111, 1915, Aug Average, Colombia, COL
24.6432, 1915, Sep Average, Colombia, COL
25.3426, 1915, Oct Average, Colombia, COL
24.8074, 1915, Nov Average, Colombia, COL
24.8636, 1915, Dec Average, Colombia, COL
24.6261, 1916, Jan Average, Colombia, COL
24.9714, 1916, Feb Average, Colombia, COL
24.8542, 1916, Mar Average, Colombia, COL
25.3005, 1916, Apr Average, Colombia, COL
24.8638, 1916, May Average, Colombia, COL
24.1088, 1916, Jun Average, Colombia, COL
24.2738, 1916, Jul Average, Colombia, COL
23.8788, 1916, Aug Average, Colombia, COL
24.7487, 1916, Sep Average, Colombia, COL
24.2384, 1916, Oct Average, Colombia, COL
24.2446, 1916, Nov Average, Colombia, COL
23.9574, 1916, Dec Average, Colombia, COL
23.9437, 1917, Jan Average, Colombia, COL
23.8141, 1917, Feb Average, Colombia, COL
24.775, 1917, Mar Average, Colombia, COL
24.6703, 1917, Apr Average, Colombia, COL
24.295, 1917, May Average, Colombia, COL
23.3736, 1917, Jun Average, Colombia, COL
23.8366, 1917, Jul Average, Colombia, COL
23.7492, 1917, Aug Average, Colombia, COL
24.1458, 1917, Sep Average, Colombia, COL
24.1093, 1917, Oct Average, Colombia, COL
24.2938, 1917, Nov Average, Colombia, COL
24.315, 1917, Dec Average, Colombia, COL
24.3609, 1918, Jan Average, Colombia, COL
24.4757, 1918, Feb Average, Colombia, COL
23.9522, 1918, Mar Average, Colombia, COL
24.1585, 1918, Apr Average, Colombia, COL
23.1652, 1918, May Average, Colombia, COL
23.0423, 1918, Jun Average, Colombia, COL
23.6783, 1918, Jul Average, Colombia, COL
24.4585, 1918, Aug Average, Colombia, COL
24.3362, 1918, Sep Average, Colombia, COL
24.7002, 1918, Oct Average, Colombia, COL
24.1097, 1918, Nov Average, Colombia, COL
24.1545, 1918, Dec Average, Colombia, COL
23.3969, 1919, Jan Average, Colombia, COL
24.1427, 1919, Feb Average, Colombia, COL
25.103, 1919, Mar Average, Colombia, COL
23.8912, 1919, Apr Average, Colombia, COL
23.712, 1919, May Average, Colombia, COL
23.8818, 1919, Jun Average, Colombia, COL
23.7086, 1919, Jul Average, Colombia, COL
23.9036, 1919, Aug Average, Colombia, COL
24.0855, 1919, Sep Average, Colombia, COL
23.2995, 1919, Oct Average, Colombia, COL
23.4269, 1919, Nov Average, Colombia, COL
23.6488, 1919, Dec Average, Colombia, COL
23.3815, 1920, Jan Average, Colombia, COL
23.9632, 1920, Feb Average, Colombia, COL
25.0796, 1920, Mar Average, Colombia, COL
23.9675, 1920, Apr Average, Colombia, COL
23.3236, 1920, May Average, Colombia, COL
23.7283, 1920, Jun Average, Colombia, COL
23.6203, 1920, Jul Average, Colombia, COL
23.8694, 1920, Aug Average, Colombia, COL
24.0987, 1920, Sep Average, Colombia, COL
24.2639, 1920, Oct Average, Colombia, COL
23.3435, 1920, Nov Average, Colombia, COL
22.9967, 1920, Dec Average, Colombia, COL
24.4644, 1921, Jan Average, Colombia, COL
24.7021, 1921, Feb Average, Colombia, COL
24.0764, 1921, Mar Average, Colombia, COL
23.9303, 1921, Apr Average, Colombia, COL
23.5356, 1921, May Average, Colombia, COL
23.2214, 1921, Jun Average, Colombia, COL
23.5652, 1921, Jul Average, Colombia, COL
23.4282, 1921, Aug Average, Colombia, COL
24.0609, 1921, Sep Average, Colombia, COL
23.3259, 1921, Oct Average, Colombia, COL
23.9593, 1921, Nov Average, Colombia, COL
23.888, 1921, Dec Average, Colombia, COL
24.2382, 1922, Jan Average, Colombia, COL
24.2429, 1922, Feb Average, Colombia, COL
24.0249, 1922, Mar Average, Colombia, COL
24.335, 1922, Apr Average, Colombia, COL
23.665, 1922, May Average, Colombia, COL
22.8094, 1922, Jun Average, Colombia, COL
23.0635, 1922, Jul Average, Colombia, COL
23.6618, 1922, Aug Average, Colombia, COL
23.8726, 1922, Sep Average, Colombia, COL
23.7299, 1922, Oct Average, Colombia, COL
23.5315, 1922, Nov Average, Colombia, COL
23.4678, 1922, Dec Average, Colombia, COL
23.8279, 1923, Jan Average, Colombia, COL
24.5324, 1923, Feb Average, Colombia, COL
24.6918, 1923, Mar Average, Colombia, COL
24.3754, 1923, Apr Average, Colombia, COL
23.7499, 1923, May Average, Colombia, COL
23.8211, 1923, Jun Average, Colombia, COL
22.9322, 1923, Jul Average, Colombia, COL
23.7125, 1923, Aug Average, Colombia, COL
24.3678, 1923, Sep Average, Colombia, COL
23.8788, 1923, Oct Average, Colombia, COL
24.4599, 1923, Nov Average, Colombia, COL
24.0155, 1923, Dec Average, Colombia, COL
25.1363, 1924, Jan Average, Colombia, COL
25.0119, 1924, Feb Average, Colombia, COL
25.7126, 1924, Mar Average, Colombia, COL
25.011, 1924, Apr Average, Colombia, COL
24.4426, 1924, May Average, Colombia, COL
23.2373, 1924, Jun Average, Colombia, COL
23.2187, 1924, Jul Average, Colombia, COL
24.0199, 1924, Aug Average, Colombia, COL
23.3807, 1924, Sep Average, Colombia, COL
23.6571, 1924, Oct Average, Colombia, COL
23.7904, 1924, Nov Average, Colombia, COL
23.8474, 1924, Dec Average, Colombia, COL
23.6729, 1925, Jan Average, Colombia, COL
23.8785, 1925, Feb Average, Colombia, COL
23.9971, 1925, Mar Average, Colombia, COL
24.3359, 1925, Apr Average, Colombia, COL
24.2341, 1925, May Average, Colombia, COL
23.4281, 1925, Jun Average, Colombia, COL
23.3742, 1925, Jul Average, Colombia, COL
23.583, 1925, Aug Average, Colombia, COL
24.0413, 1925, Sep Average, Colombia, COL
24.4541, 1925, Oct Average, Colombia, COL
24.0979, 1925, Nov Average, Colombia, COL
24.4585, 1925, Dec Average, Colombia, COL
24.9201, 1926, Jan Average, Colombia, COL
25.4149, 1926, Feb Average, Colombia, COL
25.6551, 1926, Mar Average, Colombia, COL
25.6009, 1926, Apr Average, Colombia, COL
24.8676, 1926, May Average, Colombia, COL
24.3436, 1926, Jun Average, Colombia, COL
23.7794, 1926, Jul Average, Colombia, COL
23.8998, 1926, Aug Average, Colombia, COL
23.9093, 1926, Sep Average, Colombia, COL
24.2154, 1926, Oct Average, Colombia, COL
24.4337, 1926, Nov Average, Colombia, COL
23.8386, 1926, Dec Average, Colombia, COL
24.0956, 1927, Jan Average, Colombia, COL
24.3525, 1927, Feb Average, Colombia, COL
24.863, 1927, Mar Average, Colombia, COL
24.2349, 1927, Apr Average, Colombia, COL
23.8775, 1927, May Average, Colombia, COL
23.4837, 1927, Jun Average, Colombia, COL
22.8365, 1927, Jul Average, Colombia, COL
24.0195, 1927, Aug Average, Colombia, COL
24.0067, 1927, Sep Average, Colombia, COL
23.8964, 1927, Oct Average, Colombia, COL
24.6184, 1927, Nov Average, Colombia, COL
24.4333, 1927, Dec Average, Colombia, COL
24.4007, 1928, Jan Average, Colombia, COL
25.0606, 1928, Feb Average, Colombia, COL
24.6872, 1928, Mar Average, Colombia, COL
24.8993, 1928, Apr Average, Colombia, COL
24.143, 1928, May Average, Colombia, COL
23.586, 1928, Jun Average, Colombia, COL
23.51, 1928, Jul Average, Colombia, COL
23.7741, 1928, Aug Average, Colombia, COL
24.0994, 1928, Sep Average, Colombia, COL
24.1076, 1928, Oct Average, Colombia, COL
24.2069, 1928, Nov Average, Colombia, COL
23.9148, 1928, Dec Average, Colombia, COL
24.6112, 1929, Jan Average, Colombia, COL
25.0893, 1929, Feb Average, Colombia, COL
24.7248, 1929, Mar Average, Colombia, COL
24.5944, 1929, Apr Average, Colombia, COL
23.8568, 1929, May Average, Colombia, COL
23.4497, 1929, Jun Average, Colombia, COL
23.1174, 1929, Jul Average, Colombia, COL
23.9057, 1929, Aug Average, Colombia, COL
24.2894, 1929, Sep Average, Colombia, COL
24.2886, 1929, Oct Average, Colombia, COL
24.4475, 1929, Nov Average, Colombia, COL
24.4009, 1929, Dec Average, Colombia, COL
24.2749, 1930, Jan Average, Colombia, COL
24.8341, 1930, Feb Average, Colombia, COL
25.3169, 1930, Mar Average, Colombia, COL
24.8871, 1930, Apr Average, Colombia, COL
23.9906, 1930, May Average, Colombia, COL
23.6302, 1930, Jun Average, Colombia, COL
23.5952, 1930, Jul Average, Colombia, COL
23.6776, 1930, Aug Average, Colombia, COL
24.1512, 1930, Sep Average, Colombia, COL
24.0554, 1930, Oct Average, Colombia, COL
24.7183, 1930, Nov Average, Colombia, COL
24.6418, 1930, Dec Average, Colombia, COL
25.1021, 1931, Jan Average, Colombia, COL
25.3932, 1931, Feb Average, Colombia, COL
25.796, 1931, Mar Average, Colombia, COL
25.415, 1931, Apr Average, Colombia, COL
24.5547, 1931, May Average, Colombia, COL
23.9981, 1931, Jun Average, Colombia, COL
23.332, 1931, Jul Average, Colombia, COL
23.9625, 1931, Aug Average, Colombia, COL
24.0425, 1931, Sep Average, Colombia, COL
24.4476, 1931, Oct Average, Colombia, COL
24.4442, 1931, Nov Average, Colombia, COL
24.2973, 1931, Dec Average, Colombia, COL
24.4821, 1932, Jan Average, Colombia, COL
25.0132, 1932, Feb Average, Colombia, COL
24.8055, 1932, Mar Average, Colombia, COL
25.4062, 1932, Apr Average, Colombia, COL
23.9539, 1932, May Average, Colombia, COL
23.6637, 1932, Jun Average, Colombia, COL
23.3966, 1932, Jul Average, Colombia, COL
23.969, 1932, Aug Average, Colombia, COL
24.0954, 1932, Sep Average, Colombia, COL
23.8587, 1932, Oct Average, Colombia, COL
24.5216, 1932, Nov Average, Colombia, COL
24.254, 1932, Dec Average, Colombia, COL
24.7463, 1933, Jan Average, Colombia, COL
24.6283, 1933, Feb Average, Colombia, COL
24.9927, 1933, Mar Average, Colombia, COL
24.6722, 1933, Apr Average, Colombia, COL
24.4109, 1933, May Average, Colombia, COL
23.6314, 1933, Jun Average, Colombia, COL
24.1238, 1933, Jul Average, Colombia, COL
23.9271, 1933, Aug Average, Colombia, COL
24.4896, 1933, Sep Average, Colombia, COL
23.8167, 1933, Oct Average, Colombia, COL
23.9434, 1933, Nov Average, Colombia, COL
23.8679, 1933, Dec Average, Colombia, COL
24.1481, 1934, Jan Average, Colombia, COL
24.0879, 1934, Feb Average, Colombia, COL
24.2309, 1934, Mar Average, Colombia, COL
24.8969, 1934, Apr Average, Colombia, COL
24.2267, 1934, May Average, Colombia, COL
23.9412, 1934, Jun Average, Colombia, COL
23.4777, 1934, Jul Average, Colombia, COL
24.1817, 1934, Aug Average, Colombia, COL
24.768, 1934, Sep Average, Colombia, COL
24.0547, 1934, Oct Average, Colombia, COL
24.3069, 1934, Nov Average, Colombia, COL
24.568, 1934, Dec Average, Colombia, COL
24.5477, 1935, Jan Average, Colombia, COL
24.4619, 1935, Feb Average, Colombia, COL
25.1622, 1935, Mar Average, Colombia, COL
24.6607, 1935, Apr Average, Colombia, COL
23.8319, 1935, May Average, Colombia, COL
23.8029, 1935, Jun Average, Colombia, COL
23.8165, 1935, Jul Average, Colombia, COL
23.8521, 1935, Aug Average, Colombia, COL
24.0525, 1935, Sep Average, Colombia, COL
24.3661, 1935, Oct Average, Colombia, COL
24.3006, 1935, Nov Average, Colombia, COL
24.622, 1935, Dec Average, Colombia, COL
24.5639, 1936, Jan Average, Colombia, COL
25.2093, 1936, Feb Average, Colombia, COL
25.4253, 1936, Mar Average, Colombia, COL
25.0135, 1936, Apr Average, Colombia, COL
24.606, 1936, May Average, Colombia, COL
23.7996, 1936, Jun Average, Colombia, COL
23.6677, 1936, Jul Average, Colombia, COL
24.165, 1936, Aug Average, Colombia, COL
24.5634, 1936, Sep Average, Colombia, COL
24.3411, 1936, Oct Average, Colombia, COL
25.037, 1936, Nov Average, Colombia, COL
24.3878, 1936, Dec Average, Colombia, COL
24.2507, 1937, Jan Average, Colombia, COL
24.7138, 1937, Feb Average, Colombia, COL
25.5086, 1937, Mar Average, Colombia, COL
25.0041, 1937, Apr Average, Colombia, COL
24.2138, 1937, May Average, Colombia, COL
23.7829, 1937, Jun Average, Colombia, COL
23.7047, 1937, Jul Average, Colombia, COL
24.091, 1937, Aug Average, Colombia, COL
24.2551, 1937, Sep Average, Colombia, COL
24.5634, 1937, Oct Average, Colombia, COL
24.8061, 1937, Nov Average, Colombia, COL
24.9812, 1937, Dec Average, Colombia, COL
24.8615, 1938, Jan Average, Colombia, COL
25.1017, 1938, Feb Average, Colombia, COL
24.3881, 1938, Mar Average, Colombia, COL
24.0016, 1938, Apr Average, Colombia, COL
23.8442, 1938, May Average, Colombia, COL
23.6324, 1938, Jun Average, Colombia, COL
23.7971, 1938, Jul Average, Colombia, COL
23.6146, 1938, Aug Average, Colombia, COL
24.3518, 1938, Sep Average, Colombia, COL
24.5676, 1938, Oct Average, Colombia, COL
24.238, 1938, Nov Average, Colombia, COL
24.2991, 1938, Dec Average, Colombia, COL
24.147, 1939, Jan Average, Colombia, COL
24.0589, 1939, Feb Average, Colombia, COL
24.2111, 1939, Mar Average, Colombia, COL
24.0691, 1939, Apr Average, Colombia, COL
24.3639, 1939, May Average, Colombia, COL
23.7746, 1939, Jun Average, Colombia, COL
23.8608, 1939, Jul Average, Colombia, COL
24.2791, 1939, Aug Average, Colombia, COL
24.4052, 1939, Sep Average, Colombia, COL
24.5847, 1939, Oct Average, Colombia, COL
24.7585, 1939, Nov Average, Colombia, COL
25.3489, 1939, Dec Average, Colombia, COL
23.9805, 1940, Jan Average, Colombia, COL
25.0568, 1940, Feb Average, Colombia, COL
24.9115, 1940, Mar Average, Colombia, COL
25.2561, 1940, Apr Average, Colombia, COL
25.2106, 1940, May Average, Colombia, COL
24.3599, 1940, Jun Average, Colombia, COL
24.5786, 1940, Jul Average, Colombia, COL
24.3414, 1940, Aug Average, Colombia, COL
24.5722, 1940, Sep Average, Colombia, COL
24.8053, 1940, Oct Average, Colombia, COL
24.7733, 1940, Nov Average, Colombia, COL
23.7711, 1940, Dec Average, Colombia, COL
24.6585, 1941, Jan Average, Colombia, COL
25.4063, 1941, Feb Average, Colombia, COL
25.8149, 1941, Mar Average, Colombia, COL
25.2625, 1941, Apr Average, Colombia, COL
25.342, 1941, May Average, Colombia, COL
24.1963, 1941, Jun Average, Colombia, COL
24.1249, 1941, Jul Average, Colombia, COL
24.6899, 1941, Aug Average, Colombia, COL
24.9561, 1941, Sep Average, Colombia, COL
25.4075, 1941, Oct Average, Colombia, COL
25.561, 1941, Nov Average, Colombia, COL
25.807, 1941, Dec Average, Colombia, COL
24.7569, 1942, Jan Average, Colombia, COL
25.1047, 1942, Feb Average, Colombia, COL
25.1082, 1942, Mar Average, Colombia, COL
24.6568, 1942, Apr Average, Colombia, COL
24.1058, 1942, May Average, Colombia, COL
23.6544, 1942, Jun Average, Colombia, COL
23.59, 1942, Jul Average, Colombia, COL
24.0751, 1942, Aug Average, Colombia, COL
24.5266, 1942, Sep Average, Colombia, COL
24.2793, 1942, Oct Average, Colombia, COL
24.1836, 1942, Nov Average, Colombia, COL
24.4212, 1942, Dec Average, Colombia, COL
24.5834, 1943, Jan Average, Colombia, COL
24.349, 1943, Feb Average, Colombia, COL
24.2171, 1943, Mar Average, Colombia, COL
24.3409, 1943, Apr Average, Colombia, COL
23.776, 1943, May Average, Colombia, COL
23.3526, 1943, Jun Average, Colombia, COL
23.3323, 1943, Jul Average, Colombia, COL
23.8595, 1943, Aug Average, Colombia, COL
24.7652, 1943, Sep Average, Colombia, COL
24.5971, 1943, Oct Average, Colombia, COL
24.731, 1943, Nov Average, Colombia, COL
24.3678, 1943, Dec Average, Colombia, COL
24.2356, 1944, Jan Average, Colombia, COL
24.2492, 1944, Feb Average, Colombia, COL
24.6293, 1944, Mar Average, Colombia, COL
24.5511, 1944, Apr Average, Colombia, COL
23.9549, 1944, May Average, Colombia, COL
23.4349, 1944, Jun Average, Colombia, COL
24.0855, 1944, Jul Average, Colombia, COL
24.1287, 1944, Aug Average, Colombia, COL
24.1237, 1944, Sep Average, Colombia, COL
24.7811, 1944, Oct Average, Colombia, COL
24.3156, 1944, Nov Average, Colombia, COL
24.3778, 1944, Dec Average, Colombia, COL
24.3589, 1945, Jan Average, Colombia, COL
24.5892, 1945, Feb Average, Colombia, COL
25.1006, 1945, Mar Average, Colombia, COL
23.9301, 1945, Apr Average, Colombia, COL
23.0676, 1945, May Average, Colombia, COL
23.7187, 1945, Jun Average, Colombia, COL
23.7117, 1945, Jul Average, Colombia, COL
24.2049, 1945, Aug Average, Colombia, COL
24.6051, 1945, Sep Average, Colombia, COL
24.4843, 1945, Oct Average, Colombia, COL
24.5135, 1945, Nov Average, Colombia, COL
24.7373, 1945, Dec Average, Colombia, COL
24.4212, 1946, Jan Average, Colombia, COL
24.4366, 1946, Feb Average, Colombia, COL
24.8259, 1946, Mar Average, Colombia, COL
24.2332, 1946, Apr Average, Colombia, COL
24.0837, 1946, May Average, Colombia, COL
23.9214, 1946, Jun Average, Colombia, COL
23.7347, 1946, Jul Average, Colombia, COL
23.9392, 1946, Aug Average, Colombia, COL
24.5039, 1946, Sep Average, Colombia, COL
24.6199, 1946, Oct Average, Colombia, COL
24.5508, 1946, Nov Average, Colombia, COL
24.4541, 1946, Dec Average, Colombia, COL
24.8367, 1947, Jan Average, Colombia, COL
25.3367, 1947, Feb Average, Colombia, COL
25.6503, 1947, Mar Average, Colombia, COL
24.9125, 1947, Apr Average, Colombia, COL
24.3532, 1947, May Average, Colombia, COL
23.9142, 1947, Jun Average, Colombia, COL
23.4874, 1947, Jul Average, Colombia, COL
23.9095, 1947, Aug Average, Colombia, COL
24.3338, 1947, Sep Average, Colombia, COL
24.3475, 1947, Oct Average, Colombia, COL
24.8772, 1947, Nov Average, Colombia, COL
25.0086, 1947, Dec Average, Colombia, COL
24.8355, 1948, Jan Average, Colombia, COL
25.014, 1948, Feb Average, Colombia, COL
25.2775, 1948, Mar Average, Colombia, COL
24.409, 1948, Apr Average, Colombia, COL
24.4139, 1948, May Average, Colombia, COL
23.6867, 1948, Jun Average, Colombia, COL
23.4911, 1948, Jul Average, Colombia, COL
23.9934, 1948, Aug Average, Colombia, COL
24.7227, 1948, Sep Average, Colombia, COL
24.5435, 1948, Oct Average, Colombia, COL
24.9723, 1948, Nov Average, Colombia, COL
24.913, 1948, Dec Average, Colombia, COL
24.5708, 1949, Jan Average, Colombia, COL
24.7779, 1949, Feb Average, Colombia, COL
25.1924, 1949, Mar Average, Colombia, COL
24.6272, 1949, Apr Average, Colombia, COL
24.2041, 1949, May Average, Colombia, COL
23.3234, 1949, Jun Average, Colombia, COL
23.0968, 1949, Jul Average, Colombia, COL
23.5426, 1949, Aug Average, Colombia, COL
23.9319, 1949, Sep Average, Colombia, COL
24.215, 1949, Oct Average, Colombia, COL
24.384, 1949, Nov Average, Colombia, COL
24.2837, 1949, Dec Average, Colombia, COL
23.8327, 1950, Jan Average, Colombia, COL
24.0072, 1950, Feb Average, Colombia, COL
24.1559, 1950, Mar Average, Colombia, COL
24.1361, 1950, Apr Average, Colombia, COL
23.6455, 1950, May Average, Colombia, COL
22.9541, 1950, Jun Average, Colombia, COL
22.8418, 1950, Jul Average, Colombia, COL
23.2797, 1950, Aug Average, Colombia, COL
24.2861, 1950, Sep Average, Colombia, COL
23.9146, 1950, Oct Average, Colombia, COL
24.2168, 1950, Nov Average, Colombia, COL
24.2807, 1950, Dec Average, Colombia, COL
23.7641, 1951, Jan Average, Colombia, COL
23.8832, 1951, Feb Average, Colombia, COL
24.5314, 1951, Mar Average, Colombia, COL
24.7377, 1951, Apr Average, Colombia, COL
24.3958, 1951, May Average, Colombia, COL
23.8816, 1951, Jun Average, Colombia, COL
23.523, 1951, Jul Average, Colombia, COL
24.0696, 1951, Aug Average, Colombia, COL
24.6214, 1951, Sep Average, Colombia, COL
24.7852, 1951, Oct Average, Colombia, COL
24.5683, 1951, Nov Average, Colombia, COL
24.6376, 1951, Dec Average, Colombia, COL
24.5907, 1952, Jan Average, Colombia, COL
25.1051, 1952, Feb Average, Colombia, COL
25.4831, 1952, Mar Average, Colombia, COL
24.784, 1952, Apr Average, Colombia, COL
24.5005, 1952, May Average, Colombia, COL
23.8001, 1952, Jun Average, Colombia, COL
23.6081, 1952, Jul Average, Colombia, COL
23.9953, 1952, Aug Average, Colombia, COL
24.3083, 1952, Sep Average, Colombia, COL
24.5633, 1952, Oct Average, Colombia, COL
24.3035, 1952, Nov Average, Colombia, COL
24.4172, 1952, Dec Average, Colombia, COL
24.4148, 1953, Jan Average, Colombia, COL
24.7013, 1953, Feb Average, Colombia, COL
24.6356, 1953, Mar Average, Colombia, COL
25.1194, 1953, Apr Average, Colombia, COL
24.3029, 1953, May Average, Colombia, COL
24.1487, 1953, Jun Average, Colombia, COL
23.7938, 1953, Jul Average, Colombia, COL
24.4453, 1953, Aug Average, Colombia, COL
24.3112, 1953, Sep Average, Colombia, COL
24.2806, 1953, Oct Average, Colombia, COL
24.664, 1953, Nov Average, Colombia, COL
24.5531, 1953, Dec Average, Colombia, COL
24.3852, 1954, Jan Average, Colombia, COL
24.747, 1954, Feb Average, Colombia, COL
25.1262, 1954, Mar Average, Colombia, COL
24.2861, 1954, Apr Average, Colombia, COL
24.0197, 1954, May Average, Colombia, COL
23.2377, 1954, Jun Average, Colombia, COL
22.8563, 1954, Jul Average, Colombia, COL
23.1561, 1954, Aug Average, Colombia, COL
24.0632, 1954, Sep Average, Colombia, COL
23.4879, 1954, Oct Average, Colombia, COL
23.9788, 1954, Nov Average, Colombia, COL
23.9003, 1954, Dec Average, Colombia, COL
24.2748, 1955, Jan Average, Colombia, COL
24.7135, 1955, Feb Average, Colombia, COL
24.386, 1955, Mar Average, Colombia, COL
23.9992, 1955, Apr Average, Colombia, COL
24.2475, 1955, May Average, Colombia, COL
23.4772, 1955, Jun Average, Colombia, COL
23.2082, 1955, Jul Average, Colombia, COL
23.7315, 1955, Aug Average, Colombia, COL
23.8198, 1955, Sep Average, Colombia, COL
23.8502, 1955, Oct Average, Colombia, COL
24.2534, 1955, Nov Average, Colombia, COL
24.0209, 1955, Dec Average, Colombia, COL
23.5621, 1956, Jan Average, Colombia, COL
24.284, 1956, Feb Average, Colombia, COL
24.8339, 1956, Mar Average, Colombia, COL
24.7848, 1956, Apr Average, Colombia, COL
23.9928, 1956, May Average, Colombia, COL
23.4558, 1956, Jun Average, Colombia, COL
23.4699, 1956, Jul Average, Colombia, COL
23.6552, 1956, Aug Average, Colombia, COL
23.9512, 1956, Sep Average, Colombia, COL
23.9605, 1956, Oct Average, Colombia, COL
24.2465, 1956, Nov Average, Colombia, COL
24.1219, 1956, Dec Average, Colombia, COL
24.2222, 1957, Jan Average, Colombia, COL
24.9611, 1957, Feb Average, Colombia, COL
25.0803, 1957, Mar Average, Colombia, COL
24.7499, 1957, Apr Average, Colombia, COL
24.4463, 1957, May Average, Colombia, COL
24.1251, 1957, Jun Average, Colombia, COL
24.0263, 1957, Jul Average, Colombia, COL
24.479, 1957, Aug Average, Colombia, COL
24.8478, 1957, Sep Average, Colombia, COL
24.5479, 1957, Oct Average, Colombia, COL
24.887, 1957, Nov Average, Colombia, COL
25.0565, 1957, Dec Average, Colombia, COL
25.5021, 1958, Jan Average, Colombia, COL
25.9707, 1958, Feb Average, Colombia, COL
26.4388, 1958, Mar Average, Colombia, COL
25.6355, 1958, Apr Average, Colombia, COL
24.8719, 1958, May Average, Colombia, COL
24.4633, 1958, Jun Average, Colombia, COL
24.168, 1958, Jul Average, Colombia, COL
24.2667, 1958, Aug Average, Colombia, COL
25.0967, 1958, Sep Average, Colombia, COL
24.9252, 1958, Oct Average, Colombia, COL
24.6909, 1958, Nov Average, Colombia, COL
24.9124, 1958, Dec Average, Colombia, COL
25.3174, 1959, Jan Average, Colombia, COL
25.2918, 1959, Feb Average, Colombia, COL
25.8353, 1959, Mar Average, Colombia, COL
25.3692, 1959, Apr Average, Colombia, COL
24.3091, 1959, May Average, Colombia, COL
23.7519, 1959, Jun Average, Colombia, COL
23.9575, 1959, Jul Average, Colombia, COL
24.0809, 1959, Aug Average, Colombia, COL
24.5493, 1959, Sep Average, Colombia, COL
24.4066, 1959, Oct Average, Colombia, COL
24.593, 1959, Nov Average, Colombia, COL
24.9896, 1959, Dec Average, Colombia, COL
24.9494, 1960, Jan Average, Colombia, COL
25.4015, 1960, Feb Average, Colombia, COL
25.3022, 1960, Mar Average, Colombia, COL
24.8716, 1960, Apr Average, Colombia, COL
24.4247, 1960, May Average, Colombia, COL
23.9777, 1960, Jun Average, Colombia, COL
23.7066, 1960, Jul Average, Colombia, COL
24.0895, 1960, Aug Average, Colombia, COL
24.304, 1960, Sep Average, Colombia, COL
24.683, 1960, Oct Average, Colombia, COL
24.7496, 1960, Nov Average, Colombia, COL
24.5143, 1960, Dec Average, Colombia, COL
24.7933, 1961, Jan Average, Colombia, COL
25.0409, 1961, Feb Average, Colombia, COL
25.4596, 1961, Mar Average, Colombia, COL
25.146, 1961, Apr Average, Colombia, COL
25.1187, 1961, May Average, Colombia, COL
23.8817, 1961, Jun Average, Colombia, COL
23.7056, 1961, Jul Average, Colombia, COL
24.2923, 1961, Aug Average, Colombia, COL
24.3828, 1961, Sep Average, Colombia, COL
24.5893, 1961, Oct Average, Colombia, COL
24.1155, 1961, Nov Average, Colombia, COL
24.634, 1961, Dec Average, Colombia, COL
24.705, 1962, Jan Average, Colombia, COL
25.2201, 1962, Feb Average, Colombia, COL
24.9084, 1962, Mar Average, Colombia, COL
24.8396, 1962, Apr Average, Colombia, COL
24.0142, 1962, May Average, Colombia, COL
23.3134, 1962, Jun Average, Colombia, COL
23.8412, 1962, Jul Average, Colombia, COL
24.0852, 1962, Aug Average, Colombia, COL
24.6553, 1962, Sep Average, Colombia, COL
24.5929, 1962, Oct Average, Colombia, COL
24.6292, 1962, Nov Average, Colombia, COL
25.0332, 1962, Dec Average, Colombia, COL
24.8573, 1963, Jan Average, Colombia, COL
24.8954, 1963, Feb Average, Colombia, COL
25.2215, 1963, Mar Average, Colombia, COL
24.6022, 1963, Apr Average, Colombia, COL
24.1503, 1963, May Average, Colombia, COL
24.1906, 1963, Jun Average, Colombia, COL
24.0293, 1963, Jul Average, Colombia, COL
24.595, 1963, Aug Average, Colombia, COL
24.8826, 1963, Sep Average, Colombia, COL
24.8645, 1963, Oct Average, Colombia, COL
24.4413, 1963, Nov Average, Colombia, COL
25.1643, 1963, Dec Average, Colombia, COL
25.3155, 1964, Jan Average, Colombia, COL
25.9878, 1964, Feb Average, Colombia, COL
25.6372, 1964, Mar Average, Colombia, COL
24.6254, 1964, Apr Average, Colombia, COL
24.4853, 1964, May Average, Colombia, COL
23.1914, 1964, Jun Average, Colombia, COL
23.2809, 1964, Jul Average, Colombia, COL
23.705, 1964, Aug Average, Colombia, COL
24.0021, 1964, Sep Average, Colombia, COL
23.9731, 1964, Oct Average, Colombia, COL
24.1244, 1964, Nov Average, Colombia, COL
23.813, 1964, Dec Average, Colombia, COL
24.157, 1965, Jan Average, Colombia, COL
24.7985, 1965, Feb Average, Colombia, COL
25.298, 1965, Mar Average, Colombia, COL
24.4191, 1965, Apr Average, Colombia, COL
24.0789, 1965, May Average, Colombia, COL
24.0339, 1965, Jun Average, Colombia, COL
23.9928, 1965, Jul Average, Colombia, COL
23.9576, 1965, Aug Average, Colombia, COL
24.4801, 1965, Sep Average, Colombia, COL
24.628, 1965, Oct Average, Colombia, COL
24.3071, 1965, Nov Average, Colombia, COL
24.6603, 1965, Dec Average, Colombia, COL
25.4041, 1966, Jan Average, Colombia, COL
25.6037, 1966, Feb Average, Colombia, COL
25.2627, 1966, Mar Average, Colombia, COL
25.0125, 1966, Apr Average, Colombia, COL
24.527, 1966, May Average, Colombia, COL
23.9201, 1966, Jun Average, Colombia, COL
23.7731, 1966, Jul Average, Colombia, COL
23.92, 1966, Aug Average, Colombia, COL
24.238, 1966, Sep Average, Colombia, COL
24.2824, 1966, Oct Average, Colombia, COL
24.0988, 1966, Nov Average, Colombia, COL
24.1289, 1966, Dec Average, Colombia, COL
24.1764, 1967, Jan Average, Colombia, COL
24.587, 1967, Feb Average, Colombia, COL
24.6415, 1967, Mar Average, Colombia, COL
24.2113, 1967, Apr Average, Colombia, COL
24.1227, 1967, May Average, Colombia, COL
23.3528, 1967, Jun Average, Colombia, COL
23.2973, 1967, Jul Average, Colombia, COL
23.8179, 1967, Aug Average, Colombia, COL
23.9536, 1967, Sep Average, Colombia, COL
24.3199, 1967, Oct Average, Colombia, COL
24.4783, 1967, Nov Average, Colombia, COL
24.3721, 1967, Dec Average, Colombia, COL
24.1772, 1968, Jan Average, Colombia, COL
24.8628, 1968, Feb Average, Colombia, COL
24.6835, 1968, Mar Average, Colombia, COL
24.2654, 1968, Apr Average, Colombia, COL
23.5613, 1968, May Average, Colombia, COL
23.2305, 1968, Jun Average, Colombia, COL
23.6369, 1968, Jul Average, Colombia, COL
23.9119, 1968, Aug Average, Colombia, COL
23.9783, 1968, Sep Average, Colombia, COL
24.1187, 1968, Oct Average, Colombia, COL
24.4846, 1968, Nov Average, Colombia, COL
24.4004, 1968, Dec Average, Colombia, COL
24.4834, 1969, Jan Average, Colombia, COL
25.0917, 1969, Feb Average, Colombia, COL
25.8378, 1969, Mar Average, Colombia, COL
25.106, 1969, Apr Average, Colombia, COL
25.0548, 1969, May Average, Colombia, COL
24.4509, 1969, Jun Average, Colombia, COL
24.099, 1969, Jul Average, Colombia, COL
23.9928, 1969, Aug Average, Colombia, COL
24.4556, 1969, Sep Average, Colombia, COL
24.0863, 1969, Oct Average, Colombia, COL
24.5133, 1969, Nov Average, Colombia, COL
24.646, 1969, Dec Average, Colombia, COL
24.8016, 1970, Jan Average, Colombia, COL
25.0051, 1970, Feb Average, Colombia, COL
25.29, 1970, Mar Average, Colombia, COL
24.9577, 1970, Apr Average, Colombia, COL
24.292, 1970, May Average, Colombia, COL
23.9662, 1970, Jun Average, Colombia, COL
23.5587, 1970, Jul Average, Colombia, COL
23.8267, 1970, Aug Average, Colombia, COL
23.7678, 1970, Sep Average, Colombia, COL
24.3124, 1970, Oct Average, Colombia, COL
24.0491, 1970, Nov Average, Colombia, COL
24.4183, 1970, Dec Average, Colombia, COL
24.0828, 1971, Jan Average, Colombia, COL
24.0462, 1971, Feb Average, Colombia, COL
24.2057, 1971, Mar Average, Colombia, COL
24.1975, 1971, Apr Average, Colombia, COL
23.5997, 1971, May Average, Colombia, COL
23.4546, 1971, Jun Average, Colombia, COL
23.5879, 1971, Jul Average, Colombia, COL
23.3842, 1971, Aug Average, Colombia, COL
23.5655, 1971, Sep Average, Colombia, COL
23.7805, 1971, Oct Average, Colombia, COL
23.8988, 1971, Nov Average, Colombia, COL
23.9471, 1971, Dec Average, Colombia, COL
24.0955, 1972, Jan Average, Colombia, COL
24.6281, 1972, Feb Average, Colombia, COL
24.8165, 1972, Mar Average, Colombia, COL
24.4477, 1972, Apr Average, Colombia, COL
24.3244, 1972, May Average, Colombia, COL
24.1751, 1972, Jun Average, Colombia, COL
24.3576, 1972, Jul Average, Colombia, COL
24.0775, 1972, Aug Average, Colombia, COL
24.6982, 1972, Sep Average, Colombia, COL
24.6333, 1972, Oct Average, Colombia, COL
24.7881, 1972, Nov Average, Colombia, COL
24.8836, 1972, Dec Average, Colombia, COL
25.6645, 1973, Jan Average, Colombia, COL
25.6489, 1973, Feb Average, Colombia, COL
25.8805, 1973, Mar Average, Colombia, COL
25.0604, 1973, Apr Average, Colombia, COL
24.4198, 1973, May Average, Colombia, COL
23.8486, 1973, Jun Average, Colombia, COL
23.6328, 1973, Jul Average, Colombia, COL
23.6316, 1973, Aug Average, Colombia, COL
23.463, 1973, Sep Average, Colombia, COL
24.2004, 1973, Oct Average, Colombia, COL
23.7982, 1973, Nov Average, Colombia, COL
23.4132, 1973, Dec Average, Colombia, COL
23.6874, 1974, Jan Average, Colombia, COL
24.2988, 1974, Feb Average, Colombia, COL
24.159, 1974, Mar Average, Colombia, COL
24.157, 1974, Apr Average, Colombia, COL
23.7411, 1974, May Average, Colombia, COL
23.7393, 1974, Jun Average, Colombia, COL
23.3789, 1974, Jul Average, Colombia, COL
23.7906, 1974, Aug Average, Colombia, COL
23.3306, 1974, Sep Average, Colombia, COL
23.6662, 1974, Oct Average, Colombia, COL
24.0557, 1974, Nov Average, Colombia, COL
23.8654, 1974, Dec Average, Colombia, COL
24.0326, 1975, Jan Average, Colombia, COL
24.1871, 1975, Feb Average, Colombia, COL
24.7443, 1975, Mar Average, Colombia, COL
24.385, 1975, Apr Average, Colombia, COL
23.7475, 1975, May Average, Colombia, COL
23.5767, 1975, Jun Average, Colombia, COL
22.7554, 1975, Jul Average, Colombia, COL
23.7482, 1975, Aug Average, Colombia, COL
23.5828, 1975, Sep Average, Colombia, COL
23.5281, 1975, Oct Average, Colombia, COL
23.6699, 1975, Nov Average, Colombia, COL
23.2477, 1975, Dec Average, Colombia, COL
23.7432, 1976, Jan Average, Colombia, COL
23.949, 1976, Feb Average, Colombia, COL
24.1151, 1976, Mar Average, Colombia, COL
24.1531, 1976, Apr Average, Colombia, COL
23.9453, 1976, May Average, Colombia, COL
23.3748, 1976, Jun Average, Colombia, COL
23.6247, 1976, Jul Average, Colombia, COL
24.068, 1976, Aug Average, Colombia, COL
24.4842, 1976, Sep Average, Colombia, COL
24.1522, 1976, Oct Average, Colombia, COL
24.2027, 1976, Nov Average, Colombia, COL
24.1832, 1976, Dec Average, Colombia, COL
24.9092, 1977, Jan Average, Colombia, COL
25.2344, 1977, Feb Average, Colombia, COL
25.499, 1977, Mar Average, Colombia, COL
24.8918, 1977, Apr Average, Colombia, COL
24.1279, 1977, May Average, Colombia, COL
23.5579, 1977, Jun Average, Colombia, COL
23.8932, 1977, Jul Average, Colombia, COL
23.9853, 1977, Aug Average, Colombia, COL
24.2554, 1977, Sep Average, Colombia, COL
24.4218, 1977, Oct Average, Colombia, COL
24.4643, 1977, Nov Average, Colombia, COL
24.8602, 1977, Dec Average, Colombia, COL
24.7105, 1978, Jan Average, Colombia, COL
25.6587, 1978, Feb Average, Colombia, COL
25.1302, 1978, Mar Average, Colombia, COL
24.3832, 1978, Apr Average, Colombia, COL
24.3515, 1978, May Average, Colombia, COL
23.5342, 1978, Jun Average, Colombia, COL
23.5917, 1978, Jul Average, Colombia, COL
23.6487, 1978, Aug Average, Colombia, COL
24.1588, 1978, Sep Average, Colombia, COL
24.3355, 1978, Oct Average, Colombia, COL
24.6166, 1978, Nov Average, Colombia, COL
24.388, 1978, Dec Average, Colombia, COL
24.6169, 1979, Jan Average, Colombia, COL
25.2384, 1979, Feb Average, Colombia, COL
25.082, 1979, Mar Average, Colombia, COL
24.8556, 1979, Apr Average, Colombia, COL
24.2932, 1979, May Average, Colombia, COL
23.6541, 1979, Jun Average, Colombia, COL
23.8845, 1979, Jul Average, Colombia, COL
24.1712, 1979, Aug Average, Colombia, COL
24.113, 1979, Sep Average, Colombia, COL
24.5342, 1979, Oct Average, Colombia, COL
24.5399, 1979, Nov Average, Colombia, COL
24.4197, 1979, Dec Average, Colombia, COL
24.8569, 1980, Jan Average, Colombia, COL
25.342, 1980, Feb Average, Colombia, COL
25.6829, 1980, Mar Average, Colombia, COL
25.396, 1980, Apr Average, Colombia, COL
24.9537, 1980, May Average, Colombia, COL
24.3514, 1980, Jun Average, Colombia, COL
23.9978, 1980, Jul Average, Colombia, COL
23.9549, 1980, Aug Average, Colombia, COL
24.5127, 1980, Sep Average, Colombia, COL
24.4218, 1980, Oct Average, Colombia, COL
24.2929, 1980, Nov Average, Colombia, COL
24.4008, 1980, Dec Average, Colombia, COL
24.7898, 1981, Jan Average, Colombia, COL
25.0854, 1981, Feb Average, Colombia, COL
25.4394, 1981, Mar Average, Colombia, COL
24.6108, 1981, Apr Average, Colombia, COL
24.1253, 1981, May Average, Colombia, COL
23.6985, 1981, Jun Average, Colombia, COL
23.5013, 1981, Jul Average, Colombia, COL
23.733, 1981, Aug Average, Colombia, COL
24.0083, 1981, Sep Average, Colombia, COL
24.255, 1981, Oct Average, Colombia, COL
24.6597, 1981, Nov Average, Colombia, COL
24.774, 1981, Dec Average, Colombia, COL
24.5465, 1982, Jan Average, Colombia, COL
25.0127, 1982, Feb Average, Colombia, COL
25.0284, 1982, Mar Average, Colombia, COL
24.3867, 1982, Apr Average, Colombia, COL
24.0318, 1982, May Average, Colombia, COL
24.2862, 1982, Jun Average, Colombia, COL
23.9026, 1982, Jul Average, Colombia, COL
24.4804, 1982, Aug Average, Colombia, COL
24.6047, 1982, Sep Average, Colombia, COL
24.3279, 1982, Oct Average, Colombia, COL
24.7443, 1982, Nov Average, Colombia, COL
24.7356, 1982, Dec Average, Colombia, COL
25.87, 1983, Jan Average, Colombia, COL
26.3783, 1983, Feb Average, Colombia, COL
26.3201, 1983, Mar Average, Colombia, COL
25.2788, 1983, Apr Average, Colombia, COL
25.1336, 1983, May Average, Colombia, COL
24.5251, 1983, Jun Average, Colombia, COL
24.5618, 1983, Jul Average, Colombia, COL
24.6491, 1983, Aug Average, Colombia, COL
24.7288, 1983, Sep Average, Colombia, COL
24.4066, 1983, Oct Average, Colombia, COL
24.8954, 1983, Nov Average, Colombia, COL
24.2126, 1983, Dec Average, Colombia, COL
24.0211, 1984, Jan Average, Colombia, COL
24.5502, 1984, Feb Average, Colombia, COL
25.2126, 1984, Mar Average, Colombia, COL
24.9233, 1984, Apr Average, Colombia, COL
24.2638, 1984, May Average, Colombia, COL
23.8126, 1984, Jun Average, Colombia, COL
23.3461, 1984, Jul Average, Colombia, COL
23.6833, 1984, Aug Average, Colombia, COL
23.6555, 1984, Sep Average, Colombia, COL
24.3392, 1984, Oct Average, Colombia, COL
24.2241, 1984, Nov Average, Colombia, COL
24.1708, 1984, Dec Average, Colombia, COL
24.2711, 1985, Jan Average, Colombia, COL
24.8369, 1985, Feb Average, Colombia, COL
25.0963, 1985, Mar Average, Colombia, COL
24.7879, 1985, Apr Average, Colombia, COL
24.2131, 1985, May Average, Colombia, COL
23.7858, 1985, Jun Average, Colombia, COL
23.5901, 1985, Jul Average, Colombia, COL
23.563, 1985, Aug Average, Colombia, COL
24.0115, 1985, Sep Average, Colombia, COL
24.1942, 1985, Oct Average, Colombia, COL
23.9134, 1985, Nov Average, Colombia, COL
24.0339, 1985, Dec Average, Colombia, COL
24.5519, 1986, Jan Average, Colombia, COL
24.4586, 1986, Feb Average, Colombia, COL
24.7214, 1986, Mar Average, Colombia, COL
24.7298, 1986, Apr Average, Colombia, COL
24.2855, 1986, May Average, Colombia, COL
23.7676, 1986, Jun Average, Colombia, COL
23.7828, 1986, Jul Average, Colombia, COL
24.2696, 1986, Aug Average, Colombia, COL
24.3883, 1986, Sep Average, Colombia, COL
24.0293, 1986, Oct Average, Colombia, COL
24.4513, 1986, Nov Average, Colombia, COL
24.6122, 1986, Dec Average, Colombia, COL
25.0236, 1987, Jan Average, Colombia, COL
25.4955, 1987, Feb Average, Colombia, COL
25.6569, 1987, Mar Average, Colombia, COL
25.3762, 1987, Apr Average, Colombia, COL
24.5239, 1987, May Average, Colombia, COL
24.6062, 1987, Jun Average, Colombia, COL
24.4375, 1987, Jul Average, Colombia, COL
24.4885, 1987, Aug Average, Colombia, COL
24.7284, 1987, Sep Average, Colombia, COL
24.735, 1987, Oct Average, Colombia, COL
25.1978, 1987, Nov Average, Colombia, COL
25.1591, 1987, Dec Average, Colombia, COL
25.0916, 1988, Jan Average, Colombia, COL
25.51, 1988, Feb Average, Colombia, COL
25.9095, 1988, Mar Average, Colombia, COL
25.167, 1988, Apr Average, Colombia, COL
25.0161, 1988, May Average, Colombia, COL
23.7461, 1988, Jun Average, Colombia, COL
23.7475, 1988, Jul Average, Colombia, COL
23.7827, 1988, Aug Average, Colombia, COL
24.0209, 1988, Sep Average, Colombia, COL
24.3666, 1988, Oct Average, Colombia, COL
24.1192, 1988, Nov Average, Colombia, COL
23.8779, 1988, Dec Average, Colombia, COL
23.9945, 1989, Jan Average, Colombia, COL
24.2245, 1989, Feb Average, Colombia, COL
24.3309, 1989, Mar Average, Colombia, COL
24.8933, 1989, Apr Average, Colombia, COL
23.9418, 1989, May Average, Colombia, COL
23.5963, 1989, Jun Average, Colombia, COL
23.558, 1989, Jul Average, Colombia, COL
24.008, 1989, Aug Average, Colombia, COL
24.0459, 1989, Sep Average, Colombia, COL
24.0606, 1989, Oct Average, Colombia, COL
24.5585, 1989, Nov Average, Colombia, COL
24.1721, 1989, Dec Average, Colombia, COL
24.5802, 1990, Jan Average, Colombia, COL
24.6507, 1990, Feb Average, Colombia, COL
25.221, 1990, Mar Average, Colombia, COL
24.8929, 1990, Apr Average, Colombia, COL
24.5079, 1990, May Average, Colombia, COL
24.3417, 1990, Jun Average, Colombia, COL
23.8179, 1990, Jul Average, Colombia, COL
24.3736, 1990, Aug Average, Colombia, COL
24.7082, 1990, Sep Average, Colombia, COL
24.114, 1990, Oct Average, Colombia, COL
24.8016, 1990, Nov Average, Colombia, COL
24.4471, 1990, Dec Average, Colombia, COL
24.7131, 1991, Jan Average, Colombia, COL
25.5855, 1991, Feb Average, Colombia, COL
25.3603, 1991, Mar Average, Colombia, COL
25.0915, 1991, Apr Average, Colombia, COL
24.7832, 1991, May Average, Colombia, COL
24.4681, 1991, Jun Average, Colombia, COL
23.9097, 1991, Jul Average, Colombia, COL
23.6642, 1991, Aug Average, Colombia, COL
24.4784, 1991, Sep Average, Colombia, COL
24.3934, 1991, Oct Average, Colombia, COL
24.5051, 1991, Nov Average, Colombia, COL
24.7374, 1991, Dec Average, Colombia, COL
25.1794, 1992, Jan Average, Colombia, COL
25.6509, 1992, Feb Average, Colombia, COL
26.027, 1992, Mar Average, Colombia, COL
25.5777, 1992, Apr Average, Colombia, COL
24.7246, 1992, May Average, Colombia, COL
24.6872, 1992, Jun Average, Colombia, COL
23.8717, 1992, Jul Average, Colombia, COL
24.182, 1992, Aug Average, Colombia, COL
24.1246, 1992, Sep Average, Colombia, COL
24.4156, 1992, Oct Average, Colombia, COL
24.4161, 1992, Nov Average, Colombia, COL
24.5487, 1992, Dec Average, Colombia, COL
24.8326, 1993, Jan Average, Colombia, COL
25.0972, 1993, Feb Average, Colombia, COL
25.1397, 1993, Mar Average, Colombia, COL
24.9163, 1993, Apr Average, Colombia, COL
24.2302, 1993, May Average, Colombia, COL
24.2732, 1993, Jun Average, Colombia, COL
24.0656, 1993, Jul Average, Colombia, COL
24.3874, 1993, Aug Average, Colombia, COL
24.254, 1993, Sep Average, Colombia, COL
24.7572, 1993, Oct Average, Colombia, COL
24.5135, 1993, Nov Average, Colombia, COL
24.763, 1993, Dec Average, Colombia, COL
24.6045, 1994, Jan Average, Colombia, COL
25.1354, 1994, Feb Average, Colombia, COL
25.2079, 1994, Mar Average, Colombia, COL
24.9666, 1994, Apr Average, Colombia, COL
24.3947, 1994, May Average, Colombia, COL
24.1585, 1994, Jun Average, Colombia, COL
23.8467, 1994, Jul Average, Colombia, COL
24.1796, 1994, Aug Average, Colombia, COL
24.5818, 1994, Sep Average, Colombia, COL
24.3198, 1994, Oct Average, Colombia, COL
24.4521, 1994, Nov Average, Colombia, COL
24.4798, 1994, Dec Average, Colombia, COL
25.1208, 1995, Jan Average, Colombia, COL
25.4963, 1995, Feb Average, Colombia, COL
25.4105, 1995, Mar Average, Colombia, COL
25.2551, 1995, Apr Average, Colombia, COL
24.6618, 1995, May Average, Colombia, COL
24.4411, 1995, Jun Average, Colombia, COL
24.1561, 1995, Jul Average, Colombia, COL
23.9357, 1995, Aug Average, Colombia, COL
24.8138, 1995, Sep Average, Colombia, COL
24.4635, 1995, Oct Average, Colombia, COL
24.603, 1995, Nov Average, Colombia, COL
24.5799, 1995, Dec Average, Colombia, COL
24.5134, 1996, Jan Average, Colombia, COL
25.1635, 1996, Feb Average, Colombia, COL
25.2887, 1996, Mar Average, Colombia, COL
24.7423, 1996, Apr Average, Colombia, COL
24.2468, 1996, May Average, Colombia, COL
23.646, 1996, Jun Average, Colombia, COL
23.719, 1996, Jul Average, Colombia, COL
23.8865, 1996, Aug Average, Colombia, COL
24.2242, 1996, Sep Average, Colombia, COL
24.3235, 1996, Oct Average, Colombia, COL
24.4125, 1996, Nov Average, Colombia, COL
24.3444, 1996, Dec Average, Colombia, COL
24.5278, 1997, Jan Average, Colombia, COL
24.9529, 1997, Feb Average, Colombia, COL
24.9433, 1997, Mar Average, Colombia, COL
25.0474, 1997, Apr Average, Colombia, COL
24.7248, 1997, May Average, Colombia, COL
24.3373, 1997, Jun Average, Colombia, COL
24.4283, 1997, Jul Average, Colombia, COL
24.5959, 1997, Aug Average, Colombia, COL
24.5876, 1997, Sep Average, Colombia, COL
25.1691, 1997, Oct Average, Colombia, COL
24.9091, 1997, Nov Average, Colombia, COL
25.2881, 1997, Dec Average, Colombia, COL
26.0146, 1998, Jan Average, Colombia, COL
26.1983, 1998, Feb Average, Colombia, COL
26.3614, 1998, Mar Average, Colombia, COL
25.8331, 1998, Apr Average, Colombia, COL
25.0526, 1998, May Average, Colombia, COL
24.2159, 1998, Jun Average, Colombia, COL
24.2206, 1998, Jul Average, Colombia, COL
24.5163, 1998, Aug Average, Colombia, COL
24.6051, 1998, Sep Average, Colombia, COL
24.8128, 1998, Oct Average, Colombia, COL
24.6403, 1998, Nov Average, Colombia, COL
24.6406, 1998, Dec Average, Colombia, COL
24.7584, 1999, Jan Average, Colombia, COL
24.5166, 1999, Feb Average, Colombia, COL
24.9355, 1999, Mar Average, Colombia, COL
24.4953, 1999, Apr Average, Colombia, COL
24.2219, 1999, May Average, Colombia, COL
23.8517, 1999, Jun Average, Colombia, COL
23.6872, 1999, Jul Average, Colombia, COL
23.7933, 1999, Aug Average, Colombia, COL
23.7604, 1999, Sep Average, Colombia, COL
24.0347, 1999, Oct Average, Colombia, COL
24.3907, 1999, Nov Average, Colombia, COL
24.245, 1999, Dec Average, Colombia, COL
24.1383, 2000, Jan Average, Colombia, COL
24.3858, 2000, Feb Average, Colombia, COL
24.4514, 2000, Mar Average, Colombia, COL
24.4765, 2000, Apr Average, Colombia, COL
24.206, 2000, May Average, Colombia, COL
23.8792, 2000, Jun Average, Colombia, COL
23.3975, 2000, Jul Average, Colombia, COL
24.1216, 2000, Aug Average, Colombia, COL
23.9053, 2000, Sep Average, Colombia, COL
24.578, 2000, Oct Average, Colombia, COL
24.4198, 2000, Nov Average, Colombia, COL
24.4255, 2000, Dec Average, Colombia, COL
24.3827, 2001, Jan Average, Colombia, COL
24.6922, 2001, Feb Average, Colombia, COL
25.1342, 2001, Mar Average, Colombia, COL
24.9892, 2001, Apr Average, Colombia, COL
24.6011, 2001, May Average, Colombia, COL
23.7557, 2001, Jun Average, Colombia, COL
23.9462, 2001, Jul Average, Colombia, COL
24.6371, 2001, Aug Average, Colombia, COL
24.3994, 2001, Sep Average, Colombia, COL
24.9238, 2001, Oct Average, Colombia, COL
24.8349, 2001, Nov Average, Colombia, COL
25.1158, 2001, Dec Average, Colombia, COL
25.1053, 2002, Jan Average, Colombia, COL
25.4825, 2002, Feb Average, Colombia, COL
25.2021, 2002, Mar Average, Colombia, COL
24.7932, 2002, Apr Average, Colombia, COL
24.7714, 2002, May Average, Colombia, COL
23.8944, 2002, Jun Average, Colombia, COL
24.1763, 2002, Jul Average, Colombia, COL
24.5056, 2002, Aug Average, Colombia, COL
24.7713, 2002, Sep Average, Colombia, COL
24.7939, 2002, Oct Average, Colombia, COL
24.7042, 2002, Nov Average, Colombia, COL
25.2386, 2002, Dec Average, Colombia, COL
25.5195, 2003, Jan Average, Colombia, COL
25.9824, 2003, Feb Average, Colombia, COL
25.8264, 2003, Mar Average, Colombia, COL
25.3438, 2003, Apr Average, Colombia, COL
25.022, 2003, May Average, Colombia, COL
23.8628, 2003, Jun Average, Colombia, COL
23.8764, 2003, Jul Average, Colombia, COL
24.3872, 2003, Aug Average, Colombia, COL
24.4699, 2003, Sep Average, Colombia, COL
24.6194, 2003, Oct Average, Colombia, COL
24.6349, 2003, Nov Average, Colombia, COL
24.7696, 2003, Dec Average, Colombia, COL
24.899, 2004, Jan Average, Colombia, COL
25.3624, 2004, Feb Average, Colombia, COL
25.7686, 2004, Mar Average, Colombia, COL
25.1066, 2004, Apr Average, Colombia, COL
24.3302, 2004, May Average, Colombia, COL
24.3076, 2004, Jun Average, Colombia, COL
23.6201, 2004, Jul Average, Colombia, COL
24.1638, 2004, Aug Average, Colombia, COL
24.1212, 2004, Sep Average, Colombia, COL
24.9482, 2004, Oct Average, Colombia, COL
24.6325, 2004, Nov Average, Colombia, COL
24.6221, 2004, Dec Average, Colombia, COL
24.9022, 2005, Jan Average, Colombia, COL
25.2202, 2005, Feb Average, Colombia, COL
25.8188, 2005, Mar Average, Colombia, COL
25.4604, 2005, Apr Average, Colombia, COL
24.6959, 2005, May Average, Colombia, COL
24.4151, 2005, Jun Average, Colombia, COL
24.3468, 2005, Jul Average, Colombia, COL
24.49, 2005, Aug Average, Colombia, COL
24.6665, 2005, Sep Average, Colombia, COL
24.3193, 2005, Oct Average, Colombia, COL
24.3732, 2005, Nov Average, Colombia, COL
24.2561, 2005, Dec Average, Colombia, COL
24.6424, 2006, Jan Average, Colombia, COL
25.1496, 2006, Feb Average, Colombia, COL
24.8823, 2006, Mar Average, Colombia, COL
24.6941, 2006, Apr Average, Colombia, COL
24.1397, 2006, May Average, Colombia, COL
24.048, 2006, Jun Average, Colombia, COL
24.058, 2006, Jul Average, Colombia, COL
24.4799, 2006, Aug Average, Colombia, COL
24.9235, 2006, Sep Average, Colombia, COL
24.8834, 2006, Oct Average, Colombia, COL
24.4476, 2006, Nov Average, Colombia, COL
24.7936, 2006, Dec Average, Colombia, COL
25.1613, 2007, Jan Average, Colombia, COL
25.431, 2007, Feb Average, Colombia, COL
25.2625, 2007, Mar Average, Colombia, COL
24.9824, 2007, Apr Average, Colombia, COL
24.4733, 2007, May Average, Colombia, COL
24.0473, 2007, Jun Average, Colombia, COL
24.0515, 2007, Jul Average, Colombia, COL
23.841, 2007, Aug Average, Colombia, COL
24.2466, 2007, Sep Average, Colombia, COL
24.06, 2007, Oct Average, Colombia, COL
24.3422, 2007, Nov Average, Colombia, COL
24.2872, 2007, Dec Average, Colombia, COL
24.4872, 2008, Jan Average, Colombia, COL
24.7086, 2008, Feb Average, Colombia, COL
24.8751, 2008, Mar Average, Colombia, COL
24.8048, 2008, Apr Average, Colombia, COL
23.9647, 2008, May Average, Colombia, COL
23.8871, 2008, Jun Average, Colombia, COL
23.6938, 2008, Jul Average, Colombia, COL
23.9628, 2008, Aug Average, Colombia, COL
24.3514, 2008, Sep Average, Colombia, COL
24.1016, 2008, Oct Average, Colombia, COL
24.2534, 2008, Nov Average, Colombia, COL
24.1154, 2008, Dec Average, Colombia, COL
24.3949, 2009, Jan Average, Colombia, COL
24.6256, 2009, Feb Average, Colombia, COL
24.2821, 2009, Mar Average, Colombia, COL
24.9252, 2009, Apr Average, Colombia, COL
24.4063, 2009, May Average, Colombia, COL
24.1747, 2009, Jun Average, Colombia, COL
24.2315, 2009, Jul Average, Colombia, COL
24.7886, 2009, Aug Average, Colombia, COL
25.1863, 2009, Sep Average, Colombia, COL
25.1284, 2009, Oct Average, Colombia, COL
25.3487, 2009, Nov Average, Colombia, COL
25.5155, 2009, Dec Average, Colombia, COL
25.8196, 2010, Jan Average, Colombia, COL
26.0543, 2010, Feb Average, Colombia, COL
26.6059, 2010, Mar Average, Colombia, COL
25.5359, 2010, Apr Average, Colombia, COL
25.1456, 2010, May Average, Colombia, COL
24.3437, 2010, Jun Average, Colombia, COL
23.8508, 2010, Jul Average, Colombia, COL
24.3578, 2010, Aug Average, Colombia, COL
24.4737, 2010, Sep Average, Colombia, COL
24.7139, 2010, Oct Average, Colombia, COL
24.2439, 2010, Nov Average, Colombia, COL
24.3646, 2010, Dec Average, Colombia, COL
24.8172, 2011, Jan Average, Colombia, COL
24.9084, 2011, Feb Average, Colombia, COL
24.5955, 2011, Mar Average, Colombia, COL
24.5218, 2011, Apr Average, Colombia, COL
24.5401, 2011, May Average, Colombia, COL
24.4578, 2011, Jun Average, Colombia, COL
24.1199, 2011, Jul Average, Colombia, COL
24.7564, 2011, Aug Average, Colombia, COL
24.8476, 2011, Sep Average, Colombia, COL
24.4817, 2011, Oct Average, Colombia, COL
24.7426, 2011, Nov Average, Colombia, COL
24.8032, 2011, Dec Average, Colombia, COL
25.1157, 2012, Jan Average, Colombia, COL
24.8514, 2012, Feb Average, Colombia, COL
25.0705, 2012, Mar Average, Colombia, COL
24.6272, 2012, Apr Average, Colombia, COL
24.5996, 2012, May Average, Colombia, COL
24.6517, 2012, Jun Average, Colombia, COL
24.4861, 2012, Jul Average, Colombia, COL
24.5481, 2012, Aug Average, Colombia, COL
24.9321, 2012, Sep Average, Colombia, COL
24.8861, 2012, Oct Average, Colombia, COL
24.9394, 2012, Nov Average, Colombia, COL
25.0271, 2012, Dec Average, Colombia, COL
25.4676, 2013, Jan Average, Colombia, COL
25.3629, 2013, Feb Average, Colombia, COL
25.9262, 2013, Mar Average, Colombia, COL
25.5911, 2013, Apr Average, Colombia, COL
24.6531, 2013, May Average, Colombia, COL
24.6298, 2013, Jun Average, Colombia, COL
24.2621, 2013, Jul Average, Colombia, COL
24.2636, 2013, Aug Average, Colombia, COL
24.9211, 2013, Sep Average, Colombia, COL
24.9335, 2013, Oct Average, Colombia, COL
24.7506, 2013, Nov Average, Colombia, COL
24.7978, 2013, Dec Average, Colombia, COL
25.2457, 2014, Jan Average, Colombia, COL
25.429, 2014, Feb Average, Colombia, COL
25.6165, 2014, Mar Average, Colombia, COL
25.5014, 2014, Apr Average, Colombia, COL
24.8246, 2014, May Average, Colombia, COL
24.7952, 2014, Jun Average, Colombia, COL
24.7319, 2014, Jul Average, Colombia, COL
24.5885, 2014, Aug Average, Colombia, COL
25.0544, 2014, Sep Average, Colombia, COL
24.8459, 2014, Oct Average, Colombia, COL
25.0103, 2014, Nov Average, Colombia, COL
25.1278, 2014, Dec Average, Colombia, COL
25.3056, 2015, Jan Average, Colombia, COL
25.7845, 2015, Feb Average, Colombia, COL
25.5183, 2015, Mar Average, Colombia, COL
25.3935, 2015, Apr Average, Colombia, COL
25.2236, 2015, May Average, Colombia, COL
24.8553, 2015, Jun Average, Colombia, COL
24.887, 2015, Jul Average, Colombia, COL
25.335, 2015, Aug Average, Colombia, COL
25.6609, 2015, Sep Average, Colombia, COL
25.5146, 2015, Oct Average, Colombia, COL
25.4738, 2015, Nov Average, Colombia, COL
25.9488, 2015, Dec Average, Colombia, COL
26.3748, 2016, Jan Average, Colombia, COL
26.5149, 2016, Feb Average, Colombia, COL
25.9224, 2016, Mar Average, Colombia, COL
25.949, 2016, Apr Average, Colombia, COL
25.3291, 2016, May Average, Colombia, COL
24.9209, 2016, Jun Average, Colombia, COL
24.6671, 2016, Jul Average, Colombia, COL
25.3362, 2016, Aug Average, Colombia, COL
25.0804, 2016, Sep Average, Colombia, COL
25.4059, 2016, Oct Average, Colombia, COL
25.1146, 2016, Nov Average, Colombia, COL
25.0789, 2016, Dec Average, Colombia, COL
