Temperature - (Celsius), Year, Statistics, Country, ISO3
13.2748, 1901, Jan Average, Chile, CHL
12.5292, 1901, Feb Average, Chile, CHL
11.6138, 1901, Mar Average, Chile, CHL
9.12797, 1901, Apr Average, Chile, CHL
6.87278, 1901, May Average, Chile, CHL
5.9808, 1901, Jun Average, Chile, CHL
4.37898, 1901, Jul Average, Chile, CHL
5.33758, 1901, Aug Average, Chile, CHL
7.33045, 1901, Sep Average, Chile, CHL
8.85584, 1901, Oct Average, Chile, CHL
10.3321, 1901, Nov Average, Chile, CHL
12.3774, 1901, Dec Average, Chile, CHL
13.0499, 1902, Jan Average, Chile, CHL
12.2684, 1902, Feb Average, Chile, CHL
11.3088, 1902, Mar Average, Chile, CHL
10.0277, 1902, Apr Average, Chile, CHL
6.89864, 1902, May Average, Chile, CHL
4.78379, 1902, Jun Average, Chile, CHL
2.89032, 1902, Jul Average, Chile, CHL
3.49697, 1902, Aug Average, Chile, CHL
6.44191, 1902, Sep Average, Chile, CHL
8.03534, 1902, Oct Average, Chile, CHL
9.37538, 1902, Nov Average, Chile, CHL
12.0554, 1902, Dec Average, Chile, CHL
12.4095, 1903, Jan Average, Chile, CHL
12.1085, 1903, Feb Average, Chile, CHL
10.2797, 1903, Mar Average, Chile, CHL
8.34045, 1903, Apr Average, Chile, CHL
6.68981, 1903, May Average, Chile, CHL
4.87796, 1903, Jun Average, Chile, CHL
4.26885, 1903, Jul Average, Chile, CHL
4.4035, 1903, Aug Average, Chile, CHL
7.18777, 1903, Sep Average, Chile, CHL
7.87168, 1903, Oct Average, Chile, CHL
9.39768, 1903, Nov Average, Chile, CHL
11.1278, 1903, Dec Average, Chile, CHL
13.2791, 1904, Jan Average, Chile, CHL
12.1683, 1904, Feb Average, Chile, CHL
10.3353, 1904, Mar Average, Chile, CHL
9.7223, 1904, Apr Average, Chile, CHL
6.56089, 1904, May Average, Chile, CHL
5.13742, 1904, Jun Average, Chile, CHL
4.30134, 1904, Jul Average, Chile, CHL
5.09659, 1904, Aug Average, Chile, CHL
7.2078, 1904, Sep Average, Chile, CHL
7.55221, 1904, Oct Average, Chile, CHL
9.28442, 1904, Nov Average, Chile, CHL
11.6406, 1904, Dec Average, Chile, CHL
13.1693, 1905, Jan Average, Chile, CHL
12.0523, 1905, Feb Average, Chile, CHL
11.6155, 1905, Mar Average, Chile, CHL
8.44418, 1905, Apr Average, Chile, CHL
5.44911, 1905, May Average, Chile, CHL
4.96842, 1905, Jun Average, Chile, CHL
3.1819, 1905, Jul Average, Chile, CHL
4.3399, 1905, Aug Average, Chile, CHL
6.33783, 1905, Sep Average, Chile, CHL
7.11235, 1905, Oct Average, Chile, CHL
9.15482, 1905, Nov Average, Chile, CHL
10.7035, 1905, Dec Average, Chile, CHL
12.3264, 1906, Jan Average, Chile, CHL
12.6898, 1906, Feb Average, Chile, CHL
11.2641, 1906, Mar Average, Chile, CHL
8.51207, 1906, Apr Average, Chile, CHL
5.966, 1906, May Average, Chile, CHL
2.7617, 1906, Jun Average, Chile, CHL
3.17102, 1906, Jul Average, Chile, CHL
4.82749, 1906, Aug Average, Chile, CHL
6.33082, 1906, Sep Average, Chile, CHL
8.5502, 1906, Oct Average, Chile, CHL
10.1289, 1906, Nov Average, Chile, CHL
10.853, 1906, Dec Average, Chile, CHL
12.4671, 1907, Jan Average, Chile, CHL
11.9481, 1907, Feb Average, Chile, CHL
10.5236, 1907, Mar Average, Chile, CHL
7.72679, 1907, Apr Average, Chile, CHL
5.3428, 1907, May Average, Chile, CHL
3.01065, 1907, Jun Average, Chile, CHL
4.14053, 1907, Jul Average, Chile, CHL
4.08708, 1907, Aug Average, Chile, CHL
5.41767, 1907, Sep Average, Chile, CHL
7.37479, 1907, Oct Average, Chile, CHL
9.75947, 1907, Nov Average, Chile, CHL
10.4369, 1907, Dec Average, Chile, CHL
12.608, 1908, Jan Average, Chile, CHL
12.6442, 1908, Feb Average, Chile, CHL
11.3141, 1908, Mar Average, Chile, CHL
7.05585, 1908, Apr Average, Chile, CHL
5.85816, 1908, May Average, Chile, CHL
5.29771, 1908, Jun Average, Chile, CHL
4.35694, 1908, Jul Average, Chile, CHL
4.00208, 1908, Aug Average, Chile, CHL
5.76958, 1908, Sep Average, Chile, CHL
7.23453, 1908, Oct Average, Chile, CHL
8.63967, 1908, Nov Average, Chile, CHL
10.8043, 1908, Dec Average, Chile, CHL
12.8812, 1909, Jan Average, Chile, CHL
11.5006, 1909, Feb Average, Chile, CHL
10.93, 1909, Mar Average, Chile, CHL
8.24019, 1909, Apr Average, Chile, CHL
5.07343, 1909, May Average, Chile, CHL
3.97446, 1909, Jun Average, Chile, CHL
3.4927, 1909, Jul Average, Chile, CHL
4.75633, 1909, Aug Average, Chile, CHL
6.23048, 1909, Sep Average, Chile, CHL
7.61212, 1909, Oct Average, Chile, CHL
8.95119, 1909, Nov Average, Chile, CHL
10.2144, 1909, Dec Average, Chile, CHL
11.2124, 1910, Jan Average, Chile, CHL
11.5102, 1910, Feb Average, Chile, CHL
10.1607, 1910, Mar Average, Chile, CHL
7.76918, 1910, Apr Average, Chile, CHL
6.00541, 1910, May Average, Chile, CHL
4.28992, 1910, Jun Average, Chile, CHL
3.94533, 1910, Jul Average, Chile, CHL
4.90251, 1910, Aug Average, Chile, CHL
6.70711, 1910, Sep Average, Chile, CHL
8.63616, 1910, Oct Average, Chile, CHL
10.3558, 1910, Nov Average, Chile, CHL
11.7746, 1910, Dec Average, Chile, CHL
12.2585, 1911, Jan Average, Chile, CHL
11.6566, 1911, Feb Average, Chile, CHL
10.209, 1911, Mar Average, Chile, CHL
7.46211, 1911, Apr Average, Chile, CHL
6.15162, 1911, May Average, Chile, CHL
4.68982, 1911, Jun Average, Chile, CHL
4.58341, 1911, Jul Average, Chile, CHL
3.706, 1911, Aug Average, Chile, CHL
5.57783, 1911, Sep Average, Chile, CHL
7.76117, 1911, Oct Average, Chile, CHL
9.92417, 1911, Nov Average, Chile, CHL
11.9705, 1911, Dec Average, Chile, CHL
13.2286, 1912, Jan Average, Chile, CHL
12.184, 1912, Feb Average, Chile, CHL
11.8764, 1912, Mar Average, Chile, CHL
9.1933, 1912, Apr Average, Chile, CHL
5.41218, 1912, May Average, Chile, CHL
4.81024, 1912, Jun Average, Chile, CHL
4.44113, 1912, Jul Average, Chile, CHL
4.33727, 1912, Aug Average, Chile, CHL
6.76222, 1912, Sep Average, Chile, CHL
9.03354, 1912, Oct Average, Chile, CHL
8.87127, 1912, Nov Average, Chile, CHL
12.1632, 1912, Dec Average, Chile, CHL
13.0644, 1913, Jan Average, Chile, CHL
12.6816, 1913, Feb Average, Chile, CHL
10.9554, 1913, Mar Average, Chile, CHL
9.35438, 1913, Apr Average, Chile, CHL
5.93403, 1913, May Average, Chile, CHL
4.99391, 1913, Jun Average, Chile, CHL
4.86848, 1913, Jul Average, Chile, CHL
4.75711, 1913, Aug Average, Chile, CHL
7.12741, 1913, Sep Average, Chile, CHL
8.08811, 1913, Oct Average, Chile, CHL
10.375, 1913, Nov Average, Chile, CHL
11.6918, 1913, Dec Average, Chile, CHL
12.5128, 1914, Jan Average, Chile, CHL
12.6414, 1914, Feb Average, Chile, CHL
11.1154, 1914, Mar Average, Chile, CHL
8.19521, 1914, Apr Average, Chile, CHL
6.3413, 1914, May Average, Chile, CHL
4.56758, 1914, Jun Average, Chile, CHL
5.05646, 1914, Jul Average, Chile, CHL
4.52923, 1914, Aug Average, Chile, CHL
5.64717, 1914, Sep Average, Chile, CHL
7.49908, 1914, Oct Average, Chile, CHL
8.29337, 1914, Nov Average, Chile, CHL
11.4183, 1914, Dec Average, Chile, CHL
12.389, 1915, Jan Average, Chile, CHL
12.1992, 1915, Feb Average, Chile, CHL
10.9833, 1915, Mar Average, Chile, CHL
7.75983, 1915, Apr Average, Chile, CHL
5.59707, 1915, May Average, Chile, CHL
3.22573, 1915, Jun Average, Chile, CHL
4.87767, 1915, Jul Average, Chile, CHL
5.18555, 1915, Aug Average, Chile, CHL
6.80741, 1915, Sep Average, Chile, CHL
8.85022, 1915, Oct Average, Chile, CHL
10.2079, 1915, Nov Average, Chile, CHL
11.6727, 1915, Dec Average, Chile, CHL
12.8202, 1916, Jan Average, Chile, CHL
12.424, 1916, Feb Average, Chile, CHL
10.7876, 1916, Mar Average, Chile, CHL
9.225, 1916, Apr Average, Chile, CHL
6.90104, 1916, May Average, Chile, CHL
2.97167, 1916, Jun Average, Chile, CHL
3.43948, 1916, Jul Average, Chile, CHL
5.07177, 1916, Aug Average, Chile, CHL
6.80254, 1916, Sep Average, Chile, CHL
8.92639, 1916, Oct Average, Chile, CHL
10.1231, 1916, Nov Average, Chile, CHL
11.4036, 1916, Dec Average, Chile, CHL
12.8376, 1917, Jan Average, Chile, CHL
12.2909, 1917, Feb Average, Chile, CHL
10.6887, 1917, Mar Average, Chile, CHL
9.09394, 1917, Apr Average, Chile, CHL
5.71595, 1917, May Average, Chile, CHL
4.95516, 1917, Jun Average, Chile, CHL
4.33971, 1917, Jul Average, Chile, CHL
4.73226, 1917, Aug Average, Chile, CHL
6.67031, 1917, Sep Average, Chile, CHL
8.63354, 1917, Oct Average, Chile, CHL
10.5905, 1917, Nov Average, Chile, CHL
11.7219, 1917, Dec Average, Chile, CHL
12.0367, 1918, Jan Average, Chile, CHL
12.5917, 1918, Feb Average, Chile, CHL
10.7532, 1918, Mar Average, Chile, CHL
8.63211, 1918, Apr Average, Chile, CHL
5.04779, 1918, May Average, Chile, CHL
4.64379, 1918, Jun Average, Chile, CHL
3.99509, 1918, Jul Average, Chile, CHL
4.72481, 1918, Aug Average, Chile, CHL
5.75298, 1918, Sep Average, Chile, CHL
8.27252, 1918, Oct Average, Chile, CHL
9.35554, 1918, Nov Average, Chile, CHL
12.6343, 1918, Dec Average, Chile, CHL
13.6297, 1919, Jan Average, Chile, CHL
12.8241, 1919, Feb Average, Chile, CHL
11.6383, 1919, Mar Average, Chile, CHL
8.56691, 1919, Apr Average, Chile, CHL
7.82964, 1919, May Average, Chile, CHL
4.61485, 1919, Jun Average, Chile, CHL
4.45401, 1919, Jul Average, Chile, CHL
5.17931, 1919, Aug Average, Chile, CHL
5.898, 1919, Sep Average, Chile, CHL
8.44138, 1919, Oct Average, Chile, CHL
9.25813, 1919, Nov Average, Chile, CHL
12.2045, 1919, Dec Average, Chile, CHL
13.5249, 1920, Jan Average, Chile, CHL
12.6515, 1920, Feb Average, Chile, CHL
10.835, 1920, Mar Average, Chile, CHL
9.54237, 1920, Apr Average, Chile, CHL
6.45487, 1920, May Average, Chile, CHL
4.51164, 1920, Jun Average, Chile, CHL
3.647, 1920, Jul Average, Chile, CHL
5.57346, 1920, Aug Average, Chile, CHL
6.88581, 1920, Sep Average, Chile, CHL
7.78315, 1920, Oct Average, Chile, CHL
10.062, 1920, Nov Average, Chile, CHL
11.5174, 1920, Dec Average, Chile, CHL
12.2199, 1921, Jan Average, Chile, CHL
11.4365, 1921, Feb Average, Chile, CHL
10.6864, 1921, Mar Average, Chile, CHL
9.14222, 1921, Apr Average, Chile, CHL
6.49398, 1921, May Average, Chile, CHL
3.30419, 1921, Jun Average, Chile, CHL
3.72953, 1921, Jul Average, Chile, CHL
4.43577, 1921, Aug Average, Chile, CHL
6.15406, 1921, Sep Average, Chile, CHL
8.25444, 1921, Oct Average, Chile, CHL
10.2732, 1921, Nov Average, Chile, CHL
11.5284, 1921, Dec Average, Chile, CHL
12.0863, 1922, Jan Average, Chile, CHL
11.9584, 1922, Feb Average, Chile, CHL
10.6069, 1922, Mar Average, Chile, CHL
8.43713, 1922, Apr Average, Chile, CHL
6.94738, 1922, May Average, Chile, CHL
3.32902, 1922, Jun Average, Chile, CHL
4.97762, 1922, Jul Average, Chile, CHL
4.04694, 1922, Aug Average, Chile, CHL
6.99846, 1922, Sep Average, Chile, CHL
7.53999, 1922, Oct Average, Chile, CHL
10.0921, 1922, Nov Average, Chile, CHL
12.0749, 1922, Dec Average, Chile, CHL
12.5172, 1923, Jan Average, Chile, CHL
12.3778, 1923, Feb Average, Chile, CHL
10.8063, 1923, Mar Average, Chile, CHL
8.32537, 1923, Apr Average, Chile, CHL
5.95936, 1923, May Average, Chile, CHL
4.63111, 1923, Jun Average, Chile, CHL
2.50102, 1923, Jul Average, Chile, CHL
3.74118, 1923, Aug Average, Chile, CHL
6.44487, 1923, Sep Average, Chile, CHL
7.28008, 1923, Oct Average, Chile, CHL
9.98941, 1923, Nov Average, Chile, CHL
10.8044, 1923, Dec Average, Chile, CHL
13.4943, 1924, Jan Average, Chile, CHL
12.2317, 1924, Feb Average, Chile, CHL
10.8218, 1924, Mar Average, Chile, CHL
8.76848, 1924, Apr Average, Chile, CHL
5.83317, 1924, May Average, Chile, CHL
4.80755, 1924, Jun Average, Chile, CHL
4.01629, 1924, Jul Average, Chile, CHL
4.47332, 1924, Aug Average, Chile, CHL
6.21175, 1924, Sep Average, Chile, CHL
8.54428, 1924, Oct Average, Chile, CHL
9.90421, 1924, Nov Average, Chile, CHL
11.7087, 1924, Dec Average, Chile, CHL
12.2864, 1925, Jan Average, Chile, CHL
11.7666, 1925, Feb Average, Chile, CHL
11.5298, 1925, Mar Average, Chile, CHL
8.32717, 1925, Apr Average, Chile, CHL
5.91269, 1925, May Average, Chile, CHL
3.79605, 1925, Jun Average, Chile, CHL
3.86678, 1925, Jul Average, Chile, CHL
5.34572, 1925, Aug Average, Chile, CHL
6.11065, 1925, Sep Average, Chile, CHL
7.83526, 1925, Oct Average, Chile, CHL
10.0432, 1925, Nov Average, Chile, CHL
11.7953, 1925, Dec Average, Chile, CHL
12.5375, 1926, Jan Average, Chile, CHL
12.49, 1926, Feb Average, Chile, CHL
11.1256, 1926, Mar Average, Chile, CHL
8.26239, 1926, Apr Average, Chile, CHL
5.92045, 1926, May Average, Chile, CHL
5.11789, 1926, Jun Average, Chile, CHL
3.85924, 1926, Jul Average, Chile, CHL
5.28181, 1926, Aug Average, Chile, CHL
6.28881, 1926, Sep Average, Chile, CHL
7.99733, 1926, Oct Average, Chile, CHL
9.88988, 1926, Nov Average, Chile, CHL
11.6799, 1926, Dec Average, Chile, CHL
12.2165, 1927, Jan Average, Chile, CHL
12.8861, 1927, Feb Average, Chile, CHL
11.3429, 1927, Mar Average, Chile, CHL
8.87379, 1927, Apr Average, Chile, CHL
6.02406, 1927, May Average, Chile, CHL
4.39579, 1927, Jun Average, Chile, CHL
3.98168, 1927, Jul Average, Chile, CHL
4.98825, 1927, Aug Average, Chile, CHL
5.45936, 1927, Sep Average, Chile, CHL
8.66302, 1927, Oct Average, Chile, CHL
10.1868, 1927, Nov Average, Chile, CHL
11.5202, 1927, Dec Average, Chile, CHL
11.6908, 1928, Jan Average, Chile, CHL
11.6934, 1928, Feb Average, Chile, CHL
10.1516, 1928, Mar Average, Chile, CHL
8.30698, 1928, Apr Average, Chile, CHL
5.95636, 1928, May Average, Chile, CHL
3.786, 1928, Jun Average, Chile, CHL
4.05961, 1928, Jul Average, Chile, CHL
5.14345, 1928, Aug Average, Chile, CHL
6.8219, 1928, Sep Average, Chile, CHL
8.69177, 1928, Oct Average, Chile, CHL
10.0062, 1928, Nov Average, Chile, CHL
10.6145, 1928, Dec Average, Chile, CHL
12.9643, 1929, Jan Average, Chile, CHL
12.4294, 1929, Feb Average, Chile, CHL
10.8485, 1929, Mar Average, Chile, CHL
9.56036, 1929, Apr Average, Chile, CHL
5.715, 1929, May Average, Chile, CHL
4.67873, 1929, Jun Average, Chile, CHL
4.82649, 1929, Jul Average, Chile, CHL
4.72467, 1929, Aug Average, Chile, CHL
6.66117, 1929, Sep Average, Chile, CHL
7.76335, 1929, Oct Average, Chile, CHL
9.77726, 1929, Nov Average, Chile, CHL
10.9945, 1929, Dec Average, Chile, CHL
12.8354, 1930, Jan Average, Chile, CHL
13.1356, 1930, Feb Average, Chile, CHL
10.7969, 1930, Mar Average, Chile, CHL
9.38529, 1930, Apr Average, Chile, CHL
6.07439, 1930, May Average, Chile, CHL
5.48507, 1930, Jun Average, Chile, CHL
3.2265, 1930, Jul Average, Chile, CHL
3.9334, 1930, Aug Average, Chile, CHL
7.06307, 1930, Sep Average, Chile, CHL
7.33571, 1930, Oct Average, Chile, CHL
10.3129, 1930, Nov Average, Chile, CHL
11.5643, 1930, Dec Average, Chile, CHL
12.5759, 1931, Jan Average, Chile, CHL
12.5711, 1931, Feb Average, Chile, CHL
10.788, 1931, Mar Average, Chile, CHL
8.18731, 1931, Apr Average, Chile, CHL
5.06854, 1931, May Average, Chile, CHL
3.82861, 1931, Jun Average, Chile, CHL
3.69636, 1931, Jul Average, Chile, CHL
4.64963, 1931, Aug Average, Chile, CHL
5.22098, 1931, Sep Average, Chile, CHL
8.36884, 1931, Oct Average, Chile, CHL
8.84909, 1931, Nov Average, Chile, CHL
11.8383, 1931, Dec Average, Chile, CHL
12.7609, 1932, Jan Average, Chile, CHL
12.2769, 1932, Feb Average, Chile, CHL
11.1258, 1932, Mar Average, Chile, CHL
8.3935, 1932, Apr Average, Chile, CHL
5.92383, 1932, May Average, Chile, CHL
4.39444, 1932, Jun Average, Chile, CHL
4.70223, 1932, Jul Average, Chile, CHL
4.11431, 1932, Aug Average, Chile, CHL
6.32993, 1932, Sep Average, Chile, CHL
8.27393, 1932, Oct Average, Chile, CHL
10.0626, 1932, Nov Average, Chile, CHL
11.1123, 1932, Dec Average, Chile, CHL
12.0097, 1933, Jan Average, Chile, CHL
11.5383, 1933, Feb Average, Chile, CHL
10.333, 1933, Mar Average, Chile, CHL
8.71883, 1933, Apr Average, Chile, CHL
6.4216, 1933, May Average, Chile, CHL
4.50748, 1933, Jun Average, Chile, CHL
3.45093, 1933, Jul Average, Chile, CHL
5.24355, 1933, Aug Average, Chile, CHL
6.39609, 1933, Sep Average, Chile, CHL
7.83614, 1933, Oct Average, Chile, CHL
9.28741, 1933, Nov Average, Chile, CHL
10.8103, 1933, Dec Average, Chile, CHL
12.8893, 1934, Jan Average, Chile, CHL
10.9047, 1934, Feb Average, Chile, CHL
10.448, 1934, Mar Average, Chile, CHL
7.79793, 1934, Apr Average, Chile, CHL
5.94954, 1934, May Average, Chile, CHL
4.1787, 1934, Jun Average, Chile, CHL
4.35445, 1934, Jul Average, Chile, CHL
5.24664, 1934, Aug Average, Chile, CHL
6.11189, 1934, Sep Average, Chile, CHL
7.75906, 1934, Oct Average, Chile, CHL
9.17362, 1934, Nov Average, Chile, CHL
10.8315, 1934, Dec Average, Chile, CHL
12.4271, 1935, Jan Average, Chile, CHL
11.7321, 1935, Feb Average, Chile, CHL
11.5303, 1935, Mar Average, Chile, CHL
7.98982, 1935, Apr Average, Chile, CHL
7.202, 1935, May Average, Chile, CHL
4.96141, 1935, Jun Average, Chile, CHL
3.48724, 1935, Jul Average, Chile, CHL
5.14266, 1935, Aug Average, Chile, CHL
5.13278, 1935, Sep Average, Chile, CHL
6.69811, 1935, Oct Average, Chile, CHL
9.80048, 1935, Nov Average, Chile, CHL
10.9463, 1935, Dec Average, Chile, CHL
12.512, 1936, Jan Average, Chile, CHL
12.2088, 1936, Feb Average, Chile, CHL
10.5288, 1936, Mar Average, Chile, CHL
8.69809, 1936, Apr Average, Chile, CHL
4.97109, 1936, May Average, Chile, CHL
3.90216, 1936, Jun Average, Chile, CHL
4.75372, 1936, Jul Average, Chile, CHL
4.2134, 1936, Aug Average, Chile, CHL
6.20116, 1936, Sep Average, Chile, CHL
7.7345, 1936, Oct Average, Chile, CHL
9.94169, 1936, Nov Average, Chile, CHL
10.9467, 1936, Dec Average, Chile, CHL
12.7193, 1937, Jan Average, Chile, CHL
11.7409, 1937, Feb Average, Chile, CHL
10.0778, 1937, Mar Average, Chile, CHL
8.37778, 1937, Apr Average, Chile, CHL
5.42086, 1937, May Average, Chile, CHL
4.48185, 1937, Jun Average, Chile, CHL
3.54864, 1937, Jul Average, Chile, CHL
4.11297, 1937, Aug Average, Chile, CHL
6.05679, 1937, Sep Average, Chile, CHL
7.49975, 1937, Oct Average, Chile, CHL
9.4274, 1937, Nov Average, Chile, CHL
11.9292, 1937, Dec Average, Chile, CHL
11.0406, 1938, Jan Average, Chile, CHL
11.5727, 1938, Feb Average, Chile, CHL
9.73234, 1938, Mar Average, Chile, CHL
7.3611, 1938, Apr Average, Chile, CHL
6.358, 1938, May Average, Chile, CHL
4.30732, 1938, Jun Average, Chile, CHL
3.98185, 1938, Jul Average, Chile, CHL
3.68003, 1938, Aug Average, Chile, CHL
5.99434, 1938, Sep Average, Chile, CHL
7.85968, 1938, Oct Average, Chile, CHL
9.45251, 1938, Nov Average, Chile, CHL
11.7351, 1938, Dec Average, Chile, CHL
12.339, 1939, Jan Average, Chile, CHL
11.5481, 1939, Feb Average, Chile, CHL
10.2303, 1939, Mar Average, Chile, CHL
7.43468, 1939, Apr Average, Chile, CHL
5.75237, 1939, May Average, Chile, CHL
5.09107, 1939, Jun Average, Chile, CHL
4.52446, 1939, Jul Average, Chile, CHL
5.23569, 1939, Aug Average, Chile, CHL
6.22277, 1939, Sep Average, Chile, CHL
7.59405, 1939, Oct Average, Chile, CHL
8.77777, 1939, Nov Average, Chile, CHL
11.5495, 1939, Dec Average, Chile, CHL
11.9111, 1940, Jan Average, Chile, CHL
12.227, 1940, Feb Average, Chile, CHL
10.2445, 1940, Mar Average, Chile, CHL
7.73011, 1940, Apr Average, Chile, CHL
6.05298, 1940, May Average, Chile, CHL
4.9895, 1940, Jun Average, Chile, CHL
5.26996, 1940, Jul Average, Chile, CHL
4.49237, 1940, Aug Average, Chile, CHL
6.2872, 1940, Sep Average, Chile, CHL
7.60362, 1940, Oct Average, Chile, CHL
9.35922, 1940, Nov Average, Chile, CHL
10.4953, 1940, Dec Average, Chile, CHL
12.9835, 1941, Jan Average, Chile, CHL
11.4709, 1941, Feb Average, Chile, CHL
10.7637, 1941, Mar Average, Chile, CHL
7.11357, 1941, Apr Average, Chile, CHL
5.16235, 1941, May Average, Chile, CHL
4.97581, 1941, Jun Average, Chile, CHL
5.01839, 1941, Jul Average, Chile, CHL
5.30221, 1941, Aug Average, Chile, CHL
5.46959, 1941, Sep Average, Chile, CHL
8.85257, 1941, Oct Average, Chile, CHL
8.92354, 1941, Nov Average, Chile, CHL
11.4767, 1941, Dec Average, Chile, CHL
12.9842, 1942, Jan Average, Chile, CHL
12.1196, 1942, Feb Average, Chile, CHL
9.73689, 1942, Mar Average, Chile, CHL
8.16134, 1942, Apr Average, Chile, CHL
5.69903, 1942, May Average, Chile, CHL
3.2928, 1942, Jun Average, Chile, CHL
3.31662, 1942, Jul Average, Chile, CHL
4.08453, 1942, Aug Average, Chile, CHL
6.51496, 1942, Sep Average, Chile, CHL
8.2448, 1942, Oct Average, Chile, CHL
10.4013, 1942, Nov Average, Chile, CHL
12.1739, 1942, Dec Average, Chile, CHL
12.9129, 1943, Jan Average, Chile, CHL
12.6739, 1943, Feb Average, Chile, CHL
10.1747, 1943, Mar Average, Chile, CHL
8.93115, 1943, Apr Average, Chile, CHL
6.91838, 1943, May Average, Chile, CHL
4.63769, 1943, Jun Average, Chile, CHL
4.68881, 1943, Jul Average, Chile, CHL
3.79251, 1943, Aug Average, Chile, CHL
6.12722, 1943, Sep Average, Chile, CHL
8.38861, 1943, Oct Average, Chile, CHL
9.62673, 1943, Nov Average, Chile, CHL
12.456, 1943, Dec Average, Chile, CHL
12.4533, 1944, Jan Average, Chile, CHL
12.2937, 1944, Feb Average, Chile, CHL
11.3623, 1944, Mar Average, Chile, CHL
8.88991, 1944, Apr Average, Chile, CHL
6.4821, 1944, May Average, Chile, CHL
4.34742, 1944, Jun Average, Chile, CHL
4.45572, 1944, Jul Average, Chile, CHL
4.80167, 1944, Aug Average, Chile, CHL
7.17392, 1944, Sep Average, Chile, CHL
8.17757, 1944, Oct Average, Chile, CHL
9.96283, 1944, Nov Average, Chile, CHL
12.4895, 1944, Dec Average, Chile, CHL
13.6115, 1945, Jan Average, Chile, CHL
12.6175, 1945, Feb Average, Chile, CHL
11.3277, 1945, Mar Average, Chile, CHL
9.08596, 1945, Apr Average, Chile, CHL
6.85309, 1945, May Average, Chile, CHL
4.66697, 1945, Jun Average, Chile, CHL
3.7796, 1945, Jul Average, Chile, CHL
5.6431, 1945, Aug Average, Chile, CHL
7.24525, 1945, Sep Average, Chile, CHL
8.8082, 1945, Oct Average, Chile, CHL
9.46945, 1945, Nov Average, Chile, CHL
11.5645, 1945, Dec Average, Chile, CHL
11.9237, 1946, Jan Average, Chile, CHL
11.7601, 1946, Feb Average, Chile, CHL
10.6422, 1946, Mar Average, Chile, CHL
9.35191, 1946, Apr Average, Chile, CHL
6.02945, 1946, May Average, Chile, CHL
4.27489, 1946, Jun Average, Chile, CHL
4.1481, 1946, Jul Average, Chile, CHL
4.64434, 1946, Aug Average, Chile, CHL
6.63346, 1946, Sep Average, Chile, CHL
7.59956, 1946, Oct Average, Chile, CHL
9.54098, 1946, Nov Average, Chile, CHL
10.9705, 1946, Dec Average, Chile, CHL
11.9827, 1947, Jan Average, Chile, CHL
11.8553, 1947, Feb Average, Chile, CHL
10.7069, 1947, Mar Average, Chile, CHL
8.17518, 1947, Apr Average, Chile, CHL
6.07426, 1947, May Average, Chile, CHL
5.38344, 1947, Jun Average, Chile, CHL
3.93041, 1947, Jul Average, Chile, CHL
4.47025, 1947, Aug Average, Chile, CHL
5.8565, 1947, Sep Average, Chile, CHL
8.20035, 1947, Oct Average, Chile, CHL
10.7409, 1947, Nov Average, Chile, CHL
11.0241, 1947, Dec Average, Chile, CHL
12.6327, 1948, Jan Average, Chile, CHL
11.8284, 1948, Feb Average, Chile, CHL
9.73912, 1948, Mar Average, Chile, CHL
8.50346, 1948, Apr Average, Chile, CHL
6.30828, 1948, May Average, Chile, CHL
4.87482, 1948, Jun Average, Chile, CHL
3.3651, 1948, Jul Average, Chile, CHL
3.2838, 1948, Aug Average, Chile, CHL
6.69769, 1948, Sep Average, Chile, CHL
8.04094, 1948, Oct Average, Chile, CHL
9.61263, 1948, Nov Average, Chile, CHL
11.6718, 1948, Dec Average, Chile, CHL
12.6534, 1949, Jan Average, Chile, CHL
11.6166, 1949, Feb Average, Chile, CHL
10.18, 1949, Mar Average, Chile, CHL
9.1864, 1949, Apr Average, Chile, CHL
5.95881, 1949, May Average, Chile, CHL
4.64478, 1949, Jun Average, Chile, CHL
3.9254, 1949, Jul Average, Chile, CHL
4.36216, 1949, Aug Average, Chile, CHL
5.95532, 1949, Sep Average, Chile, CHL
8.15562, 1949, Oct Average, Chile, CHL
10.2868, 1949, Nov Average, Chile, CHL
11.3927, 1949, Dec Average, Chile, CHL
12.2744, 1950, Jan Average, Chile, CHL
12.2384, 1950, Feb Average, Chile, CHL
10.9512, 1950, Mar Average, Chile, CHL
8.25107, 1950, Apr Average, Chile, CHL
5.23642, 1950, May Average, Chile, CHL
4.67357, 1950, Jun Average, Chile, CHL
4.55186, 1950, Jul Average, Chile, CHL
4.4909, 1950, Aug Average, Chile, CHL
5.18613, 1950, Sep Average, Chile, CHL
7.23868, 1950, Oct Average, Chile, CHL
8.82766, 1950, Nov Average, Chile, CHL
11.3038, 1950, Dec Average, Chile, CHL
12.0272, 1951, Jan Average, Chile, CHL
11.3833, 1951, Feb Average, Chile, CHL
10.7035, 1951, Mar Average, Chile, CHL
8.8518, 1951, Apr Average, Chile, CHL
7.08339, 1951, May Average, Chile, CHL
4.47089, 1951, Jun Average, Chile, CHL
4.86955, 1951, Jul Average, Chile, CHL
5.52602, 1951, Aug Average, Chile, CHL
5.72498, 1951, Sep Average, Chile, CHL
8.30701, 1951, Oct Average, Chile, CHL
10.0944, 1951, Nov Average, Chile, CHL
12.384, 1951, Dec Average, Chile, CHL
13.1964, 1952, Jan Average, Chile, CHL
12.8453, 1952, Feb Average, Chile, CHL
10.9253, 1952, Mar Average, Chile, CHL
9.08855, 1952, Apr Average, Chile, CHL
6.51352, 1952, May Average, Chile, CHL
3.42204, 1952, Jun Average, Chile, CHL
4.60738, 1952, Jul Average, Chile, CHL
4.85281, 1952, Aug Average, Chile, CHL
7.17856, 1952, Sep Average, Chile, CHL
8.41788, 1952, Oct Average, Chile, CHL
10.2277, 1952, Nov Average, Chile, CHL
12.2022, 1952, Dec Average, Chile, CHL
12.4394, 1953, Jan Average, Chile, CHL
12.9728, 1953, Feb Average, Chile, CHL
11.1151, 1953, Mar Average, Chile, CHL
8.44611, 1953, Apr Average, Chile, CHL
6.57339, 1953, May Average, Chile, CHL
4.72042, 1953, Jun Average, Chile, CHL
3.32109, 1953, Jul Average, Chile, CHL
5.53726, 1953, Aug Average, Chile, CHL
7.03499, 1953, Sep Average, Chile, CHL
7.33438, 1953, Oct Average, Chile, CHL
10.1127, 1953, Nov Average, Chile, CHL
12.1681, 1953, Dec Average, Chile, CHL
12.2509, 1954, Jan Average, Chile, CHL
12.3874, 1954, Feb Average, Chile, CHL
11.6417, 1954, Mar Average, Chile, CHL
8.34574, 1954, Apr Average, Chile, CHL
5.37789, 1954, May Average, Chile, CHL
4.27378, 1954, Jun Average, Chile, CHL
3.14885, 1954, Jul Average, Chile, CHL
4.60736, 1954, Aug Average, Chile, CHL
5.49008, 1954, Sep Average, Chile, CHL
7.86123, 1954, Oct Average, Chile, CHL
10.2898, 1954, Nov Average, Chile, CHL
11.6761, 1954, Dec Average, Chile, CHL
13.3713, 1955, Jan Average, Chile, CHL
11.5394, 1955, Feb Average, Chile, CHL
10.4818, 1955, Mar Average, Chile, CHL
8.32398, 1955, Apr Average, Chile, CHL
5.72053, 1955, May Average, Chile, CHL
3.86015, 1955, Jun Average, Chile, CHL
2.55974, 1955, Jul Average, Chile, CHL
3.93073, 1955, Aug Average, Chile, CHL
6.09823, 1955, Sep Average, Chile, CHL
7.99293, 1955, Oct Average, Chile, CHL
10.6841, 1955, Nov Average, Chile, CHL
10.9628, 1955, Dec Average, Chile, CHL
11.2183, 1956, Jan Average, Chile, CHL
11.7969, 1956, Feb Average, Chile, CHL
10.4704, 1956, Mar Average, Chile, CHL
7.35591, 1956, Apr Average, Chile, CHL
5.13262, 1956, May Average, Chile, CHL
4.12651, 1956, Jun Average, Chile, CHL
4.50108, 1956, Jul Average, Chile, CHL
4.57424, 1956, Aug Average, Chile, CHL
5.88698, 1956, Sep Average, Chile, CHL
8.12091, 1956, Oct Average, Chile, CHL
10.7803, 1956, Nov Average, Chile, CHL
12.1829, 1956, Dec Average, Chile, CHL
12.3718, 1957, Jan Average, Chile, CHL
12.6208, 1957, Feb Average, Chile, CHL
12.0865, 1957, Mar Average, Chile, CHL
8.50747, 1957, Apr Average, Chile, CHL
6.78553, 1957, May Average, Chile, CHL
4.2492, 1957, Jun Average, Chile, CHL
3.47847, 1957, Jul Average, Chile, CHL
4.42133, 1957, Aug Average, Chile, CHL
6.03468, 1957, Sep Average, Chile, CHL
7.52904, 1957, Oct Average, Chile, CHL
10.4106, 1957, Nov Average, Chile, CHL
11.573, 1957, Dec Average, Chile, CHL
12.7052, 1958, Jan Average, Chile, CHL
11.8605, 1958, Feb Average, Chile, CHL
11.5287, 1958, Mar Average, Chile, CHL
8.77494, 1958, Apr Average, Chile, CHL
5.26388, 1958, May Average, Chile, CHL
4.40251, 1958, Jun Average, Chile, CHL
5.50672, 1958, Jul Average, Chile, CHL
3.94577, 1958, Aug Average, Chile, CHL
6.0856, 1958, Sep Average, Chile, CHL
9.15129, 1958, Oct Average, Chile, CHL
9.80357, 1958, Nov Average, Chile, CHL
10.9337, 1958, Dec Average, Chile, CHL
12.1493, 1959, Jan Average, Chile, CHL
12.4386, 1959, Feb Average, Chile, CHL
10.6994, 1959, Mar Average, Chile, CHL
6.76694, 1959, Apr Average, Chile, CHL
5.58059, 1959, May Average, Chile, CHL
4.48261, 1959, Jun Average, Chile, CHL
4.18563, 1959, Jul Average, Chile, CHL
4.23324, 1959, Aug Average, Chile, CHL
6.24149, 1959, Sep Average, Chile, CHL
7.62956, 1959, Oct Average, Chile, CHL
9.95627, 1959, Nov Average, Chile, CHL
12.1508, 1959, Dec Average, Chile, CHL
13.5869, 1960, Jan Average, Chile, CHL
12.9774, 1960, Feb Average, Chile, CHL
11.2281, 1960, Mar Average, Chile, CHL
8.70398, 1960, Apr Average, Chile, CHL
6.10546, 1960, May Average, Chile, CHL
4.12637, 1960, Jun Average, Chile, CHL
3.58155, 1960, Jul Average, Chile, CHL
4.84142, 1960, Aug Average, Chile, CHL
6.2996, 1960, Sep Average, Chile, CHL
7.68058, 1960, Oct Average, Chile, CHL
10.1651, 1960, Nov Average, Chile, CHL
11.6677, 1960, Dec Average, Chile, CHL
12.1146, 1961, Jan Average, Chile, CHL
11.9345, 1961, Feb Average, Chile, CHL
10.3316, 1961, Mar Average, Chile, CHL
7.97743, 1961, Apr Average, Chile, CHL
6.43655, 1961, May Average, Chile, CHL
3.29432, 1961, Jun Average, Chile, CHL
3.18805, 1961, Jul Average, Chile, CHL
5.42017, 1961, Aug Average, Chile, CHL
5.7507, 1961, Sep Average, Chile, CHL
8.40315, 1961, Oct Average, Chile, CHL
10.0861, 1961, Nov Average, Chile, CHL
11.759, 1961, Dec Average, Chile, CHL
12.4428, 1962, Jan Average, Chile, CHL
12.6, 1962, Feb Average, Chile, CHL
11.6774, 1962, Mar Average, Chile, CHL
8.16123, 1962, Apr Average, Chile, CHL
6.5065, 1962, May Average, Chile, CHL
4.35215, 1962, Jun Average, Chile, CHL
3.50783, 1962, Jul Average, Chile, CHL
4.86651, 1962, Aug Average, Chile, CHL
6.64371, 1962, Sep Average, Chile, CHL
8.86565, 1962, Oct Average, Chile, CHL
10.7988, 1962, Nov Average, Chile, CHL
12.2374, 1962, Dec Average, Chile, CHL
12.1461, 1963, Jan Average, Chile, CHL
12.9908, 1963, Feb Average, Chile, CHL
10.2312, 1963, Mar Average, Chile, CHL
8.57094, 1963, Apr Average, Chile, CHL
6.2717, 1963, May Average, Chile, CHL
4.49561, 1963, Jun Average, Chile, CHL
4.647, 1963, Jul Average, Chile, CHL
4.69324, 1963, Aug Average, Chile, CHL
5.075, 1963, Sep Average, Chile, CHL
7.79018, 1963, Oct Average, Chile, CHL
8.78115, 1963, Nov Average, Chile, CHL
11.8235, 1963, Dec Average, Chile, CHL
12.9911, 1964, Jan Average, Chile, CHL
11.6548, 1964, Feb Average, Chile, CHL
9.93559, 1964, Mar Average, Chile, CHL
8.38149, 1964, Apr Average, Chile, CHL
6.09622, 1964, May Average, Chile, CHL
2.79245, 1964, Jun Average, Chile, CHL
3.65979, 1964, Jul Average, Chile, CHL
4.23408, 1964, Aug Average, Chile, CHL
5.88091, 1964, Sep Average, Chile, CHL
8.43678, 1964, Oct Average, Chile, CHL
10.1624, 1964, Nov Average, Chile, CHL
11.6784, 1964, Dec Average, Chile, CHL
12.7354, 1965, Jan Average, Chile, CHL
12.1653, 1965, Feb Average, Chile, CHL
11.65, 1965, Mar Average, Chile, CHL
8.21206, 1965, Apr Average, Chile, CHL
5.24648, 1965, May Average, Chile, CHL
6.0245, 1965, Jun Average, Chile, CHL
3.19683, 1965, Jul Average, Chile, CHL
4.90968, 1965, Aug Average, Chile, CHL
5.77789, 1965, Sep Average, Chile, CHL
7.9856, 1965, Oct Average, Chile, CHL
10.2252, 1965, Nov Average, Chile, CHL
10.719, 1965, Dec Average, Chile, CHL
12.7641, 1966, Jan Average, Chile, CHL
10.753, 1966, Feb Average, Chile, CHL
10.9914, 1966, Mar Average, Chile, CHL
8.90887, 1966, Apr Average, Chile, CHL
6.96197, 1966, May Average, Chile, CHL
4.5558, 1966, Jun Average, Chile, CHL
3.21557, 1966, Jul Average, Chile, CHL
4.44209, 1966, Aug Average, Chile, CHL
5.75481, 1966, Sep Average, Chile, CHL
7.53213, 1966, Oct Average, Chile, CHL
10.3942, 1966, Nov Average, Chile, CHL
10.8686, 1966, Dec Average, Chile, CHL
12.2599, 1967, Jan Average, Chile, CHL
11.9077, 1967, Feb Average, Chile, CHL
10.8472, 1967, Mar Average, Chile, CHL
9.4642, 1967, Apr Average, Chile, CHL
6.77772, 1967, May Average, Chile, CHL
3.08375, 1967, Jun Average, Chile, CHL
3.50003, 1967, Jul Average, Chile, CHL
4.00529, 1967, Aug Average, Chile, CHL
5.85124, 1967, Sep Average, Chile, CHL
7.96875, 1967, Oct Average, Chile, CHL
10.0366, 1967, Nov Average, Chile, CHL
12.147, 1967, Dec Average, Chile, CHL
12.6814, 1968, Jan Average, Chile, CHL
11.7865, 1968, Feb Average, Chile, CHL
10.3561, 1968, Mar Average, Chile, CHL
8.40652, 1968, Apr Average, Chile, CHL
6.89101, 1968, May Average, Chile, CHL
4.91281, 1968, Jun Average, Chile, CHL
5.0957, 1968, Jul Average, Chile, CHL
5.55746, 1968, Aug Average, Chile, CHL
6.42712, 1968, Sep Average, Chile, CHL
7.39989, 1968, Oct Average, Chile, CHL
10.6059, 1968, Nov Average, Chile, CHL
11.3057, 1968, Dec Average, Chile, CHL
12.8744, 1969, Jan Average, Chile, CHL
11.9046, 1969, Feb Average, Chile, CHL
10.8419, 1969, Mar Average, Chile, CHL
9.01433, 1969, Apr Average, Chile, CHL
6.43353, 1969, May Average, Chile, CHL
4.47665, 1969, Jun Average, Chile, CHL
4.17633, 1969, Jul Average, Chile, CHL
4.85569, 1969, Aug Average, Chile, CHL
6.73201, 1969, Sep Average, Chile, CHL
7.29891, 1969, Oct Average, Chile, CHL
10.1104, 1969, Nov Average, Chile, CHL
12.3813, 1969, Dec Average, Chile, CHL
12.5021, 1970, Jan Average, Chile, CHL
12.5716, 1970, Feb Average, Chile, CHL
10.7765, 1970, Mar Average, Chile, CHL
9.46789, 1970, Apr Average, Chile, CHL
5.95369, 1970, May Average, Chile, CHL
4.20082, 1970, Jun Average, Chile, CHL
4.02606, 1970, Jul Average, Chile, CHL
4.17071, 1970, Aug Average, Chile, CHL
7.03881, 1970, Sep Average, Chile, CHL
7.87836, 1970, Oct Average, Chile, CHL
9.9313, 1970, Nov Average, Chile, CHL
10.8521, 1970, Dec Average, Chile, CHL
10.7944, 1971, Jan Average, Chile, CHL
10.8399, 1971, Feb Average, Chile, CHL
10.1709, 1971, Mar Average, Chile, CHL
7.39546, 1971, Apr Average, Chile, CHL
5.31266, 1971, May Average, Chile, CHL
3.06667, 1971, Jun Average, Chile, CHL
4.30488, 1971, Jul Average, Chile, CHL
4.63781, 1971, Aug Average, Chile, CHL
6.78016, 1971, Sep Average, Chile, CHL
8.16629, 1971, Oct Average, Chile, CHL
9.95142, 1971, Nov Average, Chile, CHL
10.6099, 1971, Dec Average, Chile, CHL
12.6321, 1972, Jan Average, Chile, CHL
11.8161, 1972, Feb Average, Chile, CHL
9.65904, 1972, Mar Average, Chile, CHL
8.56708, 1972, Apr Average, Chile, CHL
5.78925, 1972, May Average, Chile, CHL
4.43585, 1972, Jun Average, Chile, CHL
3.68716, 1972, Jul Average, Chile, CHL
3.86296, 1972, Aug Average, Chile, CHL
6.18322, 1972, Sep Average, Chile, CHL
7.05919, 1972, Oct Average, Chile, CHL
10.0916, 1972, Nov Average, Chile, CHL
12.2783, 1972, Dec Average, Chile, CHL
12.3239, 1973, Jan Average, Chile, CHL
12.2621, 1973, Feb Average, Chile, CHL
11.1994, 1973, Mar Average, Chile, CHL
7.94534, 1973, Apr Average, Chile, CHL
5.78546, 1973, May Average, Chile, CHL
4.41656, 1973, Jun Average, Chile, CHL
2.4007, 1973, Jul Average, Chile, CHL
4.53935, 1973, Aug Average, Chile, CHL
5.85106, 1973, Sep Average, Chile, CHL
7.94411, 1973, Oct Average, Chile, CHL
9.59936, 1973, Nov Average, Chile, CHL
11.1028, 1973, Dec Average, Chile, CHL
11.8752, 1974, Jan Average, Chile, CHL
11.2473, 1974, Feb Average, Chile, CHL
10.5094, 1974, Mar Average, Chile, CHL
8.55597, 1974, Apr Average, Chile, CHL
5.86265, 1974, May Average, Chile, CHL
3.9492, 1974, Jun Average, Chile, CHL
3.9741, 1974, Jul Average, Chile, CHL
4.41205, 1974, Aug Average, Chile, CHL
5.61492, 1974, Sep Average, Chile, CHL
8.23043, 1974, Oct Average, Chile, CHL
9.68506, 1974, Nov Average, Chile, CHL
11.032, 1974, Dec Average, Chile, CHL
13.1912, 1975, Jan Average, Chile, CHL
11.7513, 1975, Feb Average, Chile, CHL
10.7783, 1975, Mar Average, Chile, CHL
8.48413, 1975, Apr Average, Chile, CHL
6.07983, 1975, May Average, Chile, CHL
5.04368, 1975, Jun Average, Chile, CHL
3.23829, 1975, Jul Average, Chile, CHL
3.77685, 1975, Aug Average, Chile, CHL
5.95814, 1975, Sep Average, Chile, CHL
7.84224, 1975, Oct Average, Chile, CHL
8.9124, 1975, Nov Average, Chile, CHL
10.9721, 1975, Dec Average, Chile, CHL
11.3716, 1976, Jan Average, Chile, CHL
12.1152, 1976, Feb Average, Chile, CHL
9.20176, 1976, Mar Average, Chile, CHL
7.79744, 1976, Apr Average, Chile, CHL
6.31009, 1976, May Average, Chile, CHL
3.56573, 1976, Jun Average, Chile, CHL
3.58083, 1976, Jul Average, Chile, CHL
4.29546, 1976, Aug Average, Chile, CHL
5.99778, 1976, Sep Average, Chile, CHL
7.82036, 1976, Oct Average, Chile, CHL
9.84768, 1976, Nov Average, Chile, CHL
11.2841, 1976, Dec Average, Chile, CHL
12.506, 1977, Jan Average, Chile, CHL
11.953, 1977, Feb Average, Chile, CHL
11.0159, 1977, Mar Average, Chile, CHL
8.95389, 1977, Apr Average, Chile, CHL
6.3839, 1977, May Average, Chile, CHL
4.71614, 1977, Jun Average, Chile, CHL
3.55261, 1977, Jul Average, Chile, CHL
4.44392, 1977, Aug Average, Chile, CHL
6.66391, 1977, Sep Average, Chile, CHL
8.59895, 1977, Oct Average, Chile, CHL
9.901, 1977, Nov Average, Chile, CHL
12.3553, 1977, Dec Average, Chile, CHL
12.2476, 1978, Jan Average, Chile, CHL
12.8678, 1978, Feb Average, Chile, CHL
10.9811, 1978, Mar Average, Chile, CHL
8.96534, 1978, Apr Average, Chile, CHL
6.56675, 1978, May Average, Chile, CHL
4.18035, 1978, Jun Average, Chile, CHL
5.02722, 1978, Jul Average, Chile, CHL
4.03156, 1978, Aug Average, Chile, CHL
6.91563, 1978, Sep Average, Chile, CHL
7.96129, 1978, Oct Average, Chile, CHL
10.2454, 1978, Nov Average, Chile, CHL
11.9953, 1978, Dec Average, Chile, CHL
13.1166, 1979, Jan Average, Chile, CHL
12.2422, 1979, Feb Average, Chile, CHL
10.7637, 1979, Mar Average, Chile, CHL
8.71603, 1979, Apr Average, Chile, CHL
6.29073, 1979, May Average, Chile, CHL
4.6531, 1979, Jun Average, Chile, CHL
4.76354, 1979, Jul Average, Chile, CHL
5.6157, 1979, Aug Average, Chile, CHL
5.43472, 1979, Sep Average, Chile, CHL
7.66678, 1979, Oct Average, Chile, CHL
9.26837, 1979, Nov Average, Chile, CHL
11.738, 1979, Dec Average, Chile, CHL
13.1692, 1980, Jan Average, Chile, CHL
12.2947, 1980, Feb Average, Chile, CHL
11.7926, 1980, Mar Average, Chile, CHL
7.42319, 1980, Apr Average, Chile, CHL
6.54771, 1980, May Average, Chile, CHL
4.43451, 1980, Jun Average, Chile, CHL
3.81658, 1980, Jul Average, Chile, CHL
5.02462, 1980, Aug Average, Chile, CHL
6.62183, 1980, Sep Average, Chile, CHL
8.16111, 1980, Oct Average, Chile, CHL
9.06834, 1980, Nov Average, Chile, CHL
11.7922, 1980, Dec Average, Chile, CHL
12.3204, 1981, Jan Average, Chile, CHL
12.285, 1981, Feb Average, Chile, CHL
10.9774, 1981, Mar Average, Chile, CHL
8.9735, 1981, Apr Average, Chile, CHL
6.63067, 1981, May Average, Chile, CHL
4.4525, 1981, Jun Average, Chile, CHL
4.2682, 1981, Jul Average, Chile, CHL
5.27864, 1981, Aug Average, Chile, CHL
5.73662, 1981, Sep Average, Chile, CHL
8.335, 1981, Oct Average, Chile, CHL
9.6906, 1981, Nov Average, Chile, CHL
11.8834, 1981, Dec Average, Chile, CHL
13.2315, 1982, Jan Average, Chile, CHL
11.8509, 1982, Feb Average, Chile, CHL
10.7063, 1982, Mar Average, Chile, CHL
9.18147, 1982, Apr Average, Chile, CHL
7.18998, 1982, May Average, Chile, CHL
3.07099, 1982, Jun Average, Chile, CHL
3.31692, 1982, Jul Average, Chile, CHL
4.94067, 1982, Aug Average, Chile, CHL
6.72793, 1982, Sep Average, Chile, CHL
7.84811, 1982, Oct Average, Chile, CHL
9.8341, 1982, Nov Average, Chile, CHL
12.3764, 1982, Dec Average, Chile, CHL
13.427, 1983, Jan Average, Chile, CHL
12.0885, 1983, Feb Average, Chile, CHL
11.3228, 1983, Mar Average, Chile, CHL
9.18169, 1983, Apr Average, Chile, CHL
6.2838, 1983, May Average, Chile, CHL
3.426, 1983, Jun Average, Chile, CHL
3.97935, 1983, Jul Average, Chile, CHL
4.84615, 1983, Aug Average, Chile, CHL
5.66115, 1983, Sep Average, Chile, CHL
8.62995, 1983, Oct Average, Chile, CHL
10.4905, 1983, Nov Average, Chile, CHL
12.9468, 1983, Dec Average, Chile, CHL
12.6509, 1984, Jan Average, Chile, CHL
11.5372, 1984, Feb Average, Chile, CHL
10.8427, 1984, Mar Average, Chile, CHL
7.98829, 1984, Apr Average, Chile, CHL
4.61734, 1984, May Average, Chile, CHL
2.17673, 1984, Jun Average, Chile, CHL
2.62652, 1984, Jul Average, Chile, CHL
3.90253, 1984, Aug Average, Chile, CHL
6.80444, 1984, Sep Average, Chile, CHL
8.22474, 1984, Oct Average, Chile, CHL
9.95041, 1984, Nov Average, Chile, CHL
11.8805, 1984, Dec Average, Chile, CHL
12.8799, 1985, Jan Average, Chile, CHL
12.3339, 1985, Feb Average, Chile, CHL
10.6079, 1985, Mar Average, Chile, CHL
8.04213, 1985, Apr Average, Chile, CHL
6.22937, 1985, May Average, Chile, CHL
5.34153, 1985, Jun Average, Chile, CHL
4.31693, 1985, Jul Average, Chile, CHL
5.19953, 1985, Aug Average, Chile, CHL
6.61993, 1985, Sep Average, Chile, CHL
8.15479, 1985, Oct Average, Chile, CHL
10.8196, 1985, Nov Average, Chile, CHL
11.98, 1985, Dec Average, Chile, CHL
12.504, 1986, Jan Average, Chile, CHL
11.6905, 1986, Feb Average, Chile, CHL
10.1927, 1986, Mar Average, Chile, CHL
8.06934, 1986, Apr Average, Chile, CHL
6.13098, 1986, May Average, Chile, CHL
4.40989, 1986, Jun Average, Chile, CHL
4.6437, 1986, Jul Average, Chile, CHL
5.12796, 1986, Aug Average, Chile, CHL
6.12493, 1986, Sep Average, Chile, CHL
8.95672, 1986, Oct Average, Chile, CHL
9.55539, 1986, Nov Average, Chile, CHL
12.2463, 1986, Dec Average, Chile, CHL
12.951, 1987, Jan Average, Chile, CHL
13.0305, 1987, Feb Average, Chile, CHL
11.6716, 1987, Mar Average, Chile, CHL
9.23227, 1987, Apr Average, Chile, CHL
5.64299, 1987, May Average, Chile, CHL
5.52099, 1987, Jun Average, Chile, CHL
4.94726, 1987, Jul Average, Chile, CHL
4.40194, 1987, Aug Average, Chile, CHL
6.12121, 1987, Sep Average, Chile, CHL
8.86377, 1987, Oct Average, Chile, CHL
11.0054, 1987, Nov Average, Chile, CHL
11.6687, 1987, Dec Average, Chile, CHL
12.3095, 1988, Jan Average, Chile, CHL
12.8476, 1988, Feb Average, Chile, CHL
11.3829, 1988, Mar Average, Chile, CHL
8.33705, 1988, Apr Average, Chile, CHL
5.67272, 1988, May Average, Chile, CHL
4.371, 1988, Jun Average, Chile, CHL
3.02024, 1988, Jul Average, Chile, CHL
4.30635, 1988, Aug Average, Chile, CHL
6.1315, 1988, Sep Average, Chile, CHL
7.57154, 1988, Oct Average, Chile, CHL
10.5506, 1988, Nov Average, Chile, CHL
11.5178, 1988, Dec Average, Chile, CHL
12.6884, 1989, Jan Average, Chile, CHL
13.1681, 1989, Feb Average, Chile, CHL
10.6789, 1989, Mar Average, Chile, CHL
8.46579, 1989, Apr Average, Chile, CHL
5.88552, 1989, May Average, Chile, CHL
5.13675, 1989, Jun Average, Chile, CHL
4.24333, 1989, Jul Average, Chile, CHL
4.75185, 1989, Aug Average, Chile, CHL
5.88205, 1989, Sep Average, Chile, CHL
8.75884, 1989, Oct Average, Chile, CHL
10.7102, 1989, Nov Average, Chile, CHL
11.9388, 1989, Dec Average, Chile, CHL
12.6072, 1990, Jan Average, Chile, CHL
12.894, 1990, Feb Average, Chile, CHL
10.6606, 1990, Mar Average, Chile, CHL
7.75016, 1990, Apr Average, Chile, CHL
6.20808, 1990, May Average, Chile, CHL
4.65413, 1990, Jun Average, Chile, CHL
4.32763, 1990, Jul Average, Chile, CHL
5.49713, 1990, Aug Average, Chile, CHL
6.06485, 1990, Sep Average, Chile, CHL
8.44086, 1990, Oct Average, Chile, CHL
9.75564, 1990, Nov Average, Chile, CHL
11.6389, 1990, Dec Average, Chile, CHL
12.5386, 1991, Jan Average, Chile, CHL
12.2914, 1991, Feb Average, Chile, CHL
11.1373, 1991, Mar Average, Chile, CHL
8.857, 1991, Apr Average, Chile, CHL
6.70605, 1991, May Average, Chile, CHL
4.64511, 1991, Jun Average, Chile, CHL
3.67834, 1991, Jul Average, Chile, CHL
4.05806, 1991, Aug Average, Chile, CHL
6.6008, 1991, Sep Average, Chile, CHL
7.41883, 1991, Oct Average, Chile, CHL
9.96322, 1991, Nov Average, Chile, CHL
10.2007, 1991, Dec Average, Chile, CHL
13.3536, 1992, Jan Average, Chile, CHL
11.4709, 1992, Feb Average, Chile, CHL
11.5469, 1992, Mar Average, Chile, CHL
8.61049, 1992, Apr Average, Chile, CHL
5.52874, 1992, May Average, Chile, CHL
3.8424, 1992, Jun Average, Chile, CHL
2.52941, 1992, Jul Average, Chile, CHL
5.00639, 1992, Aug Average, Chile, CHL
6.15123, 1992, Sep Average, Chile, CHL
7.75703, 1992, Oct Average, Chile, CHL
10.0407, 1992, Nov Average, Chile, CHL
11.7555, 1992, Dec Average, Chile, CHL
12.5437, 1993, Jan Average, Chile, CHL
12.5439, 1993, Feb Average, Chile, CHL
11.6593, 1993, Mar Average, Chile, CHL
8.37375, 1993, Apr Average, Chile, CHL
5.81204, 1993, May Average, Chile, CHL
4.22072, 1993, Jun Average, Chile, CHL
3.92746, 1993, Jul Average, Chile, CHL
5.56384, 1993, Aug Average, Chile, CHL
6.43839, 1993, Sep Average, Chile, CHL
8.55355, 1993, Oct Average, Chile, CHL
9.88435, 1993, Nov Average, Chile, CHL
11.6997, 1993, Dec Average, Chile, CHL
13.1871, 1994, Jan Average, Chile, CHL
11.6278, 1994, Feb Average, Chile, CHL
11.2772, 1994, Mar Average, Chile, CHL
8.52128, 1994, Apr Average, Chile, CHL
6.67252, 1994, May Average, Chile, CHL
5.23361, 1994, Jun Average, Chile, CHL
3.69367, 1994, Jul Average, Chile, CHL
5.16521, 1994, Aug Average, Chile, CHL
6.75231, 1994, Sep Average, Chile, CHL
8.11482, 1994, Oct Average, Chile, CHL
10.353, 1994, Nov Average, Chile, CHL
12.4018, 1994, Dec Average, Chile, CHL
12.3385, 1995, Jan Average, Chile, CHL
11.8478, 1995, Feb Average, Chile, CHL
10.6367, 1995, Mar Average, Chile, CHL
9.11017, 1995, Apr Average, Chile, CHL
6.80263, 1995, May Average, Chile, CHL
4.16912, 1995, Jun Average, Chile, CHL
2.62724, 1995, Jul Average, Chile, CHL
3.64301, 1995, Aug Average, Chile, CHL
6.32269, 1995, Sep Average, Chile, CHL
8.33436, 1995, Oct Average, Chile, CHL
10.4544, 1995, Nov Average, Chile, CHL
13.2743, 1995, Dec Average, Chile, CHL
11.9359, 1996, Jan Average, Chile, CHL
11.5699, 1996, Feb Average, Chile, CHL
11.2592, 1996, Mar Average, Chile, CHL
7.99297, 1996, Apr Average, Chile, CHL
7.1989, 1996, May Average, Chile, CHL
3.54486, 1996, Jun Average, Chile, CHL
4.34828, 1996, Jul Average, Chile, CHL
5.411, 1996, Aug Average, Chile, CHL
6.91179, 1996, Sep Average, Chile, CHL
8.49536, 1996, Oct Average, Chile, CHL
10.2281, 1996, Nov Average, Chile, CHL
11.6474, 1996, Dec Average, Chile, CHL
12.7446, 1997, Jan Average, Chile, CHL
11.1575, 1997, Feb Average, Chile, CHL
11.6088, 1997, Mar Average, Chile, CHL
9.48273, 1997, Apr Average, Chile, CHL
6.90652, 1997, May Average, Chile, CHL
4.84893, 1997, Jun Average, Chile, CHL
4.80792, 1997, Jul Average, Chile, CHL
5.09215, 1997, Aug Average, Chile, CHL
6.72262, 1997, Sep Average, Chile, CHL
7.99191, 1997, Oct Average, Chile, CHL
10.1829, 1997, Nov Average, Chile, CHL
11.9714, 1997, Dec Average, Chile, CHL
12.7396, 1998, Jan Average, Chile, CHL
12.7452, 1998, Feb Average, Chile, CHL
11.1204, 1998, Mar Average, Chile, CHL
9.02652, 1998, Apr Average, Chile, CHL
7.43721, 1998, May Average, Chile, CHL
5.62819, 1998, Jun Average, Chile, CHL
5.82987, 1998, Jul Average, Chile, CHL
5.45415, 1998, Aug Average, Chile, CHL
5.71679, 1998, Sep Average, Chile, CHL
8.84985, 1998, Oct Average, Chile, CHL
10.1932, 1998, Nov Average, Chile, CHL
12.1056, 1998, Dec Average, Chile, CHL
12.8157, 1999, Jan Average, Chile, CHL
12.7409, 1999, Feb Average, Chile, CHL
10.7313, 1999, Mar Average, Chile, CHL
8.12245, 1999, Apr Average, Chile, CHL
6.31238, 1999, May Average, Chile, CHL
3.63432, 1999, Jun Average, Chile, CHL
3.65039, 1999, Jul Average, Chile, CHL
5.12151, 1999, Aug Average, Chile, CHL
6.7544, 1999, Sep Average, Chile, CHL
8.70829, 1999, Oct Average, Chile, CHL
10.3294, 1999, Nov Average, Chile, CHL
11.5597, 1999, Dec Average, Chile, CHL
12.5468, 2000, Jan Average, Chile, CHL
11.5821, 2000, Feb Average, Chile, CHL
10.1331, 2000, Mar Average, Chile, CHL
8.84131, 2000, Apr Average, Chile, CHL
6.06873, 2000, May Average, Chile, CHL
4.23204, 2000, Jun Average, Chile, CHL
3.04342, 2000, Jul Average, Chile, CHL
4.71347, 2000, Aug Average, Chile, CHL
5.11566, 2000, Sep Average, Chile, CHL
8.21364, 2000, Oct Average, Chile, CHL
9.19119, 2000, Nov Average, Chile, CHL
11.2468, 2000, Dec Average, Chile, CHL
12.3213, 2001, Jan Average, Chile, CHL
12.5583, 2001, Feb Average, Chile, CHL
10.4876, 2001, Mar Average, Chile, CHL
8.20538, 2001, Apr Average, Chile, CHL
5.65842, 2001, May Average, Chile, CHL
4.54218, 2001, Jun Average, Chile, CHL
3.11327, 2001, Jul Average, Chile, CHL
5.0987, 2001, Aug Average, Chile, CHL
6.1623, 2001, Sep Average, Chile, CHL
8.7834, 2001, Oct Average, Chile, CHL
9.3059, 2001, Nov Average, Chile, CHL
12.4921, 2001, Dec Average, Chile, CHL
12.5696, 2002, Jan Average, Chile, CHL
12.5262, 2002, Feb Average, Chile, CHL
10.2428, 2002, Mar Average, Chile, CHL
8.17758, 2002, Apr Average, Chile, CHL
5.7096, 2002, May Average, Chile, CHL
2.61044, 2002, Jun Average, Chile, CHL
4.23134, 2002, Jul Average, Chile, CHL
5.02827, 2002, Aug Average, Chile, CHL
6.59307, 2002, Sep Average, Chile, CHL
7.94863, 2002, Oct Average, Chile, CHL
9.51981, 2002, Nov Average, Chile, CHL
11.7107, 2002, Dec Average, Chile, CHL
12.5883, 2003, Jan Average, Chile, CHL
12.2284, 2003, Feb Average, Chile, CHL
11.3923, 2003, Mar Average, Chile, CHL
8.19428, 2003, Apr Average, Chile, CHL
6.78527, 2003, May Average, Chile, CHL
5.27374, 2003, Jun Average, Chile, CHL
4.68253, 2003, Jul Average, Chile, CHL
4.87477, 2003, Aug Average, Chile, CHL
6.76552, 2003, Sep Average, Chile, CHL
8.59073, 2003, Oct Average, Chile, CHL
10.3428, 2003, Nov Average, Chile, CHL
11.0236, 2003, Dec Average, Chile, CHL
13.5758, 2004, Jan Average, Chile, CHL
13.0926, 2004, Feb Average, Chile, CHL
11.8772, 2004, Mar Average, Chile, CHL
8.81913, 2004, Apr Average, Chile, CHL
5.33228, 2004, May Average, Chile, CHL
5.59596, 2004, Jun Average, Chile, CHL
4.06347, 2004, Jul Average, Chile, CHL
5.13585, 2004, Aug Average, Chile, CHL
6.93902, 2004, Sep Average, Chile, CHL
8.50891, 2004, Oct Average, Chile, CHL
10.1302, 2004, Nov Average, Chile, CHL
12.2351, 2004, Dec Average, Chile, CHL
12.542, 2005, Jan Average, Chile, CHL
13.6331, 2005, Feb Average, Chile, CHL
10.8278, 2005, Mar Average, Chile, CHL
7.95617, 2005, Apr Average, Chile, CHL
5.5605, 2005, May Average, Chile, CHL
4.01779, 2005, Jun Average, Chile, CHL
4.25398, 2005, Jul Average, Chile, CHL
4.5924, 2005, Aug Average, Chile, CHL
6.12433, 2005, Sep Average, Chile, CHL
7.73148, 2005, Oct Average, Chile, CHL
10.2685, 2005, Nov Average, Chile, CHL
11.7444, 2005, Dec Average, Chile, CHL
13.0215, 2006, Jan Average, Chile, CHL
12.8395, 2006, Feb Average, Chile, CHL
10.9132, 2006, Mar Average, Chile, CHL
8.65331, 2006, Apr Average, Chile, CHL
6.36574, 2006, May Average, Chile, CHL
5.1907, 2006, Jun Average, Chile, CHL
4.95505, 2006, Jul Average, Chile, CHL
4.86904, 2006, Aug Average, Chile, CHL
6.6603, 2006, Sep Average, Chile, CHL
8.72122, 2006, Oct Average, Chile, CHL
9.83226, 2006, Nov Average, Chile, CHL
11.7571, 2006, Dec Average, Chile, CHL
12.7512, 2007, Jan Average, Chile, CHL
11.8788, 2007, Feb Average, Chile, CHL
10.9892, 2007, Mar Average, Chile, CHL
8.54072, 2007, Apr Average, Chile, CHL
4.75968, 2007, May Average, Chile, CHL
3.78866, 2007, Jun Average, Chile, CHL
3.15093, 2007, Jul Average, Chile, CHL
3.25353, 2007, Aug Average, Chile, CHL
6.46574, 2007, Sep Average, Chile, CHL
8.13032, 2007, Oct Average, Chile, CHL
9.50446, 2007, Nov Average, Chile, CHL
11.6859, 2007, Dec Average, Chile, CHL
13.279, 2008, Jan Average, Chile, CHL
13.3721, 2008, Feb Average, Chile, CHL
11.517, 2008, Mar Average, Chile, CHL
8.12552, 2008, Apr Average, Chile, CHL
5.56967, 2008, May Average, Chile, CHL
4.25473, 2008, Jun Average, Chile, CHL
4.81434, 2008, Jul Average, Chile, CHL
4.31103, 2008, Aug Average, Chile, CHL
6.60004, 2008, Sep Average, Chile, CHL
8.51556, 2008, Oct Average, Chile, CHL
10.933, 2008, Nov Average, Chile, CHL
12.9158, 2008, Dec Average, Chile, CHL
13.0432, 2009, Jan Average, Chile, CHL
12.5959, 2009, Feb Average, Chile, CHL
11.8217, 2009, Mar Average, Chile, CHL
9.81651, 2009, Apr Average, Chile, CHL
6.65366, 2009, May Average, Chile, CHL
4.80072, 2009, Jun Average, Chile, CHL
3.87693, 2009, Jul Average, Chile, CHL
5.51539, 2009, Aug Average, Chile, CHL
5.88122, 2009, Sep Average, Chile, CHL
7.89421, 2009, Oct Average, Chile, CHL
8.91301, 2009, Nov Average, Chile, CHL
11.3012, 2009, Dec Average, Chile, CHL
12.7016, 2010, Jan Average, Chile, CHL
11.6066, 2010, Feb Average, Chile, CHL
11.8402, 2010, Mar Average, Chile, CHL
8.37247, 2010, Apr Average, Chile, CHL
6.14709, 2010, May Average, Chile, CHL
4.79865, 2010, Jun Average, Chile, CHL
3.05606, 2010, Jul Average, Chile, CHL
3.99958, 2010, Aug Average, Chile, CHL
6.38888, 2010, Sep Average, Chile, CHL
8.3596, 2010, Oct Average, Chile, CHL
9.85888, 2010, Nov Average, Chile, CHL
11.1205, 2010, Dec Average, Chile, CHL
12.6962, 2011, Jan Average, Chile, CHL
12.4912, 2011, Feb Average, Chile, CHL
10.8187, 2011, Mar Average, Chile, CHL
8.64091, 2011, Apr Average, Chile, CHL
6.34634, 2011, May Average, Chile, CHL
4.76509, 2011, Jun Average, Chile, CHL
3.73299, 2011, Jul Average, Chile, CHL
4.02728, 2011, Aug Average, Chile, CHL
6.84655, 2011, Sep Average, Chile, CHL
8.13049, 2011, Oct Average, Chile, CHL
10.5751, 2011, Nov Average, Chile, CHL
12.8689, 2011, Dec Average, Chile, CHL
13.8958, 2012, Jan Average, Chile, CHL
11.9943, 2012, Feb Average, Chile, CHL
11.6728, 2012, Mar Average, Chile, CHL
8.48071, 2012, Apr Average, Chile, CHL
6.61356, 2012, May Average, Chile, CHL
4.50185, 2012, Jun Average, Chile, CHL
3.64149, 2012, Jul Average, Chile, CHL
5.20747, 2012, Aug Average, Chile, CHL
7.26955, 2012, Sep Average, Chile, CHL
8.31024, 2012, Oct Average, Chile, CHL
10.6769, 2012, Nov Average, Chile, CHL
11.3096, 2012, Dec Average, Chile, CHL
13.9296, 2013, Jan Average, Chile, CHL
12.7594, 2013, Feb Average, Chile, CHL
10.6233, 2013, Mar Average, Chile, CHL
9.52546, 2013, Apr Average, Chile, CHL
6.77836, 2013, May Average, Chile, CHL
5.56811, 2013, Jun Average, Chile, CHL
4.32849, 2013, Jul Average, Chile, CHL
4.14122, 2013, Aug Average, Chile, CHL
5.71579, 2013, Sep Average, Chile, CHL
8.72527, 2013, Oct Average, Chile, CHL
9.9962, 2013, Nov Average, Chile, CHL
12.5887, 2013, Dec Average, Chile, CHL
12.7897, 2014, Jan Average, Chile, CHL
11.8954, 2014, Feb Average, Chile, CHL
10.2325, 2014, Mar Average, Chile, CHL
8.30812, 2014, Apr Average, Chile, CHL
6.56558, 2014, May Average, Chile, CHL
4.80057, 2014, Jun Average, Chile, CHL
4.4248, 2014, Jul Average, Chile, CHL
6.08457, 2014, Aug Average, Chile, CHL
6.99298, 2014, Sep Average, Chile, CHL
9.11434, 2014, Oct Average, Chile, CHL
9.8257, 2014, Nov Average, Chile, CHL
11.5422, 2014, Dec Average, Chile, CHL
13.0703, 2015, Jan Average, Chile, CHL
12.427, 2015, Feb Average, Chile, CHL
12.1895, 2015, Mar Average, Chile, CHL
9.8786, 2015, Apr Average, Chile, CHL
7.28768, 2015, May Average, Chile, CHL
5.51285, 2015, Jun Average, Chile, CHL
4.68226, 2015, Jul Average, Chile, CHL
5.52654, 2015, Aug Average, Chile, CHL
6.37958, 2015, Sep Average, Chile, CHL
7.42554, 2015, Oct Average, Chile, CHL
9.61384, 2015, Nov Average, Chile, CHL
11.8614, 2015, Dec Average, Chile, CHL
13.6241, 2016, Jan Average, Chile, CHL
13.1436, 2016, Feb Average, Chile, CHL
11.9954, 2016, Mar Average, Chile, CHL
7.82234, 2016, Apr Average, Chile, CHL
6.36141, 2016, May Average, Chile, CHL
4.71869, 2016, Jun Average, Chile, CHL
4.61625, 2016, Jul Average, Chile, CHL
5.8391, 2016, Aug Average, Chile, CHL
7.19059, 2016, Sep Average, Chile, CHL
8.81492, 2016, Oct Average, Chile, CHL
10.7145, 2016, Nov Average, Chile, CHL
12.3961, 2016, Dec Average, Chile, CHL
