Temperature - (Celsius), Year, Statistics, Country, ISO3
4.53494, 1901, Jan Average, Syria, SYR
10.0658, 1901, Feb Average, Syria, SYR
14.486, 1901, Mar Average, Syria, SYR
17.0271, 1901, Apr Average, Syria, SYR
19.71, 1901, May Average, Syria, SYR
25.894, 1901, Jun Average, Syria, SYR
28.5829, 1901, Jul Average, Syria, SYR
28.3821, 1901, Aug Average, Syria, SYR
24.3231, 1901, Sep Average, Syria, SYR
18.6713, 1901, Oct Average, Syria, SYR
12.176, 1901, Nov Average, Syria, SYR
9.24228, 1901, Dec Average, Syria, SYR
6.08798, 1902, Jan Average, Syria, SYR
10.0195, 1902, Feb Average, Syria, SYR
10.6545, 1902, Mar Average, Syria, SYR
15.3615, 1902, Apr Average, Syria, SYR
21.2262, 1902, May Average, Syria, SYR
25.3432, 1902, Jun Average, Syria, SYR
27.9743, 1902, Jul Average, Syria, SYR
28.1984, 1902, Aug Average, Syria, SYR
25.4509, 1902, Sep Average, Syria, SYR
19.7918, 1902, Oct Average, Syria, SYR
10.5199, 1902, Nov Average, Syria, SYR
6.23341, 1902, Dec Average, Syria, SYR
4.39525, 1903, Jan Average, Syria, SYR
6.11934, 1903, Feb Average, Syria, SYR
8.94168, 1903, Mar Average, Syria, SYR
16.4759, 1903, Apr Average, Syria, SYR
21.4452, 1903, May Average, Syria, SYR
24.5632, 1903, Jun Average, Syria, SYR
27.1753, 1903, Jul Average, Syria, SYR
27.6355, 1903, Aug Average, Syria, SYR
23.379, 1903, Sep Average, Syria, SYR
18.8495, 1903, Oct Average, Syria, SYR
11.3807, 1903, Nov Average, Syria, SYR
7.63741, 1903, Dec Average, Syria, SYR
4.63901, 1904, Jan Average, Syria, SYR
8.91448, 1904, Feb Average, Syria, SYR
10.7937, 1904, Mar Average, Syria, SYR
14.1841, 1904, Apr Average, Syria, SYR
19.5734, 1904, May Average, Syria, SYR
24.4012, 1904, Jun Average, Syria, SYR
27.3, 1904, Jul Average, Syria, SYR
28.1049, 1904, Aug Average, Syria, SYR
24.5758, 1904, Sep Average, Syria, SYR
20.7108, 1904, Oct Average, Syria, SYR
12.4248, 1904, Nov Average, Syria, SYR
5.54265, 1904, Dec Average, Syria, SYR
3.67191, 1905, Jan Average, Syria, SYR
4.71454, 1905, Feb Average, Syria, SYR
9.26492, 1905, Mar Average, Syria, SYR
15.6751, 1905, Apr Average, Syria, SYR
20.6894, 1905, May Average, Syria, SYR
24.9206, 1905, Jun Average, Syria, SYR
28.485, 1905, Jul Average, Syria, SYR
28.4377, 1905, Aug Average, Syria, SYR
25.8107, 1905, Sep Average, Syria, SYR
21.3949, 1905, Oct Average, Syria, SYR
14.4108, 1905, Nov Average, Syria, SYR
5.84871, 1905, Dec Average, Syria, SYR
4.5069, 1906, Jan Average, Syria, SYR
7.5889, 1906, Feb Average, Syria, SYR
11.3164, 1906, Mar Average, Syria, SYR
15.4217, 1906, Apr Average, Syria, SYR
20.449, 1906, May Average, Syria, SYR
25.8024, 1906, Jun Average, Syria, SYR
27.6771, 1906, Jul Average, Syria, SYR
27.8575, 1906, Aug Average, Syria, SYR
23.9546, 1906, Sep Average, Syria, SYR
19.6105, 1906, Oct Average, Syria, SYR
12.4974, 1906, Nov Average, Syria, SYR
9.07489, 1906, Dec Average, Syria, SYR
5.11037, 1907, Jan Average, Syria, SYR
6.74856, 1907, Feb Average, Syria, SYR
9.23192, 1907, Mar Average, Syria, SYR
14.5944, 1907, Apr Average, Syria, SYR
20.8849, 1907, May Average, Syria, SYR
25.2413, 1907, Jun Average, Syria, SYR
28.4526, 1907, Jul Average, Syria, SYR
28.0236, 1907, Aug Average, Syria, SYR
23.3725, 1907, Sep Average, Syria, SYR
19.0455, 1907, Oct Average, Syria, SYR
10.0988, 1907, Nov Average, Syria, SYR
6.87238, 1907, Dec Average, Syria, SYR
4.81119, 1908, Jan Average, Syria, SYR
6.66284, 1908, Feb Average, Syria, SYR
9.81286, 1908, Mar Average, Syria, SYR
14.7884, 1908, Apr Average, Syria, SYR
21.024, 1908, May Average, Syria, SYR
25.666, 1908, Jun Average, Syria, SYR
27.2817, 1908, Jul Average, Syria, SYR
28.1017, 1908, Aug Average, Syria, SYR
25.0972, 1908, Sep Average, Syria, SYR
18.7362, 1908, Oct Average, Syria, SYR
10.7772, 1908, Nov Average, Syria, SYR
4.95672, 1908, Dec Average, Syria, SYR
4.36803, 1909, Jan Average, Syria, SYR
7.12254, 1909, Feb Average, Syria, SYR
12.3864, 1909, Mar Average, Syria, SYR
13.894, 1909, Apr Average, Syria, SYR
23.3129, 1909, May Average, Syria, SYR
24.7849, 1909, Jun Average, Syria, SYR
29.2367, 1909, Jul Average, Syria, SYR
28.2749, 1909, Aug Average, Syria, SYR
25.7045, 1909, Sep Average, Syria, SYR
20.1759, 1909, Oct Average, Syria, SYR
14.0512, 1909, Nov Average, Syria, SYR
8.80991, 1909, Dec Average, Syria, SYR
6.27122, 1910, Jan Average, Syria, SYR
8.98528, 1910, Feb Average, Syria, SYR
9.09219, 1910, Mar Average, Syria, SYR
15.8466, 1910, Apr Average, Syria, SYR
20.6146, 1910, May Average, Syria, SYR
24.9741, 1910, Jun Average, Syria, SYR
28.3146, 1910, Jul Average, Syria, SYR
28.3506, 1910, Aug Average, Syria, SYR
24.4955, 1910, Sep Average, Syria, SYR
18.7059, 1910, Oct Average, Syria, SYR
12.6559, 1910, Nov Average, Syria, SYR
5.06333, 1910, Dec Average, Syria, SYR
2.68662, 1911, Jan Average, Syria, SYR
3.82275, 1911, Feb Average, Syria, SYR
8.22392, 1911, Mar Average, Syria, SYR
14.4749, 1911, Apr Average, Syria, SYR
20.4612, 1911, May Average, Syria, SYR
24.4402, 1911, Jun Average, Syria, SYR
28.0791, 1911, Jul Average, Syria, SYR
27.9452, 1911, Aug Average, Syria, SYR
23.6506, 1911, Sep Average, Syria, SYR
19.0009, 1911, Oct Average, Syria, SYR
12.8362, 1911, Nov Average, Syria, SYR
7.21414, 1911, Dec Average, Syria, SYR
5.73154, 1912, Jan Average, Syria, SYR
9.26848, 1912, Feb Average, Syria, SYR
11.7804, 1912, Mar Average, Syria, SYR
15.2889, 1912, Apr Average, Syria, SYR
19.1553, 1912, May Average, Syria, SYR
25.5641, 1912, Jun Average, Syria, SYR
27.1746, 1912, Jul Average, Syria, SYR
27.8361, 1912, Aug Average, Syria, SYR
25.4623, 1912, Sep Average, Syria, SYR
19.7409, 1912, Oct Average, Syria, SYR
12.7936, 1912, Nov Average, Syria, SYR
6.33037, 1912, Dec Average, Syria, SYR
4.93598, 1913, Jan Average, Syria, SYR
5.42722, 1913, Feb Average, Syria, SYR
11.043, 1913, Mar Average, Syria, SYR
14.2891, 1913, Apr Average, Syria, SYR
20.2998, 1913, May Average, Syria, SYR
24.5368, 1913, Jun Average, Syria, SYR
28.0652, 1913, Jul Average, Syria, SYR
28.7563, 1913, Aug Average, Syria, SYR
25.8501, 1913, Sep Average, Syria, SYR
19.8626, 1913, Oct Average, Syria, SYR
12.3906, 1913, Nov Average, Syria, SYR
6.9131, 1913, Dec Average, Syria, SYR
6.72362, 1914, Jan Average, Syria, SYR
8.3519, 1914, Feb Average, Syria, SYR
13.0706, 1914, Mar Average, Syria, SYR
14.2848, 1914, Apr Average, Syria, SYR
20.9091, 1914, May Average, Syria, SYR
25.2196, 1914, Jun Average, Syria, SYR
28.3027, 1914, Jul Average, Syria, SYR
28.3555, 1914, Aug Average, Syria, SYR
25.0223, 1914, Sep Average, Syria, SYR
19.1633, 1914, Oct Average, Syria, SYR
11.3071, 1914, Nov Average, Syria, SYR
7.15358, 1914, Dec Average, Syria, SYR
8.44691, 1915, Jan Average, Syria, SYR
8.7377, 1915, Feb Average, Syria, SYR
12.1211, 1915, Mar Average, Syria, SYR
15.278, 1915, Apr Average, Syria, SYR
20.3261, 1915, May Average, Syria, SYR
25.5375, 1915, Jun Average, Syria, SYR
28.4459, 1915, Jul Average, Syria, SYR
28.3265, 1915, Aug Average, Syria, SYR
25.1687, 1915, Sep Average, Syria, SYR
20.2, 1915, Oct Average, Syria, SYR
13.0248, 1915, Nov Average, Syria, SYR
9.11874, 1915, Dec Average, Syria, SYR
6.20305, 1916, Jan Average, Syria, SYR
8.29946, 1916, Feb Average, Syria, SYR
12.286, 1916, Mar Average, Syria, SYR
16.2337, 1916, Apr Average, Syria, SYR
22.6904, 1916, May Average, Syria, SYR
26.9573, 1916, Jun Average, Syria, SYR
29.4446, 1916, Jul Average, Syria, SYR
28.2503, 1916, Aug Average, Syria, SYR
24.4458, 1916, Sep Average, Syria, SYR
19.1464, 1916, Oct Average, Syria, SYR
13.9914, 1916, Nov Average, Syria, SYR
9.11605, 1916, Dec Average, Syria, SYR
7.61083, 1917, Jan Average, Syria, SYR
7.79362, 1917, Feb Average, Syria, SYR
12.5343, 1917, Mar Average, Syria, SYR
18.016, 1917, Apr Average, Syria, SYR
20.1295, 1917, May Average, Syria, SYR
24.9611, 1917, Jun Average, Syria, SYR
28.4341, 1917, Jul Average, Syria, SYR
28.2888, 1917, Aug Average, Syria, SYR
25.4658, 1917, Sep Average, Syria, SYR
19.4101, 1917, Oct Average, Syria, SYR
14.5152, 1917, Nov Average, Syria, SYR
7.24358, 1917, Dec Average, Syria, SYR
5.84383, 1918, Jan Average, Syria, SYR
7.5864, 1918, Feb Average, Syria, SYR
10.9326, 1918, Mar Average, Syria, SYR
15.1756, 1918, Apr Average, Syria, SYR
20.4606, 1918, May Average, Syria, SYR
24.8547, 1918, Jun Average, Syria, SYR
28.086, 1918, Jul Average, Syria, SYR
28.235, 1918, Aug Average, Syria, SYR
26.5606, 1918, Sep Average, Syria, SYR
22.6342, 1918, Oct Average, Syria, SYR
13.993, 1918, Nov Average, Syria, SYR
7.4139, 1918, Dec Average, Syria, SYR
8.09708, 1919, Jan Average, Syria, SYR
9.43501, 1919, Feb Average, Syria, SYR
12.1372, 1919, Mar Average, Syria, SYR
15.9806, 1919, Apr Average, Syria, SYR
19.4561, 1919, May Average, Syria, SYR
23.9847, 1919, Jun Average, Syria, SYR
27.8998, 1919, Jul Average, Syria, SYR
27.6009, 1919, Aug Average, Syria, SYR
26.2951, 1919, Sep Average, Syria, SYR
22.2285, 1919, Oct Average, Syria, SYR
14.5648, 1919, Nov Average, Syria, SYR
7.41332, 1919, Dec Average, Syria, SYR
6.86644, 1920, Jan Average, Syria, SYR
4.16272, 1920, Feb Average, Syria, SYR
11.2667, 1920, Mar Average, Syria, SYR
16.4634, 1920, Apr Average, Syria, SYR
21.7185, 1920, May Average, Syria, SYR
26.0723, 1920, Jun Average, Syria, SYR
28.6305, 1920, Jul Average, Syria, SYR
29.2501, 1920, Aug Average, Syria, SYR
25.3116, 1920, Sep Average, Syria, SYR
18.8232, 1920, Oct Average, Syria, SYR
10.2611, 1920, Nov Average, Syria, SYR
5.15726, 1920, Dec Average, Syria, SYR
5.21917, 1921, Jan Average, Syria, SYR
4.97321, 1921, Feb Average, Syria, SYR
9.14389, 1921, Mar Average, Syria, SYR
15.1169, 1921, Apr Average, Syria, SYR
21.2524, 1921, May Average, Syria, SYR
25.0539, 1921, Jun Average, Syria, SYR
28.4494, 1921, Jul Average, Syria, SYR
28.9184, 1921, Aug Average, Syria, SYR
24.0105, 1921, Sep Average, Syria, SYR
18.2674, 1921, Oct Average, Syria, SYR
12.1595, 1921, Nov Average, Syria, SYR
6.49774, 1921, Dec Average, Syria, SYR
6.45487, 1922, Jan Average, Syria, SYR
7.82939, 1922, Feb Average, Syria, SYR
11.8644, 1922, Mar Average, Syria, SYR
15.99, 1922, Apr Average, Syria, SYR
21.9508, 1922, May Average, Syria, SYR
25.2338, 1922, Jun Average, Syria, SYR
29.2602, 1922, Jul Average, Syria, SYR
29.1431, 1922, Aug Average, Syria, SYR
25.2163, 1922, Sep Average, Syria, SYR
21.0684, 1922, Oct Average, Syria, SYR
14.1273, 1922, Nov Average, Syria, SYR
7.0206, 1922, Dec Average, Syria, SYR
6.72911, 1923, Jan Average, Syria, SYR
7.81525, 1923, Feb Average, Syria, SYR
11.6025, 1923, Mar Average, Syria, SYR
14.6059, 1923, Apr Average, Syria, SYR
21.9887, 1923, May Average, Syria, SYR
27.4461, 1923, Jun Average, Syria, SYR
28.7047, 1923, Jul Average, Syria, SYR
27.1353, 1923, Aug Average, Syria, SYR
26.1466, 1923, Sep Average, Syria, SYR
20.077, 1923, Oct Average, Syria, SYR
14.4868, 1923, Nov Average, Syria, SYR
9.45296, 1923, Dec Average, Syria, SYR
7.34338, 1924, Jan Average, Syria, SYR
8.12036, 1924, Feb Average, Syria, SYR
12.0814, 1924, Mar Average, Syria, SYR
16.1425, 1924, Apr Average, Syria, SYR
21.1415, 1924, May Average, Syria, SYR
27.1111, 1924, Jun Average, Syria, SYR
28.9117, 1924, Jul Average, Syria, SYR
28.9128, 1924, Aug Average, Syria, SYR
26.3565, 1924, Sep Average, Syria, SYR
19.1979, 1924, Oct Average, Syria, SYR
12.671, 1924, Nov Average, Syria, SYR
6.36248, 1924, Dec Average, Syria, SYR
2.8792, 1925, Jan Average, Syria, SYR
7.14965, 1925, Feb Average, Syria, SYR
14.4673, 1925, Mar Average, Syria, SYR
14.8814, 1925, Apr Average, Syria, SYR
21.947, 1925, May Average, Syria, SYR
25.1401, 1925, Jun Average, Syria, SYR
28.5161, 1925, Jul Average, Syria, SYR
29.2826, 1925, Aug Average, Syria, SYR
26.3626, 1925, Sep Average, Syria, SYR
20.1068, 1925, Oct Average, Syria, SYR
13.9817, 1925, Nov Average, Syria, SYR
9.74618, 1925, Dec Average, Syria, SYR
6.66085, 1926, Jan Average, Syria, SYR
8.04781, 1926, Feb Average, Syria, SYR
10.7697, 1926, Mar Average, Syria, SYR
16.5894, 1926, Apr Average, Syria, SYR
22.5715, 1926, May Average, Syria, SYR
26.6136, 1926, Jun Average, Syria, SYR
27.9183, 1926, Jul Average, Syria, SYR
27.6097, 1926, Aug Average, Syria, SYR
23.5124, 1926, Sep Average, Syria, SYR
20.1856, 1926, Oct Average, Syria, SYR
13.4925, 1926, Nov Average, Syria, SYR
8.70191, 1926, Dec Average, Syria, SYR
6.31526, 1927, Jan Average, Syria, SYR
4.52925, 1927, Feb Average, Syria, SYR
11.9914, 1927, Mar Average, Syria, SYR
15.304, 1927, Apr Average, Syria, SYR
22.6762, 1927, May Average, Syria, SYR
26.4867, 1927, Jun Average, Syria, SYR
29.1673, 1927, Jul Average, Syria, SYR
28.65, 1927, Aug Average, Syria, SYR
26.0664, 1927, Sep Average, Syria, SYR
22.3677, 1927, Oct Average, Syria, SYR
13.9211, 1927, Nov Average, Syria, SYR
7.05137, 1927, Dec Average, Syria, SYR
5.33285, 1928, Jan Average, Syria, SYR
5.59044, 1928, Feb Average, Syria, SYR
8.53922, 1928, Mar Average, Syria, SYR
18.7171, 1928, Apr Average, Syria, SYR
22.939, 1928, May Average, Syria, SYR
25.9909, 1928, Jun Average, Syria, SYR
29.1083, 1928, Jul Average, Syria, SYR
28.6532, 1928, Aug Average, Syria, SYR
25.8175, 1928, Sep Average, Syria, SYR
18.9576, 1928, Oct Average, Syria, SYR
13.8393, 1928, Nov Average, Syria, SYR
7.96341, 1928, Dec Average, Syria, SYR
4.56342, 1929, Jan Average, Syria, SYR
5.72192, 1929, Feb Average, Syria, SYR
8.55671, 1929, Mar Average, Syria, SYR
16.0076, 1929, Apr Average, Syria, SYR
23.5044, 1929, May Average, Syria, SYR
25.3431, 1929, Jun Average, Syria, SYR
27.9688, 1929, Jul Average, Syria, SYR
29.9178, 1929, Aug Average, Syria, SYR
25.3282, 1929, Sep Average, Syria, SYR
19.6681, 1929, Oct Average, Syria, SYR
14.816, 1929, Nov Average, Syria, SYR
7.74142, 1929, Dec Average, Syria, SYR
6.74891, 1930, Jan Average, Syria, SYR
8.56731, 1930, Feb Average, Syria, SYR
12.9324, 1930, Mar Average, Syria, SYR
17.0205, 1930, Apr Average, Syria, SYR
21.3959, 1930, May Average, Syria, SYR
25.7305, 1930, Jun Average, Syria, SYR
28.8331, 1930, Jul Average, Syria, SYR
29.642, 1930, Aug Average, Syria, SYR
25.2915, 1930, Sep Average, Syria, SYR
19.6618, 1930, Oct Average, Syria, SYR
13.701, 1930, Nov Average, Syria, SYR
9.9249, 1930, Dec Average, Syria, SYR
7.03521, 1931, Jan Average, Syria, SYR
8.07162, 1931, Feb Average, Syria, SYR
12.1985, 1931, Mar Average, Syria, SYR
15.9682, 1931, Apr Average, Syria, SYR
21.4206, 1931, May Average, Syria, SYR
24.9266, 1931, Jun Average, Syria, SYR
28.7955, 1931, Jul Average, Syria, SYR
29.4382, 1931, Aug Average, Syria, SYR
26.3994, 1931, Sep Average, Syria, SYR
20.1513, 1931, Oct Average, Syria, SYR
11.1327, 1931, Nov Average, Syria, SYR
5.71511, 1931, Dec Average, Syria, SYR
4.3268, 1932, Jan Average, Syria, SYR
7.1926, 1932, Feb Average, Syria, SYR
11.6315, 1932, Mar Average, Syria, SYR
16.4978, 1932, Apr Average, Syria, SYR
21.2948, 1932, May Average, Syria, SYR
27.1684, 1932, Jun Average, Syria, SYR
28.6952, 1932, Jul Average, Syria, SYR
29.4916, 1932, Aug Average, Syria, SYR
25.3824, 1932, Sep Average, Syria, SYR
22.7918, 1932, Oct Average, Syria, SYR
12.6118, 1932, Nov Average, Syria, SYR
5.26174, 1932, Dec Average, Syria, SYR
3.21957, 1933, Jan Average, Syria, SYR
7.29415, 1933, Feb Average, Syria, SYR
9.68011, 1933, Mar Average, Syria, SYR
13.5273, 1933, Apr Average, Syria, SYR
21.0938, 1933, May Average, Syria, SYR
24.6866, 1933, Jun Average, Syria, SYR
27.6944, 1933, Jul Average, Syria, SYR
28.3266, 1933, Aug Average, Syria, SYR
24.0805, 1933, Sep Average, Syria, SYR
18.7809, 1933, Oct Average, Syria, SYR
15.4013, 1933, Nov Average, Syria, SYR
6.79002, 1933, Dec Average, Syria, SYR
4.47745, 1934, Jan Average, Syria, SYR
5.96599, 1934, Feb Average, Syria, SYR
12.3439, 1934, Mar Average, Syria, SYR
16.8665, 1934, Apr Average, Syria, SYR
21.3954, 1934, May Average, Syria, SYR
25.7593, 1934, Jun Average, Syria, SYR
28.5842, 1934, Jul Average, Syria, SYR
28.4451, 1934, Aug Average, Syria, SYR
24.5742, 1934, Sep Average, Syria, SYR
20.0287, 1934, Oct Average, Syria, SYR
13.837, 1934, Nov Average, Syria, SYR
7.38829, 1934, Dec Average, Syria, SYR
6.14879, 1935, Jan Average, Syria, SYR
8.24962, 1935, Feb Average, Syria, SYR
11.3811, 1935, Mar Average, Syria, SYR
16.0202, 1935, Apr Average, Syria, SYR
23.8695, 1935, May Average, Syria, SYR
27.3601, 1935, Jun Average, Syria, SYR
28.8044, 1935, Jul Average, Syria, SYR
29.5881, 1935, Aug Average, Syria, SYR
26.4016, 1935, Sep Average, Syria, SYR
20.4807, 1935, Oct Average, Syria, SYR
11.2441, 1935, Nov Average, Syria, SYR
9.40897, 1935, Dec Average, Syria, SYR
7.79785, 1936, Jan Average, Syria, SYR
9.17228, 1936, Feb Average, Syria, SYR
12.3386, 1936, Mar Average, Syria, SYR
17.1976, 1936, Apr Average, Syria, SYR
20.6075, 1936, May Average, Syria, SYR
24.4234, 1936, Jun Average, Syria, SYR
28.7327, 1936, Jul Average, Syria, SYR
29.3853, 1936, Aug Average, Syria, SYR
23.6551, 1936, Sep Average, Syria, SYR
21.2105, 1936, Oct Average, Syria, SYR
14.2168, 1936, Nov Average, Syria, SYR
5.71938, 1936, Dec Average, Syria, SYR
2.6541, 1937, Jan Average, Syria, SYR
8.11941, 1937, Feb Average, Syria, SYR
14.1988, 1937, Mar Average, Syria, SYR
17.7173, 1937, Apr Average, Syria, SYR
21.5069, 1937, May Average, Syria, SYR
25.3554, 1937, Jun Average, Syria, SYR
29.2963, 1937, Jul Average, Syria, SYR
28.9305, 1937, Aug Average, Syria, SYR
27.2908, 1937, Sep Average, Syria, SYR
20.6866, 1937, Oct Average, Syria, SYR
14.4265, 1937, Nov Average, Syria, SYR
9.18675, 1937, Dec Average, Syria, SYR
6.34731, 1938, Jan Average, Syria, SYR
6.64505, 1938, Feb Average, Syria, SYR
8.41172, 1938, Mar Average, Syria, SYR
16.5871, 1938, Apr Average, Syria, SYR
20.8192, 1938, May Average, Syria, SYR
26.1083, 1938, Jun Average, Syria, SYR
29.6503, 1938, Jul Average, Syria, SYR
29.2789, 1938, Aug Average, Syria, SYR
25.0473, 1938, Sep Average, Syria, SYR
20.019, 1938, Oct Average, Syria, SYR
12.1408, 1938, Nov Average, Syria, SYR
9.30816, 1938, Dec Average, Syria, SYR
7.65194, 1939, Jan Average, Syria, SYR
7.92678, 1939, Feb Average, Syria, SYR
10.501, 1939, Mar Average, Syria, SYR
16.7764, 1939, Apr Average, Syria, SYR
23.8395, 1939, May Average, Syria, SYR
25.3918, 1939, Jun Average, Syria, SYR
28.7421, 1939, Jul Average, Syria, SYR
27.9656, 1939, Aug Average, Syria, SYR
25.4917, 1939, Sep Average, Syria, SYR
21.9665, 1939, Oct Average, Syria, SYR
12.1476, 1939, Nov Average, Syria, SYR
8.64737, 1939, Dec Average, Syria, SYR
6.28111, 1940, Jan Average, Syria, SYR
9.44066, 1940, Feb Average, Syria, SYR
10.1984, 1940, Mar Average, Syria, SYR
17.2857, 1940, Apr Average, Syria, SYR
20.7397, 1940, May Average, Syria, SYR
26.0294, 1940, Jun Average, Syria, SYR
29.0912, 1940, Jul Average, Syria, SYR
28.7888, 1940, Aug Average, Syria, SYR
25.1752, 1940, Sep Average, Syria, SYR
20.4541, 1940, Oct Average, Syria, SYR
13.6476, 1940, Nov Average, Syria, SYR
9.25587, 1940, Dec Average, Syria, SYR
7.59075, 1941, Jan Average, Syria, SYR
10.9464, 1941, Feb Average, Syria, SYR
11.3972, 1941, Mar Average, Syria, SYR
17.2465, 1941, Apr Average, Syria, SYR
23.5119, 1941, May Average, Syria, SYR
26.8767, 1941, Jun Average, Syria, SYR
28.954, 1941, Jul Average, Syria, SYR
28.3264, 1941, Aug Average, Syria, SYR
24.8435, 1941, Sep Average, Syria, SYR
17.5322, 1941, Oct Average, Syria, SYR
12.8244, 1941, Nov Average, Syria, SYR
3.9416, 1941, Dec Average, Syria, SYR
4.27646, 1942, Jan Average, Syria, SYR
8.64305, 1942, Feb Average, Syria, SYR
10.4208, 1942, Mar Average, Syria, SYR
16.4253, 1942, Apr Average, Syria, SYR
22.7653, 1942, May Average, Syria, SYR
27.8445, 1942, Jun Average, Syria, SYR
28.889, 1942, Jul Average, Syria, SYR
28.5507, 1942, Aug Average, Syria, SYR
24.6538, 1942, Sep Average, Syria, SYR
19.4504, 1942, Oct Average, Syria, SYR
13.2221, 1942, Nov Average, Syria, SYR
6.84747, 1942, Dec Average, Syria, SYR
6.20878, 1943, Jan Average, Syria, SYR
5.77016, 1943, Feb Average, Syria, SYR
7.5491, 1943, Mar Average, Syria, SYR
14.0255, 1943, Apr Average, Syria, SYR
20.8262, 1943, May Average, Syria, SYR
24.5483, 1943, Jun Average, Syria, SYR
28.0133, 1943, Jul Average, Syria, SYR
29.0047, 1943, Aug Average, Syria, SYR
25.6769, 1943, Sep Average, Syria, SYR
21.8018, 1943, Oct Average, Syria, SYR
15.3955, 1943, Nov Average, Syria, SYR
9.149, 1943, Dec Average, Syria, SYR
5.0961, 1944, Jan Average, Syria, SYR
8.4858, 1944, Feb Average, Syria, SYR
12.5142, 1944, Mar Average, Syria, SYR
16.5491, 1944, Apr Average, Syria, SYR
20.1335, 1944, May Average, Syria, SYR
26.2402, 1944, Jun Average, Syria, SYR
28.5592, 1944, Jul Average, Syria, SYR
27.8212, 1944, Aug Average, Syria, SYR
25.5564, 1944, Sep Average, Syria, SYR
20.516, 1944, Oct Average, Syria, SYR
12.9748, 1944, Nov Average, Syria, SYR
7.74564, 1944, Dec Average, Syria, SYR
6.18262, 1945, Jan Average, Syria, SYR
5.21843, 1945, Feb Average, Syria, SYR
8.12976, 1945, Mar Average, Syria, SYR
14.303, 1945, Apr Average, Syria, SYR
22.8819, 1945, May Average, Syria, SYR
25.2056, 1945, Jun Average, Syria, SYR
29.0985, 1945, Jul Average, Syria, SYR
29.3045, 1945, Aug Average, Syria, SYR
25.8194, 1945, Sep Average, Syria, SYR
19.0956, 1945, Oct Average, Syria, SYR
12.8847, 1945, Nov Average, Syria, SYR
7.20227, 1945, Dec Average, Syria, SYR
5.95034, 1946, Jan Average, Syria, SYR
7.45091, 1946, Feb Average, Syria, SYR
10.6477, 1946, Mar Average, Syria, SYR
16.2846, 1946, Apr Average, Syria, SYR
20.748, 1946, May Average, Syria, SYR
25.3601, 1946, Jun Average, Syria, SYR
28.1583, 1946, Jul Average, Syria, SYR
28.594, 1946, Aug Average, Syria, SYR
26.3522, 1946, Sep Average, Syria, SYR
18.3158, 1946, Oct Average, Syria, SYR
15.2149, 1946, Nov Average, Syria, SYR
8.57568, 1946, Dec Average, Syria, SYR
6.93048, 1947, Jan Average, Syria, SYR
8.81272, 1947, Feb Average, Syria, SYR
14.499, 1947, Mar Average, Syria, SYR
17.6325, 1947, Apr Average, Syria, SYR
22.6452, 1947, May Average, Syria, SYR
26.3361, 1947, Jun Average, Syria, SYR
29.4038, 1947, Jul Average, Syria, SYR
28.8196, 1947, Aug Average, Syria, SYR
24.4939, 1947, Sep Average, Syria, SYR
19.27, 1947, Oct Average, Syria, SYR
13.9219, 1947, Nov Average, Syria, SYR
9.45638, 1947, Dec Average, Syria, SYR
8.67995, 1948, Jan Average, Syria, SYR
8.31168, 1948, Feb Average, Syria, SYR
7.89833, 1948, Mar Average, Syria, SYR
14.4768, 1948, Apr Average, Syria, SYR
21.0522, 1948, May Average, Syria, SYR
25.4337, 1948, Jun Average, Syria, SYR
29.1922, 1948, Jul Average, Syria, SYR
28.8729, 1948, Aug Average, Syria, SYR
24.6274, 1948, Sep Average, Syria, SYR
18.8239, 1948, Oct Average, Syria, SYR
11.2677, 1948, Nov Average, Syria, SYR
4.86362, 1948, Dec Average, Syria, SYR
4.18986, 1949, Jan Average, Syria, SYR
4.27497, 1949, Feb Average, Syria, SYR
9.21929, 1949, Mar Average, Syria, SYR
12.9411, 1949, Apr Average, Syria, SYR
22.6105, 1949, May Average, Syria, SYR
26.7973, 1949, Jun Average, Syria, SYR
28.6215, 1949, Jul Average, Syria, SYR
27.9517, 1949, Aug Average, Syria, SYR
23.1314, 1949, Sep Average, Syria, SYR
19.5837, 1949, Oct Average, Syria, SYR
14.9511, 1949, Nov Average, Syria, SYR
7.90957, 1949, Dec Average, Syria, SYR
2.87022, 1950, Jan Average, Syria, SYR
5.143, 1950, Feb Average, Syria, SYR
10.8053, 1950, Mar Average, Syria, SYR
18.2421, 1950, Apr Average, Syria, SYR
20.7596, 1950, May Average, Syria, SYR
24.8469, 1950, Jun Average, Syria, SYR
28.535, 1950, Jul Average, Syria, SYR
28.3911, 1950, Aug Average, Syria, SYR
25.4544, 1950, Sep Average, Syria, SYR
18.5161, 1950, Oct Average, Syria, SYR
13.4454, 1950, Nov Average, Syria, SYR
9.12897, 1950, Dec Average, Syria, SYR
6.81048, 1951, Jan Average, Syria, SYR
8.21573, 1951, Feb Average, Syria, SYR
13.8124, 1951, Mar Average, Syria, SYR
17.7666, 1951, Apr Average, Syria, SYR
21.8954, 1951, May Average, Syria, SYR
25.5183, 1951, Jun Average, Syria, SYR
28.8741, 1951, Jul Average, Syria, SYR
29.1457, 1951, Aug Average, Syria, SYR
25.6744, 1951, Sep Average, Syria, SYR
18.4796, 1951, Oct Average, Syria, SYR
13.1926, 1951, Nov Average, Syria, SYR
6.60616, 1951, Dec Average, Syria, SYR
6.11498, 1952, Jan Average, Syria, SYR
8.40413, 1952, Feb Average, Syria, SYR
10.4351, 1952, Mar Average, Syria, SYR
16.9236, 1952, Apr Average, Syria, SYR
20.7174, 1952, May Average, Syria, SYR
25.213, 1952, Jun Average, Syria, SYR
28.6864, 1952, Jul Average, Syria, SYR
29.6932, 1952, Aug Average, Syria, SYR
27.7328, 1952, Sep Average, Syria, SYR
22.2657, 1952, Oct Average, Syria, SYR
12.8532, 1952, Nov Average, Syria, SYR
9.55112, 1952, Dec Average, Syria, SYR
7.65809, 1953, Jan Average, Syria, SYR
8.97218, 1953, Feb Average, Syria, SYR
8.30716, 1953, Mar Average, Syria, SYR
16.6838, 1953, Apr Average, Syria, SYR
21.5131, 1953, May Average, Syria, SYR
25.6291, 1953, Jun Average, Syria, SYR
29.1498, 1953, Jul Average, Syria, SYR
29.1994, 1953, Aug Average, Syria, SYR
25.1927, 1953, Sep Average, Syria, SYR
20.307, 1953, Oct Average, Syria, SYR
10.5717, 1953, Nov Average, Syria, SYR
3.68512, 1953, Dec Average, Syria, SYR
5.06793, 1954, Jan Average, Syria, SYR
7.84157, 1954, Feb Average, Syria, SYR
12.1797, 1954, Mar Average, Syria, SYR
15.1498, 1954, Apr Average, Syria, SYR
21.1237, 1954, May Average, Syria, SYR
26.4805, 1954, Jun Average, Syria, SYR
30.2957, 1954, Jul Average, Syria, SYR
30.3863, 1954, Aug Average, Syria, SYR
25.8715, 1954, Sep Average, Syria, SYR
20.8351, 1954, Oct Average, Syria, SYR
13.9454, 1954, Nov Average, Syria, SYR
9.15262, 1954, Dec Average, Syria, SYR
8.29473, 1955, Jan Average, Syria, SYR
11.3848, 1955, Feb Average, Syria, SYR
12.6026, 1955, Mar Average, Syria, SYR
17.3314, 1955, Apr Average, Syria, SYR
22.1192, 1955, May Average, Syria, SYR
27.8242, 1955, Jun Average, Syria, SYR
28.9012, 1955, Jul Average, Syria, SYR
28.742, 1955, Aug Average, Syria, SYR
25.5027, 1955, Sep Average, Syria, SYR
21.8916, 1955, Oct Average, Syria, SYR
13.6134, 1955, Nov Average, Syria, SYR
8.67795, 1955, Dec Average, Syria, SYR
7.06608, 1956, Jan Average, Syria, SYR
9.21798, 1956, Feb Average, Syria, SYR
9.2239, 1956, Mar Average, Syria, SYR
15.7571, 1956, Apr Average, Syria, SYR
19.9082, 1956, May Average, Syria, SYR
26.0735, 1956, Jun Average, Syria, SYR
29.4795, 1956, Jul Average, Syria, SYR
29.8363, 1956, Aug Average, Syria, SYR
24.3255, 1956, Sep Average, Syria, SYR
18.3666, 1956, Oct Average, Syria, SYR
12.2361, 1956, Nov Average, Syria, SYR
6.07296, 1956, Dec Average, Syria, SYR
3.99458, 1957, Jan Average, Syria, SYR
8.10986, 1957, Feb Average, Syria, SYR
12.0174, 1957, Mar Average, Syria, SYR
16.636, 1957, Apr Average, Syria, SYR
20.2153, 1957, May Average, Syria, SYR
26.0104, 1957, Jun Average, Syria, SYR
28.8634, 1957, Jul Average, Syria, SYR
29.9371, 1957, Aug Average, Syria, SYR
25.5692, 1957, Sep Average, Syria, SYR
20.7849, 1957, Oct Average, Syria, SYR
12.7584, 1957, Nov Average, Syria, SYR
7.40084, 1957, Dec Average, Syria, SYR
7.22441, 1958, Jan Average, Syria, SYR
8.46754, 1958, Feb Average, Syria, SYR
13.0243, 1958, Mar Average, Syria, SYR
17.5883, 1958, Apr Average, Syria, SYR
22.0489, 1958, May Average, Syria, SYR
25.8676, 1958, Jun Average, Syria, SYR
27.8766, 1958, Jul Average, Syria, SYR
29.5439, 1958, Aug Average, Syria, SYR
24.491, 1958, Sep Average, Syria, SYR
18.8829, 1958, Oct Average, Syria, SYR
11.8505, 1958, Nov Average, Syria, SYR
8.40788, 1958, Dec Average, Syria, SYR
7.68163, 1959, Jan Average, Syria, SYR
4.31972, 1959, Feb Average, Syria, SYR
10.2595, 1959, Mar Average, Syria, SYR
17.6557, 1959, Apr Average, Syria, SYR
21.4033, 1959, May Average, Syria, SYR
25.8435, 1959, Jun Average, Syria, SYR
27.5518, 1959, Jul Average, Syria, SYR
27.6947, 1959, Aug Average, Syria, SYR
23.2743, 1959, Sep Average, Syria, SYR
18.3906, 1959, Oct Average, Syria, SYR
13.0812, 1959, Nov Average, Syria, SYR
8.12278, 1959, Dec Average, Syria, SYR
7.59796, 1960, Jan Average, Syria, SYR
9.35811, 1960, Feb Average, Syria, SYR
11.6052, 1960, Mar Average, Syria, SYR
16.3096, 1960, Apr Average, Syria, SYR
23.8059, 1960, May Average, Syria, SYR
25.7913, 1960, Jun Average, Syria, SYR
28.7634, 1960, Jul Average, Syria, SYR
28.0819, 1960, Aug Average, Syria, SYR
25.7354, 1960, Sep Average, Syria, SYR
20.9243, 1960, Oct Average, Syria, SYR
14.5999, 1960, Nov Average, Syria, SYR
10.0727, 1960, Dec Average, Syria, SYR
6.38506, 1961, Jan Average, Syria, SYR
7.26433, 1961, Feb Average, Syria, SYR
10.0894, 1961, Mar Average, Syria, SYR
16.7536, 1961, Apr Average, Syria, SYR
22.7492, 1961, May Average, Syria, SYR
26.3959, 1961, Jun Average, Syria, SYR
29.3832, 1961, Jul Average, Syria, SYR
29.1985, 1961, Aug Average, Syria, SYR
23.2256, 1961, Sep Average, Syria, SYR
19.499, 1961, Oct Average, Syria, SYR
11.718, 1961, Nov Average, Syria, SYR
9.37615, 1961, Dec Average, Syria, SYR
7.52701, 1962, Jan Average, Syria, SYR
7.79581, 1962, Feb Average, Syria, SYR
14.0723, 1962, Mar Average, Syria, SYR
15.6968, 1962, Apr Average, Syria, SYR
22.3613, 1962, May Average, Syria, SYR
26.959, 1962, Jun Average, Syria, SYR
29.1978, 1962, Jul Average, Syria, SYR
30.2664, 1962, Aug Average, Syria, SYR
26.1465, 1962, Sep Average, Syria, SYR
21.1369, 1962, Oct Average, Syria, SYR
16.056, 1962, Nov Average, Syria, SYR
9.55481, 1962, Dec Average, Syria, SYR
9.45192, 1963, Jan Average, Syria, SYR
10.0644, 1963, Feb Average, Syria, SYR
10.0913, 1963, Mar Average, Syria, SYR
16.1505, 1963, Apr Average, Syria, SYR
19.4286, 1963, May Average, Syria, SYR
26.1237, 1963, Jun Average, Syria, SYR
28.7879, 1963, Jul Average, Syria, SYR
29.6119, 1963, Aug Average, Syria, SYR
25.8204, 1963, Sep Average, Syria, SYR
20.9156, 1963, Oct Average, Syria, SYR
13.6418, 1963, Nov Average, Syria, SYR
7.48857, 1963, Dec Average, Syria, SYR
2.2222, 1964, Jan Average, Syria, SYR
7.64245, 1964, Feb Average, Syria, SYR
12.688, 1964, Mar Average, Syria, SYR
15.6421, 1964, Apr Average, Syria, SYR
20.8753, 1964, May Average, Syria, SYR
26.1209, 1964, Jun Average, Syria, SYR
28.6483, 1964, Jul Average, Syria, SYR
27.5012, 1964, Aug Average, Syria, SYR
24.3969, 1964, Sep Average, Syria, SYR
19.6978, 1964, Oct Average, Syria, SYR
12.9327, 1964, Nov Average, Syria, SYR
7.413, 1964, Dec Average, Syria, SYR
6.08495, 1965, Jan Average, Syria, SYR
8.62961, 1965, Feb Average, Syria, SYR
12.1456, 1965, Mar Average, Syria, SYR
14.9198, 1965, Apr Average, Syria, SYR
21.0137, 1965, May Average, Syria, SYR
27.3989, 1965, Jun Average, Syria, SYR
28.9499, 1965, Jul Average, Syria, SYR
29.2729, 1965, Aug Average, Syria, SYR
25.4588, 1965, Sep Average, Syria, SYR
16.9664, 1965, Oct Average, Syria, SYR
12.0564, 1965, Nov Average, Syria, SYR
8.18641, 1965, Dec Average, Syria, SYR
8.52702, 1966, Jan Average, Syria, SYR
10.566, 1966, Feb Average, Syria, SYR
11.8937, 1966, Mar Average, Syria, SYR
17.5025, 1966, Apr Average, Syria, SYR
20.9416, 1966, May Average, Syria, SYR
26.9512, 1966, Jun Average, Syria, SYR
29.3162, 1966, Jul Average, Syria, SYR
29.2875, 1966, Aug Average, Syria, SYR
24.7843, 1966, Sep Average, Syria, SYR
20.3826, 1966, Oct Average, Syria, SYR
15.8104, 1966, Nov Average, Syria, SYR
8.80491, 1966, Dec Average, Syria, SYR
5.88381, 1967, Jan Average, Syria, SYR
4.4149, 1967, Feb Average, Syria, SYR
9.21118, 1967, Mar Average, Syria, SYR
14.7689, 1967, Apr Average, Syria, SYR
20.617, 1967, May Average, Syria, SYR
24.5574, 1967, Jun Average, Syria, SYR
28.289, 1967, Jul Average, Syria, SYR
28.2215, 1967, Aug Average, Syria, SYR
24.462, 1967, Sep Average, Syria, SYR
19.2515, 1967, Oct Average, Syria, SYR
11.8556, 1967, Nov Average, Syria, SYR
7.63177, 1967, Dec Average, Syria, SYR
4.99184, 1968, Jan Average, Syria, SYR
7.24038, 1968, Feb Average, Syria, SYR
10.6017, 1968, Mar Average, Syria, SYR
18.1599, 1968, Apr Average, Syria, SYR
22.4383, 1968, May Average, Syria, SYR
25.7587, 1968, Jun Average, Syria, SYR
29.7004, 1968, Jul Average, Syria, SYR
27.045, 1968, Aug Average, Syria, SYR
24.5956, 1968, Sep Average, Syria, SYR
20.1595, 1968, Oct Average, Syria, SYR
13.7448, 1968, Nov Average, Syria, SYR
9.08781, 1968, Dec Average, Syria, SYR
6.62513, 1969, Jan Average, Syria, SYR
8.216, 1969, Feb Average, Syria, SYR
13.1411, 1969, Mar Average, Syria, SYR
14.8031, 1969, Apr Average, Syria, SYR
22.4729, 1969, May Average, Syria, SYR
27.655, 1969, Jun Average, Syria, SYR
27.6185, 1969, Jul Average, Syria, SYR
28.7057, 1969, Aug Average, Syria, SYR
25.9355, 1969, Sep Average, Syria, SYR
19.4835, 1969, Oct Average, Syria, SYR
12.2614, 1969, Nov Average, Syria, SYR
8.81456, 1969, Dec Average, Syria, SYR
7.51185, 1970, Jan Average, Syria, SYR
9.80823, 1970, Feb Average, Syria, SYR
13.6358, 1970, Mar Average, Syria, SYR
19.0172, 1970, Apr Average, Syria, SYR
21.8467, 1970, May Average, Syria, SYR
26.0876, 1970, Jun Average, Syria, SYR
28.3572, 1970, Jul Average, Syria, SYR
28.4343, 1970, Aug Average, Syria, SYR
24.8509, 1970, Sep Average, Syria, SYR
18.5623, 1970, Oct Average, Syria, SYR
14.7785, 1970, Nov Average, Syria, SYR
6.30936, 1970, Dec Average, Syria, SYR
7.8965, 1971, Jan Average, Syria, SYR
7.52768, 1971, Feb Average, Syria, SYR
11.9587, 1971, Mar Average, Syria, SYR
14.989, 1971, Apr Average, Syria, SYR
22.7837, 1971, May Average, Syria, SYR
25.7558, 1971, Jun Average, Syria, SYR
28.0014, 1971, Jul Average, Syria, SYR
27.9159, 1971, Aug Average, Syria, SYR
25.8736, 1971, Sep Average, Syria, SYR
18.2404, 1971, Oct Average, Syria, SYR
12.814, 1971, Nov Average, Syria, SYR
6.28373, 1971, Dec Average, Syria, SYR
3.38598, 1972, Jan Average, Syria, SYR
4.72001, 1972, Feb Average, Syria, SYR
10.8418, 1972, Mar Average, Syria, SYR
16.9367, 1972, Apr Average, Syria, SYR
19.9608, 1972, May Average, Syria, SYR
25.091, 1972, Jun Average, Syria, SYR
27.357, 1972, Jul Average, Syria, SYR
27.9561, 1972, Aug Average, Syria, SYR
25.8041, 1972, Sep Average, Syria, SYR
21.0202, 1972, Oct Average, Syria, SYR
11.545, 1972, Nov Average, Syria, SYR
5.36143, 1972, Dec Average, Syria, SYR
4.26024, 1973, Jan Average, Syria, SYR
9.88636, 1973, Feb Average, Syria, SYR
11.8964, 1973, Mar Average, Syria, SYR
15.8566, 1973, Apr Average, Syria, SYR
21.9284, 1973, May Average, Syria, SYR
25.4156, 1973, Jun Average, Syria, SYR
28.9433, 1973, Jul Average, Syria, SYR
28.8852, 1973, Aug Average, Syria, SYR
26.129, 1973, Sep Average, Syria, SYR
20.4368, 1973, Oct Average, Syria, SYR
9.7325, 1973, Nov Average, Syria, SYR
7.25203, 1973, Dec Average, Syria, SYR
4.53991, 1974, Jan Average, Syria, SYR
6.8526, 1974, Feb Average, Syria, SYR
12.2688, 1974, Mar Average, Syria, SYR
15.1727, 1974, Apr Average, Syria, SYR
21.7074, 1974, May Average, Syria, SYR
26.6593, 1974, Jun Average, Syria, SYR
28.7607, 1974, Jul Average, Syria, SYR
28.2015, 1974, Aug Average, Syria, SYR
24.1887, 1974, Sep Average, Syria, SYR
21.8861, 1974, Oct Average, Syria, SYR
13.5514, 1974, Nov Average, Syria, SYR
7.37784, 1974, Dec Average, Syria, SYR
5.81394, 1975, Jan Average, Syria, SYR
6.62126, 1975, Feb Average, Syria, SYR
12.2093, 1975, Mar Average, Syria, SYR
17.973, 1975, Apr Average, Syria, SYR
20.9537, 1975, May Average, Syria, SYR
25.802, 1975, Jun Average, Syria, SYR
28.8747, 1975, Jul Average, Syria, SYR
28.1184, 1975, Aug Average, Syria, SYR
25.485, 1975, Sep Average, Syria, SYR
18.7501, 1975, Oct Average, Syria, SYR
12.4996, 1975, Nov Average, Syria, SYR
5.77992, 1975, Dec Average, Syria, SYR
6.34235, 1976, Jan Average, Syria, SYR
5.62599, 1976, Feb Average, Syria, SYR
10.2128, 1976, Mar Average, Syria, SYR
15.8317, 1976, Apr Average, Syria, SYR
20.5503, 1976, May Average, Syria, SYR
25.1545, 1976, Jun Average, Syria, SYR
27.2866, 1976, Jul Average, Syria, SYR
27.0676, 1976, Aug Average, Syria, SYR
23.8585, 1976, Sep Average, Syria, SYR
19.9295, 1976, Oct Average, Syria, SYR
13.8624, 1976, Nov Average, Syria, SYR
8.8256, 1976, Dec Average, Syria, SYR
4.48308, 1977, Jan Average, Syria, SYR
11.1114, 1977, Feb Average, Syria, SYR
11.6856, 1977, Mar Average, Syria, SYR
15.7377, 1977, Apr Average, Syria, SYR
21.412, 1977, May Average, Syria, SYR
25.7873, 1977, Jun Average, Syria, SYR
28.9339, 1977, Jul Average, Syria, SYR
29.51, 1977, Aug Average, Syria, SYR
25.2807, 1977, Sep Average, Syria, SYR
17.5793, 1977, Oct Average, Syria, SYR
12.7603, 1977, Nov Average, Syria, SYR
7.60051, 1977, Dec Average, Syria, SYR
7.32174, 1978, Jan Average, Syria, SYR
9.91662, 1978, Feb Average, Syria, SYR
12.4393, 1978, Mar Average, Syria, SYR
16.3537, 1978, Apr Average, Syria, SYR
22.4437, 1978, May Average, Syria, SYR
25.4088, 1978, Jun Average, Syria, SYR
30.4244, 1978, Jul Average, Syria, SYR
27.4447, 1978, Aug Average, Syria, SYR
24.4219, 1978, Sep Average, Syria, SYR
20.9207, 1978, Oct Average, Syria, SYR
9.83717, 1978, Nov Average, Syria, SYR
8.7422, 1978, Dec Average, Syria, SYR
7.82756, 1979, Jan Average, Syria, SYR
10.3329, 1979, Feb Average, Syria, SYR
12.3666, 1979, Mar Average, Syria, SYR
17.4245, 1979, Apr Average, Syria, SYR
21.817, 1979, May Average, Syria, SYR
26.2728, 1979, Jun Average, Syria, SYR
28.3336, 1979, Jul Average, Syria, SYR
28.4438, 1979, Aug Average, Syria, SYR
26.4911, 1979, Sep Average, Syria, SYR
20.2499, 1979, Oct Average, Syria, SYR
14.4006, 1979, Nov Average, Syria, SYR
6.56054, 1979, Dec Average, Syria, SYR
4.56907, 1980, Jan Average, Syria, SYR
6.53868, 1980, Feb Average, Syria, SYR
10.709, 1980, Mar Average, Syria, SYR
15.053, 1980, Apr Average, Syria, SYR
21.8347, 1980, May Average, Syria, SYR
26.5554, 1980, Jun Average, Syria, SYR
29.917, 1980, Jul Average, Syria, SYR
28.4004, 1980, Aug Average, Syria, SYR
23.8519, 1980, Sep Average, Syria, SYR
19.6943, 1980, Oct Average, Syria, SYR
13.0142, 1980, Nov Average, Syria, SYR
8.41966, 1980, Dec Average, Syria, SYR
6.84029, 1981, Jan Average, Syria, SYR
8.53237, 1981, Feb Average, Syria, SYR
12.5974, 1981, Mar Average, Syria, SYR
15.3537, 1981, Apr Average, Syria, SYR
19.8286, 1981, May Average, Syria, SYR
26.0476, 1981, Jun Average, Syria, SYR
29.6042, 1981, Jul Average, Syria, SYR
28.6234, 1981, Aug Average, Syria, SYR
26.3536, 1981, Sep Average, Syria, SYR
21.0677, 1981, Oct Average, Syria, SYR
11.4153, 1981, Nov Average, Syria, SYR
9.46596, 1981, Dec Average, Syria, SYR
6.51597, 1982, Jan Average, Syria, SYR
5.94388, 1982, Feb Average, Syria, SYR
9.71259, 1982, Mar Average, Syria, SYR
17.4121, 1982, Apr Average, Syria, SYR
21.0774, 1982, May Average, Syria, SYR
25.5925, 1982, Jun Average, Syria, SYR
27.4287, 1982, Jul Average, Syria, SYR
27.7771, 1982, Aug Average, Syria, SYR
25.7627, 1982, Sep Average, Syria, SYR
19.1262, 1982, Oct Average, Syria, SYR
10.192, 1982, Nov Average, Syria, SYR
5.6698, 1982, Dec Average, Syria, SYR
3.3619, 1983, Jan Average, Syria, SYR
5.97632, 1983, Feb Average, Syria, SYR
10.5801, 1983, Mar Average, Syria, SYR
15.7735, 1983, Apr Average, Syria, SYR
21.1218, 1983, May Average, Syria, SYR
25.5259, 1983, Jun Average, Syria, SYR
28.8122, 1983, Jul Average, Syria, SYR
27.3764, 1983, Aug Average, Syria, SYR
24.7085, 1983, Sep Average, Syria, SYR
18.6803, 1983, Oct Average, Syria, SYR
14.9219, 1983, Nov Average, Syria, SYR
8.55233, 1983, Dec Average, Syria, SYR
7.55717, 1984, Jan Average, Syria, SYR
8.86889, 1984, Feb Average, Syria, SYR
12.3534, 1984, Mar Average, Syria, SYR
15.7369, 1984, Apr Average, Syria, SYR
21.6027, 1984, May Average, Syria, SYR
25.9045, 1984, Jun Average, Syria, SYR
28.3808, 1984, Jul Average, Syria, SYR
26.7074, 1984, Aug Average, Syria, SYR
25.7508, 1984, Sep Average, Syria, SYR
19.3416, 1984, Oct Average, Syria, SYR
11.7603, 1984, Nov Average, Syria, SYR
5.5606, 1984, Dec Average, Syria, SYR
7.95701, 1985, Jan Average, Syria, SYR
5.71774, 1985, Feb Average, Syria, SYR
9.03841, 1985, Mar Average, Syria, SYR
17.3642, 1985, Apr Average, Syria, SYR
22.3547, 1985, May Average, Syria, SYR
26.3335, 1985, Jun Average, Syria, SYR
28.2645, 1985, Jul Average, Syria, SYR
30.6077, 1985, Aug Average, Syria, SYR
25.373, 1985, Sep Average, Syria, SYR
18.2788, 1985, Oct Average, Syria, SYR
14.8023, 1985, Nov Average, Syria, SYR
7.78147, 1985, Dec Average, Syria, SYR
6.80149, 1986, Jan Average, Syria, SYR
9.83962, 1986, Feb Average, Syria, SYR
12.3042, 1986, Mar Average, Syria, SYR
17.9534, 1986, Apr Average, Syria, SYR
20.044, 1986, May Average, Syria, SYR
25.6198, 1986, Jun Average, Syria, SYR
29.2109, 1986, Jul Average, Syria, SYR
29.4433, 1986, Aug Average, Syria, SYR
27.5013, 1986, Sep Average, Syria, SYR
20.1239, 1986, Oct Average, Syria, SYR
11.2271, 1986, Nov Average, Syria, SYR
6.89036, 1986, Dec Average, Syria, SYR
7.84509, 1987, Jan Average, Syria, SYR
10.2577, 1987, Feb Average, Syria, SYR
8.99805, 1987, Mar Average, Syria, SYR
15.7815, 1987, Apr Average, Syria, SYR
21.7497, 1987, May Average, Syria, SYR
25.7693, 1987, Jun Average, Syria, SYR
29.8184, 1987, Jul Average, Syria, SYR
29.7537, 1987, Aug Average, Syria, SYR
25.7813, 1987, Sep Average, Syria, SYR
19.0326, 1987, Oct Average, Syria, SYR
12.2561, 1987, Nov Average, Syria, SYR
8.01957, 1987, Dec Average, Syria, SYR
6.39152, 1988, Jan Average, Syria, SYR
7.89213, 1988, Feb Average, Syria, SYR
10.4455, 1988, Mar Average, Syria, SYR
15.3126, 1988, Apr Average, Syria, SYR
22.4359, 1988, May Average, Syria, SYR
26.1512, 1988, Jun Average, Syria, SYR
29.6753, 1988, Jul Average, Syria, SYR
28.7962, 1988, Aug Average, Syria, SYR
25.6365, 1988, Sep Average, Syria, SYR
19.1747, 1988, Oct Average, Syria, SYR
10.0888, 1988, Nov Average, Syria, SYR
7.52804, 1988, Dec Average, Syria, SYR
3.93193, 1989, Jan Average, Syria, SYR
7.06414, 1989, Feb Average, Syria, SYR
12.5383, 1989, Mar Average, Syria, SYR
19.8863, 1989, Apr Average, Syria, SYR
23.3259, 1989, May Average, Syria, SYR
26.2147, 1989, Jun Average, Syria, SYR
29.5898, 1989, Jul Average, Syria, SYR
28.5812, 1989, Aug Average, Syria, SYR
25.0788, 1989, Sep Average, Syria, SYR
19.0955, 1989, Oct Average, Syria, SYR
12.8451, 1989, Nov Average, Syria, SYR
7.48197, 1989, Dec Average, Syria, SYR
4.66452, 1990, Jan Average, Syria, SYR
7.31385, 1990, Feb Average, Syria, SYR
11.6491, 1990, Mar Average, Syria, SYR
16.7505, 1990, Apr Average, Syria, SYR
22.1522, 1990, May Average, Syria, SYR
26.0528, 1990, Jun Average, Syria, SYR
29.2834, 1990, Jul Average, Syria, SYR
28.8782, 1990, Aug Average, Syria, SYR
24.9854, 1990, Sep Average, Syria, SYR
20.5587, 1990, Oct Average, Syria, SYR
14.7375, 1990, Nov Average, Syria, SYR
8.83489, 1990, Dec Average, Syria, SYR
6.26799, 1991, Jan Average, Syria, SYR
7.12376, 1991, Feb Average, Syria, SYR
12.6858, 1991, Mar Average, Syria, SYR
17.6551, 1991, Apr Average, Syria, SYR
20.3736, 1991, May Average, Syria, SYR
26.1442, 1991, Jun Average, Syria, SYR
28.444, 1991, Jul Average, Syria, SYR
28.4104, 1991, Aug Average, Syria, SYR
25.7026, 1991, Sep Average, Syria, SYR
21.2402, 1991, Oct Average, Syria, SYR
13.9169, 1991, Nov Average, Syria, SYR
6.5647, 1991, Dec Average, Syria, SYR
3.18381, 1992, Jan Average, Syria, SYR
4.09799, 1992, Feb Average, Syria, SYR
9.16857, 1992, Mar Average, Syria, SYR
16.0631, 1992, Apr Average, Syria, SYR
20.823, 1992, May Average, Syria, SYR
25.143, 1992, Jun Average, Syria, SYR
27.2565, 1992, Jul Average, Syria, SYR
29.1876, 1992, Aug Average, Syria, SYR
24.5548, 1992, Sep Average, Syria, SYR
20.9274, 1992, Oct Average, Syria, SYR
12.2705, 1992, Nov Average, Syria, SYR
5.38273, 1992, Dec Average, Syria, SYR
5.24731, 1993, Jan Average, Syria, SYR
6.18723, 1993, Feb Average, Syria, SYR
11.4183, 1993, Mar Average, Syria, SYR
16.6549, 1993, Apr Average, Syria, SYR
19.7881, 1993, May Average, Syria, SYR
26.5247, 1993, Jun Average, Syria, SYR
29.3074, 1993, Jul Average, Syria, SYR
29.4958, 1993, Aug Average, Syria, SYR
25.5372, 1993, Sep Average, Syria, SYR
21.2287, 1993, Oct Average, Syria, SYR
10.8894, 1993, Nov Average, Syria, SYR
8.23501, 1993, Dec Average, Syria, SYR
8.95516, 1994, Jan Average, Syria, SYR
8.57112, 1994, Feb Average, Syria, SYR
11.9186, 1994, Mar Average, Syria, SYR
19.1729, 1994, Apr Average, Syria, SYR
23.047, 1994, May Average, Syria, SYR
26.4972, 1994, Jun Average, Syria, SYR
28.729, 1994, Jul Average, Syria, SYR
29.3329, 1994, Aug Average, Syria, SYR
27.7131, 1994, Sep Average, Syria, SYR
22.4298, 1994, Oct Average, Syria, SYR
13.0236, 1994, Nov Average, Syria, SYR
5.74946, 1994, Dec Average, Syria, SYR
7.39767, 1995, Jan Average, Syria, SYR
9.39316, 1995, Feb Average, Syria, SYR
12.0978, 1995, Mar Average, Syria, SYR
16.0892, 1995, Apr Average, Syria, SYR
23.1372, 1995, May Average, Syria, SYR
27.4065, 1995, Jun Average, Syria, SYR
28.7344, 1995, Jul Average, Syria, SYR
29.2228, 1995, Aug Average, Syria, SYR
25.274, 1995, Sep Average, Syria, SYR
19.6756, 1995, Oct Average, Syria, SYR
11.4421, 1995, Nov Average, Syria, SYR
7.09682, 1995, Dec Average, Syria, SYR
7.00173, 1996, Jan Average, Syria, SYR
9.09301, 1996, Feb Average, Syria, SYR
11.3987, 1996, Mar Average, Syria, SYR
16.7208, 1996, Apr Average, Syria, SYR
23.3516, 1996, May Average, Syria, SYR
26.7816, 1996, Jun Average, Syria, SYR
30.5018, 1996, Jul Average, Syria, SYR
29.3375, 1996, Aug Average, Syria, SYR
25.4119, 1996, Sep Average, Syria, SYR
18.9257, 1996, Oct Average, Syria, SYR
13.1516, 1996, Nov Average, Syria, SYR
10.5655, 1996, Dec Average, Syria, SYR
6.62347, 1997, Jan Average, Syria, SYR
5.62695, 1997, Feb Average, Syria, SYR
8.61592, 1997, Mar Average, Syria, SYR
15.0268, 1997, Apr Average, Syria, SYR
22.8012, 1997, May Average, Syria, SYR
26.4819, 1997, Jun Average, Syria, SYR
29.2407, 1997, Jul Average, Syria, SYR
27.3404, 1997, Aug Average, Syria, SYR
24.5497, 1997, Sep Average, Syria, SYR
20.8006, 1997, Oct Average, Syria, SYR
13.1746, 1997, Nov Average, Syria, SYR
8.57353, 1997, Dec Average, Syria, SYR
5.80015, 1998, Jan Average, Syria, SYR
7.41506, 1998, Feb Average, Syria, SYR
11.0632, 1998, Mar Average, Syria, SYR
17.8761, 1998, Apr Average, Syria, SYR
22.9512, 1998, May Average, Syria, SYR
27.4903, 1998, Jun Average, Syria, SYR
30.5667, 1998, Jul Average, Syria, SYR
30.7834, 1998, Aug Average, Syria, SYR
26.3638, 1998, Sep Average, Syria, SYR
21.028, 1998, Oct Average, Syria, SYR
16.8937, 1998, Nov Average, Syria, SYR
10.0221, 1998, Dec Average, Syria, SYR
8.28805, 1999, Jan Average, Syria, SYR
9.49373, 1999, Feb Average, Syria, SYR
12.2453, 1999, Mar Average, Syria, SYR
17.164, 1999, Apr Average, Syria, SYR
23.8844, 1999, May Average, Syria, SYR
26.9915, 1999, Jun Average, Syria, SYR
29.7921, 1999, Jul Average, Syria, SYR
30.1462, 1999, Aug Average, Syria, SYR
25.67, 1999, Sep Average, Syria, SYR
21.0359, 1999, Oct Average, Syria, SYR
13.0951, 1999, Nov Average, Syria, SYR
9.01638, 1999, Dec Average, Syria, SYR
5.84524, 2000, Jan Average, Syria, SYR
7.37826, 2000, Feb Average, Syria, SYR
10.5225, 2000, Mar Average, Syria, SYR
18.1408, 2000, Apr Average, Syria, SYR
22.2126, 2000, May Average, Syria, SYR
27.56, 2000, Jun Average, Syria, SYR
31.4997, 2000, Jul Average, Syria, SYR
29.9138, 2000, Aug Average, Syria, SYR
25.6879, 2000, Sep Average, Syria, SYR
19.1999, 2000, Oct Average, Syria, SYR
13.152, 2000, Nov Average, Syria, SYR
8.24275, 2000, Dec Average, Syria, SYR
7.69026, 2001, Jan Average, Syria, SYR
9.61053, 2001, Feb Average, Syria, SYR
15.4464, 2001, Mar Average, Syria, SYR
17.8837, 2001, Apr Average, Syria, SYR
21.3159, 2001, May Average, Syria, SYR
27.5512, 2001, Jun Average, Syria, SYR
30.1628, 2001, Jul Average, Syria, SYR
30.0338, 2001, Aug Average, Syria, SYR
26.3536, 2001, Sep Average, Syria, SYR
20.6704, 2001, Oct Average, Syria, SYR
12.0904, 2001, Nov Average, Syria, SYR
9.63728, 2001, Dec Average, Syria, SYR
5.48793, 2002, Jan Average, Syria, SYR
10.2216, 2002, Feb Average, Syria, SYR
13.2515, 2002, Mar Average, Syria, SYR
16.0177, 2002, Apr Average, Syria, SYR
21.4978, 2002, May Average, Syria, SYR
26.8208, 2002, Jun Average, Syria, SYR
30.1287, 2002, Jul Average, Syria, SYR
29.0913, 2002, Aug Average, Syria, SYR
26.2343, 2002, Sep Average, Syria, SYR
21.8215, 2002, Oct Average, Syria, SYR
13.5186, 2002, Nov Average, Syria, SYR
6.23772, 2002, Dec Average, Syria, SYR
8.12805, 2003, Jan Average, Syria, SYR
7.14882, 2003, Feb Average, Syria, SYR
10.0427, 2003, Mar Average, Syria, SYR
16.5153, 2003, Apr Average, Syria, SYR
24.0435, 2003, May Average, Syria, SYR
27.0328, 2003, Jun Average, Syria, SYR
29.821, 2003, Jul Average, Syria, SYR
30.5222, 2003, Aug Average, Syria, SYR
25.4395, 2003, Sep Average, Syria, SYR
21.5688, 2003, Oct Average, Syria, SYR
12.9277, 2003, Nov Average, Syria, SYR
7.82035, 2003, Dec Average, Syria, SYR
7.22845, 2004, Jan Average, Syria, SYR
8.00892, 2004, Feb Average, Syria, SYR
13.5402, 2004, Mar Average, Syria, SYR
16.6506, 2004, Apr Average, Syria, SYR
21.6399, 2004, May Average, Syria, SYR
26.5747, 2004, Jun Average, Syria, SYR
30.1003, 2004, Jul Average, Syria, SYR
28.8351, 2004, Aug Average, Syria, SYR
26.0067, 2004, Sep Average, Syria, SYR
21.7433, 2004, Oct Average, Syria, SYR
12.8775, 2004, Nov Average, Syria, SYR
6.04641, 2004, Dec Average, Syria, SYR
6.87035, 2005, Jan Average, Syria, SYR
7.66922, 2005, Feb Average, Syria, SYR
12.5016, 2005, Mar Average, Syria, SYR
17.6983, 2005, Apr Average, Syria, SYR
22.0395, 2005, May Average, Syria, SYR
26.2493, 2005, Jun Average, Syria, SYR
30.1322, 2005, Jul Average, Syria, SYR
29.898, 2005, Aug Average, Syria, SYR
25.5088, 2005, Sep Average, Syria, SYR
19.1817, 2005, Oct Average, Syria, SYR
11.8325, 2005, Nov Average, Syria, SYR
10.0677, 2005, Dec Average, Syria, SYR
6.4667, 2006, Jan Average, Syria, SYR
8.87681, 2006, Feb Average, Syria, SYR
12.7989, 2006, Mar Average, Syria, SYR
17.6196, 2006, Apr Average, Syria, SYR
22.5186, 2006, May Average, Syria, SYR
27.9987, 2006, Jun Average, Syria, SYR
29.1395, 2006, Jul Average, Syria, SYR
30.4156, 2006, Aug Average, Syria, SYR
25.8898, 2006, Sep Average, Syria, SYR
20.3347, 2006, Oct Average, Syria, SYR
11.3257, 2006, Nov Average, Syria, SYR
6.03117, 2006, Dec Average, Syria, SYR
5.85955, 2007, Jan Average, Syria, SYR
8.99348, 2007, Feb Average, Syria, SYR
11.9106, 2007, Mar Average, Syria, SYR
14.8652, 2007, Apr Average, Syria, SYR
23.8884, 2007, May Average, Syria, SYR
27.7399, 2007, Jun Average, Syria, SYR
30.5558, 2007, Jul Average, Syria, SYR
29.7623, 2007, Aug Average, Syria, SYR
26.4814, 2007, Sep Average, Syria, SYR
21.7631, 2007, Oct Average, Syria, SYR
13.4067, 2007, Nov Average, Syria, SYR
7.25618, 2007, Dec Average, Syria, SYR
3.29007, 2008, Jan Average, Syria, SYR
7.40175, 2008, Feb Average, Syria, SYR
15.4777, 2008, Mar Average, Syria, SYR
19.7686, 2008, Apr Average, Syria, SYR
21.4012, 2008, May Average, Syria, SYR
27.6103, 2008, Jun Average, Syria, SYR
30.0786, 2008, Jul Average, Syria, SYR
30.4696, 2008, Aug Average, Syria, SYR
26.2704, 2008, Sep Average, Syria, SYR
20.474, 2008, Oct Average, Syria, SYR
13.9369, 2008, Nov Average, Syria, SYR
7.40461, 2008, Dec Average, Syria, SYR
6.29174, 2009, Jan Average, Syria, SYR
9.58977, 2009, Feb Average, Syria, SYR
11.519, 2009, Mar Average, Syria, SYR
16.7371, 2009, Apr Average, Syria, SYR
22.1411, 2009, May Average, Syria, SYR
27.8942, 2009, Jun Average, Syria, SYR
29.5429, 2009, Jul Average, Syria, SYR
29.1112, 2009, Aug Average, Syria, SYR
24.6442, 2009, Sep Average, Syria, SYR
21.8795, 2009, Oct Average, Syria, SYR
12.854, 2009, Nov Average, Syria, SYR
10.4778, 2009, Dec Average, Syria, SYR
9.40246, 2010, Jan Average, Syria, SYR
10.516, 2010, Feb Average, Syria, SYR
14.6021, 2010, Mar Average, Syria, SYR
18.155, 2010, Apr Average, Syria, SYR
23.4509, 2010, May Average, Syria, SYR
27.6399, 2010, Jun Average, Syria, SYR
30.4512, 2010, Jul Average, Syria, SYR
31.4291, 2010, Aug Average, Syria, SYR
27.7215, 2010, Sep Average, Syria, SYR
21.9161, 2010, Oct Average, Syria, SYR
15.5095, 2010, Nov Average, Syria, SYR
10.1101, 2010, Dec Average, Syria, SYR
7.6619, 2011, Jan Average, Syria, SYR
8.95369, 2011, Feb Average, Syria, SYR
12.2789, 2011, Mar Average, Syria, SYR
16.6049, 2011, Apr Average, Syria, SYR
21.3639, 2011, May Average, Syria, SYR
26.567, 2011, Jun Average, Syria, SYR
30.3397, 2011, Jul Average, Syria, SYR
29.7232, 2011, Aug Average, Syria, SYR
26.4178, 2011, Sep Average, Syria, SYR
19.3202, 2011, Oct Average, Syria, SYR
9.65481, 2011, Nov Average, Syria, SYR
6.84462, 2011, Dec Average, Syria, SYR
6.30739, 2012, Jan Average, Syria, SYR
6.79514, 2012, Feb Average, Syria, SYR
9.72978, 2012, Mar Average, Syria, SYR
18.7913, 2012, Apr Average, Syria, SYR
22.6851, 2012, May Average, Syria, SYR
28.4319, 2012, Jun Average, Syria, SYR
30.7325, 2012, Jul Average, Syria, SYR
30.0775, 2012, Aug Average, Syria, SYR
26.8398, 2012, Sep Average, Syria, SYR
21.5738, 2012, Oct Average, Syria, SYR
15.1992, 2012, Nov Average, Syria, SYR
9.78196, 2012, Dec Average, Syria, SYR
7.47864, 2013, Jan Average, Syria, SYR
10.6331, 2013, Feb Average, Syria, SYR
13.4011, 2013, Mar Average, Syria, SYR
17.5905, 2013, Apr Average, Syria, SYR
23.4533, 2013, May Average, Syria, SYR
27.008, 2013, Jun Average, Syria, SYR
29.3078, 2013, Jul Average, Syria, SYR
29.3193, 2013, Aug Average, Syria, SYR
25.3271, 2013, Sep Average, Syria, SYR
18.9543, 2013, Oct Average, Syria, SYR
15.1714, 2013, Nov Average, Syria, SYR
6.20752, 2013, Dec Average, Syria, SYR
8.10991, 2014, Jan Average, Syria, SYR
10.1414, 2014, Feb Average, Syria, SYR
14.1512, 2014, Mar Average, Syria, SYR
18.6273, 2014, Apr Average, Syria, SYR
22.8417, 2014, May Average, Syria, SYR
26.1729, 2014, Jun Average, Syria, SYR
29.739, 2014, Jul Average, Syria, SYR
30.2665, 2014, Aug Average, Syria, SYR
25.5503, 2014, Sep Average, Syria, SYR
20.1077, 2014, Oct Average, Syria, SYR
12.5033, 2014, Nov Average, Syria, SYR
10.2536, 2014, Dec Average, Syria, SYR
6.82314, 2015, Jan Average, Syria, SYR
9.31153, 2015, Feb Average, Syria, SYR
12.8468, 2015, Mar Average, Syria, SYR
16.1992, 2015, Apr Average, Syria, SYR
22.7883, 2015, May Average, Syria, SYR
26.0171, 2015, Jun Average, Syria, SYR
30.168, 2015, Jul Average, Syria, SYR
31.0469, 2015, Aug Average, Syria, SYR
28.065, 2015, Sep Average, Syria, SYR
21.608, 2015, Oct Average, Syria, SYR
13.8225, 2015, Nov Average, Syria, SYR
7.26136, 2015, Dec Average, Syria, SYR
6.20466, 2016, Jan Average, Syria, SYR
11.5363, 2016, Feb Average, Syria, SYR
13.8191, 2016, Mar Average, Syria, SYR
19.6743, 2016, Apr Average, Syria, SYR
22.5217, 2016, May Average, Syria, SYR
27.8254, 2016, Jun Average, Syria, SYR
30.1726, 2016, Jul Average, Syria, SYR
30.8267, 2016, Aug Average, Syria, SYR
25.3199, 2016, Sep Average, Syria, SYR
21.3489, 2016, Oct Average, Syria, SYR
12.8204, 2016, Nov Average, Syria, SYR
7.07958, 2016, Dec Average, Syria, SYR
