Temperature - (Celsius), Year, Statistics, Country, ISO3
-8.4776, 1901, Jan Average, China, CHN
-6.9409, 1901, Feb Average, China, CHN
0.74114, 1901, Mar Average, China, CHN
7.5113, 1901, Apr Average, China, CHN
12.5595, 1901, May Average, China, CHN
16.6915, 1901, Jun Average, China, CHN
19.105, 1901, Jul Average, China, CHN
18.3123, 1901, Aug Average, China, CHN
13.9078, 1901, Sep Average, China, CHN
6.69937, 1901, Oct Average, China, CHN
-0.162, 1901, Nov Average, China, CHN
-7.5248, 1901, Dec Average, China, CHN
-7.6428, 1902, Jan Average, China, CHN
-5.5134, 1902, Feb Average, China, CHN
1.03915, 1902, Mar Average, China, CHN
6.59469, 1902, Apr Average, China, CHN
12.4582, 1902, May Average, China, CHN
16.4749, 1902, Jun Average, China, CHN
18.5502, 1902, Jul Average, China, CHN
17.6549, 1902, Aug Average, China, CHN
13.855, 1902, Sep Average, China, CHN
7.36125, 1902, Oct Average, China, CHN
-0.2695, 1902, Nov Average, China, CHN
-6.5077, 1902, Dec Average, China, CHN
-8.5981, 1903, Jan Average, China, CHN
-5.4011, 1903, Feb Average, China, CHN
-0.2636, 1903, Mar Average, China, CHN
7.07574, 1903, Apr Average, China, CHN
12.1957, 1903, May Average, China, CHN
16.425, 1903, Jun Average, China, CHN
18.9447, 1903, Jul Average, China, CHN
17.9023, 1903, Aug Average, China, CHN
13.9546, 1903, Sep Average, China, CHN
6.88413, 1903, Oct Average, China, CHN
-1.3292, 1903, Nov Average, China, CHN
-7.5356, 1903, Dec Average, China, CHN
-9.474, 1904, Jan Average, China, CHN
-5.421, 1904, Feb Average, China, CHN
-0.6014, 1904, Mar Average, China, CHN
6.74305, 1904, Apr Average, China, CHN
12.4919, 1904, May Average, China, CHN
17.0918, 1904, Jun Average, China, CHN
18.7024, 1904, Jul Average, China, CHN
18.2163, 1904, Aug Average, China, CHN
13.7421, 1904, Sep Average, China, CHN
6.54352, 1904, Oct Average, China, CHN
-0.4848, 1904, Nov Average, China, CHN
-6.5707, 1904, Dec Average, China, CHN
-7.288, 1905, Jan Average, China, CHN
-7.9821, 1905, Feb Average, China, CHN
-2.056, 1905, Mar Average, China, CHN
5.23351, 1905, Apr Average, China, CHN
12.2351, 1905, May Average, China, CHN
17.0907, 1905, Jun Average, China, CHN
19.1794, 1905, Jul Average, China, CHN
17.8238, 1905, Aug Average, China, CHN
13.7463, 1905, Sep Average, China, CHN
7.32467, 1905, Oct Average, China, CHN
-0.6221, 1905, Nov Average, China, CHN
-6.5827, 1905, Dec Average, China, CHN
-9.4931, 1906, Jan Average, China, CHN
-8.0132, 1906, Feb Average, China, CHN
-0.2274, 1906, Mar Average, China, CHN
7.38155, 1906, Apr Average, China, CHN
12.6027, 1906, May Average, China, CHN
16.942, 1906, Jun Average, China, CHN
19.1162, 1906, Jul Average, China, CHN
18.1094, 1906, Aug Average, China, CHN
13.9041, 1906, Sep Average, China, CHN
7.31679, 1906, Oct Average, China, CHN
-2.0354, 1906, Nov Average, China, CHN
-5.7087, 1906, Dec Average, China, CHN
-7.3852, 1907, Jan Average, China, CHN
-7.3171, 1907, Feb Average, China, CHN
-0.8628, 1907, Mar Average, China, CHN
6.98806, 1907, Apr Average, China, CHN
12.5448, 1907, May Average, China, CHN
16.2262, 1907, Jun Average, China, CHN
18.421, 1907, Jul Average, China, CHN
18.621, 1907, Aug Average, China, CHN
13.669, 1907, Sep Average, China, CHN
7.49806, 1907, Oct Average, China, CHN
-1.3371, 1907, Nov Average, China, CHN
-7.1397, 1907, Dec Average, China, CHN
-8.8922, 1908, Jan Average, China, CHN
-6.8215, 1908, Feb Average, China, CHN
-0.8987, 1908, Mar Average, China, CHN
6.99386, 1908, Apr Average, China, CHN
12.6853, 1908, May Average, China, CHN
17.077, 1908, Jun Average, China, CHN
19.1395, 1908, Jul Average, China, CHN
18.549, 1908, Aug Average, China, CHN
13.7696, 1908, Sep Average, China, CHN
7.12731, 1908, Oct Average, China, CHN
-1.1746, 1908, Nov Average, China, CHN
-6.0347, 1908, Dec Average, China, CHN
-9.3601, 1909, Jan Average, China, CHN
-5.9505, 1909, Feb Average, China, CHN
-1.0853, 1909, Mar Average, China, CHN
7.1054, 1909, Apr Average, China, CHN
12.5951, 1909, May Average, China, CHN
16.1539, 1909, Jun Average, China, CHN
19.2, 1909, Jul Average, China, CHN
18.7001, 1909, Aug Average, China, CHN
13.9807, 1909, Sep Average, China, CHN
6.99626, 1909, Oct Average, China, CHN
0.57629, 1909, Nov Average, China, CHN
-7.1171, 1909, Dec Average, China, CHN
-9.0037, 1910, Jan Average, China, CHN
-6.5631, 1910, Feb Average, China, CHN
-1.1611, 1910, Mar Average, China, CHN
6.42657, 1910, Apr Average, China, CHN
12.8033, 1910, May Average, China, CHN
16.3105, 1910, Jun Average, China, CHN
19.1567, 1910, Jul Average, China, CHN
18.38, 1910, Aug Average, China, CHN
13.2981, 1910, Sep Average, China, CHN
7.21336, 1910, Oct Average, China, CHN
-1.6258, 1910, Nov Average, China, CHN
-8.4542, 1910, Dec Average, China, CHN
-8.9653, 1911, Jan Average, China, CHN
-6.3444, 1911, Feb Average, China, CHN
-1.0161, 1911, Mar Average, China, CHN
7.22421, 1911, Apr Average, China, CHN
12.4861, 1911, May Average, China, CHN
16.6105, 1911, Jun Average, China, CHN
18.7147, 1911, Jul Average, China, CHN
17.9431, 1911, Aug Average, China, CHN
13.9544, 1911, Sep Average, China, CHN
6.59032, 1911, Oct Average, China, CHN
-0.7923, 1911, Nov Average, China, CHN
-7.9137, 1911, Dec Average, China, CHN
-8.4944, 1912, Jan Average, China, CHN
-4.3925, 1912, Feb Average, China, CHN
-0.8788, 1912, Mar Average, China, CHN
7.44611, 1912, Apr Average, China, CHN
12.8178, 1912, May Average, China, CHN
17.0831, 1912, Jun Average, China, CHN
19.0607, 1912, Jul Average, China, CHN
17.7874, 1912, Aug Average, China, CHN
12.5719, 1912, Sep Average, China, CHN
6.24063, 1912, Oct Average, China, CHN
-2.4509, 1912, Nov Average, China, CHN
-8.2225, 1912, Dec Average, China, CHN
-8.9856, 1913, Jan Average, China, CHN
-6.2385, 1913, Feb Average, China, CHN
-1.2159, 1913, Mar Average, China, CHN
6.37743, 1913, Apr Average, China, CHN
12.2066, 1913, May Average, China, CHN
16.3376, 1913, Jun Average, China, CHN
18.6581, 1913, Jul Average, China, CHN
18.165, 1913, Aug Average, China, CHN
13.5719, 1913, Sep Average, China, CHN
7.33375, 1913, Oct Average, China, CHN
-1.1305, 1913, Nov Average, China, CHN
-7.2045, 1913, Dec Average, China, CHN
-6.6299, 1914, Jan Average, China, CHN
-4.9589, 1914, Feb Average, China, CHN
0.20741, 1914, Mar Average, China, CHN
7.20507, 1914, Apr Average, China, CHN
12.8971, 1914, May Average, China, CHN
17.4141, 1914, Jun Average, China, CHN
19.482, 1914, Jul Average, China, CHN
18.315, 1914, Aug Average, China, CHN
13.7227, 1914, Sep Average, China, CHN
7.12522, 1914, Oct Average, China, CHN
-1.5901, 1914, Nov Average, China, CHN
-7.3269, 1914, Dec Average, China, CHN
-9.7671, 1915, Jan Average, China, CHN
-6.9629, 1915, Feb Average, China, CHN
-0.9571, 1915, Mar Average, China, CHN
6.50059, 1915, Apr Average, China, CHN
12.7169, 1915, May Average, China, CHN
16.7562, 1915, Jun Average, China, CHN
19.0034, 1915, Jul Average, China, CHN
18.1989, 1915, Aug Average, China, CHN
13.6893, 1915, Sep Average, China, CHN
7.63939, 1915, Oct Average, China, CHN
0.31023, 1915, Nov Average, China, CHN
-5.391, 1915, Dec Average, China, CHN
-8.3527, 1916, Jan Average, China, CHN
-6.445, 1916, Feb Average, China, CHN
-0.9587, 1916, Mar Average, China, CHN
6.87756, 1916, Apr Average, China, CHN
13.0488, 1916, May Average, China, CHN
16.8915, 1916, Jun Average, China, CHN
19.1915, 1916, Jul Average, China, CHN
19.0793, 1916, Aug Average, China, CHN
13.9008, 1916, Sep Average, China, CHN
7.15169, 1916, Oct Average, China, CHN
-1.0932, 1916, Nov Average, China, CHN
-8.2369, 1916, Dec Average, China, CHN
-10.115, 1917, Jan Average, China, CHN
-5.8231, 1917, Feb Average, China, CHN
-0.5625, 1917, Mar Average, China, CHN
6.56655, 1917, Apr Average, China, CHN
12.8825, 1917, May Average, China, CHN
17.2588, 1917, Jun Average, China, CHN
19.5295, 1917, Jul Average, China, CHN
18.9093, 1917, Aug Average, China, CHN
13.9542, 1917, Sep Average, China, CHN
7.05763, 1917, Oct Average, China, CHN
-1.4778, 1917, Nov Average, China, CHN
-8.7995, 1917, Dec Average, China, CHN
-9.537, 1918, Jan Average, China, CHN
-5.9336, 1918, Feb Average, China, CHN
0.41441, 1918, Mar Average, China, CHN
6.80238, 1918, Apr Average, China, CHN
12.768, 1918, May Average, China, CHN
16.573, 1918, Jun Average, China, CHN
19.1168, 1918, Jul Average, China, CHN
18.354, 1918, Aug Average, China, CHN
13.723, 1918, Sep Average, China, CHN
7.25043, 1918, Oct Average, China, CHN
-1.9574, 1918, Nov Average, China, CHN
-8.9145, 1918, Dec Average, China, CHN
-10.765, 1919, Jan Average, China, CHN
-5.9064, 1919, Feb Average, China, CHN
0.38792, 1919, Mar Average, China, CHN
7.41375, 1919, Apr Average, China, CHN
13.0681, 1919, May Average, China, CHN
17.0842, 1919, Jun Average, China, CHN
19.5403, 1919, Jul Average, China, CHN
19.3744, 1919, Aug Average, China, CHN
13.5238, 1919, Sep Average, China, CHN
7.23244, 1919, Oct Average, China, CHN
-0.9019, 1919, Nov Average, China, CHN
-7.2599, 1919, Dec Average, China, CHN
-7.693, 1920, Jan Average, China, CHN
-8.4011, 1920, Feb Average, China, CHN
-0.2868, 1920, Mar Average, China, CHN
7.05462, 1920, Apr Average, China, CHN
12.817, 1920, May Average, China, CHN
16.7115, 1920, Jun Average, China, CHN
19.9671, 1920, Jul Average, China, CHN
18.346, 1920, Aug Average, China, CHN
13.7308, 1920, Sep Average, China, CHN
7.86467, 1920, Oct Average, China, CHN
-0.6082, 1920, Nov Average, China, CHN
-7.5199, 1920, Dec Average, China, CHN
-8.5659, 1921, Jan Average, China, CHN
-5.9524, 1921, Feb Average, China, CHN
-0.1575, 1921, Mar Average, China, CHN
7.34434, 1921, Apr Average, China, CHN
12.865, 1921, May Average, China, CHN
16.6678, 1921, Jun Average, China, CHN
19.6709, 1921, Jul Average, China, CHN
18.5377, 1921, Aug Average, China, CHN
13.7396, 1921, Sep Average, China, CHN
7.01015, 1921, Oct Average, China, CHN
-1.2175, 1921, Nov Average, China, CHN
-6.6987, 1921, Dec Average, China, CHN
-10.316, 1922, Jan Average, China, CHN
-4.8093, 1922, Feb Average, China, CHN
0.25467, 1922, Mar Average, China, CHN
8.1529, 1922, Apr Average, China, CHN
13.016, 1922, May Average, China, CHN
17.3861, 1922, Jun Average, China, CHN
19.649, 1922, Jul Average, China, CHN
18.6351, 1922, Aug Average, China, CHN
13.9993, 1922, Sep Average, China, CHN
7.75289, 1922, Oct Average, China, CHN
-1.4384, 1922, Nov Average, China, CHN
-6.6822, 1922, Dec Average, China, CHN
-9.1758, 1923, Jan Average, China, CHN
-6.7581, 1923, Feb Average, China, CHN
1.58165, 1923, Mar Average, China, CHN
7.30683, 1923, Apr Average, China, CHN
13.1586, 1923, May Average, China, CHN
17.1274, 1923, Jun Average, China, CHN
19.2585, 1923, Jul Average, China, CHN
19.3605, 1923, Aug Average, China, CHN
13.6673, 1923, Sep Average, China, CHN
7.23704, 1923, Oct Average, China, CHN
-0.4229, 1923, Nov Average, China, CHN
-6.6336, 1923, Dec Average, China, CHN
-8.3579, 1924, Jan Average, China, CHN
-6.6465, 1924, Feb Average, China, CHN
-0.7487, 1924, Mar Average, China, CHN
7.74042, 1924, Apr Average, China, CHN
12.6993, 1924, May Average, China, CHN
17.545, 1924, Jun Average, China, CHN
19.7872, 1924, Jul Average, China, CHN
19.2194, 1924, Aug Average, China, CHN
14.2159, 1924, Sep Average, China, CHN
7.25428, 1924, Oct Average, China, CHN
-0.7839, 1924, Nov Average, China, CHN
-6.3618, 1924, Dec Average, China, CHN
-9.2774, 1925, Jan Average, China, CHN
-7.4841, 1925, Feb Average, China, CHN
0.08447, 1925, Mar Average, China, CHN
6.88898, 1925, Apr Average, China, CHN
12.6758, 1925, May Average, China, CHN
17.2904, 1925, Jun Average, China, CHN
19.4482, 1925, Jul Average, China, CHN
18.475, 1925, Aug Average, China, CHN
14.2894, 1925, Sep Average, China, CHN
8.04807, 1925, Oct Average, China, CHN
0.42642, 1925, Nov Average, China, CHN
-6.1993, 1925, Dec Average, China, CHN
-8.0131, 1926, Jan Average, China, CHN
-5.3373, 1926, Feb Average, China, CHN
0.93422, 1926, Mar Average, China, CHN
6.97259, 1926, Apr Average, China, CHN
13.2821, 1926, May Average, China, CHN
17.0188, 1926, Jun Average, China, CHN
19.4681, 1926, Jul Average, China, CHN
19.1493, 1926, Aug Average, China, CHN
14.6184, 1926, Sep Average, China, CHN
6.81231, 1926, Oct Average, China, CHN
-0.8913, 1926, Nov Average, China, CHN
-7.747, 1926, Dec Average, China, CHN
-9.262, 1927, Jan Average, China, CHN
-6.8714, 1927, Feb Average, China, CHN
-1.1793, 1927, Mar Average, China, CHN
7.46233, 1927, Apr Average, China, CHN
12.6581, 1927, May Average, China, CHN
17.2362, 1927, Jun Average, China, CHN
20.2845, 1927, Jul Average, China, CHN
18.9314, 1927, Aug Average, China, CHN
14.3563, 1927, Sep Average, China, CHN
7.829, 1927, Oct Average, China, CHN
0.15394, 1927, Nov Average, China, CHN
-6.3733, 1927, Dec Average, China, CHN
-8.7434, 1928, Jan Average, China, CHN
-5.6496, 1928, Feb Average, China, CHN
0.43561, 1928, Mar Average, China, CHN
7.96474, 1928, Apr Average, China, CHN
13.5288, 1928, May Average, China, CHN
17.1122, 1928, Jun Average, China, CHN
19.8363, 1928, Jul Average, China, CHN
18.6274, 1928, Aug Average, China, CHN
13.9592, 1928, Sep Average, China, CHN
7.19017, 1928, Oct Average, China, CHN
-1.1154, 1928, Nov Average, China, CHN
-7.9203, 1928, Dec Average, China, CHN
-9.7811, 1929, Jan Average, China, CHN
-7.0732, 1929, Feb Average, China, CHN
1.32807, 1929, Mar Average, China, CHN
8.19688, 1929, Apr Average, China, CHN
13.1327, 1929, May Average, China, CHN
17.4857, 1929, Jun Average, China, CHN
19.533, 1929, Jul Average, China, CHN
18.5813, 1929, Aug Average, China, CHN
13.9899, 1929, Sep Average, China, CHN
6.94482, 1929, Oct Average, China, CHN
-1.0047, 1929, Nov Average, China, CHN
-9.2315, 1929, Dec Average, China, CHN
-11.013, 1930, Jan Average, China, CHN
-5.5189, 1930, Feb Average, China, CHN
0.94183, 1930, Mar Average, China, CHN
7.09473, 1930, Apr Average, China, CHN
13.313, 1930, May Average, China, CHN
17.0392, 1930, Jun Average, China, CHN
20.3431, 1930, Jul Average, China, CHN
18.5507, 1930, Aug Average, China, CHN
13.6524, 1930, Sep Average, China, CHN
7.27084, 1930, Oct Average, China, CHN
-1.1075, 1930, Nov Average, China, CHN
-7.1785, 1930, Dec Average, China, CHN
-9.6352, 1931, Jan Average, China, CHN
-8.5399, 1931, Feb Average, China, CHN
0.69371, 1931, Mar Average, China, CHN
7.18411, 1931, Apr Average, China, CHN
12.3759, 1931, May Average, China, CHN
17.2815, 1931, Jun Average, China, CHN
18.9527, 1931, Jul Average, China, CHN
19.2805, 1931, Aug Average, China, CHN
14.2975, 1931, Sep Average, China, CHN
7.76583, 1931, Oct Average, China, CHN
-0.4247, 1931, Nov Average, China, CHN
-6.7421, 1931, Dec Average, China, CHN
-6.7448, 1932, Jan Average, China, CHN
-7.0007, 1932, Feb Average, China, CHN
0.51902, 1932, Mar Average, China, CHN
8.03976, 1932, Apr Average, China, CHN
13.0525, 1932, May Average, China, CHN
17.3769, 1932, Jun Average, China, CHN
20.2053, 1932, Jul Average, China, CHN
18.2247, 1932, Aug Average, China, CHN
14.2072, 1932, Sep Average, China, CHN
7.56278, 1932, Oct Average, China, CHN
-0.0789, 1932, Nov Average, China, CHN
-6.7201, 1932, Dec Average, China, CHN
-10.806, 1933, Jan Average, China, CHN
-6.2341, 1933, Feb Average, China, CHN
-0.5122, 1933, Mar Average, China, CHN
7.53249, 1933, Apr Average, China, CHN
13.2911, 1933, May Average, China, CHN
17.2883, 1933, Jun Average, China, CHN
19.9433, 1933, Jul Average, China, CHN
19.249, 1933, Aug Average, China, CHN
14.4804, 1933, Sep Average, China, CHN
6.92926, 1933, Oct Average, China, CHN
-0.4301, 1933, Nov Average, China, CHN
-5.4491, 1933, Dec Average, China, CHN
-10.652, 1934, Jan Average, China, CHN
-4.8101, 1934, Feb Average, China, CHN
-0.678, 1934, Mar Average, China, CHN
5.89385, 1934, Apr Average, China, CHN
13.4067, 1934, May Average, China, CHN
17.0807, 1934, Jun Average, China, CHN
19.4996, 1934, Jul Average, China, CHN
18.3989, 1934, Aug Average, China, CHN
13.8951, 1934, Sep Average, China, CHN
6.38404, 1934, Oct Average, China, CHN
-1.5173, 1934, Nov Average, China, CHN
-5.2248, 1934, Dec Average, China, CHN
-9.0685, 1935, Jan Average, China, CHN
-3.9278, 1935, Feb Average, China, CHN
1.65137, 1935, Mar Average, China, CHN
6.79354, 1935, Apr Average, China, CHN
13.0179, 1935, May Average, China, CHN
17.3518, 1935, Jun Average, China, CHN
19.7474, 1935, Jul Average, China, CHN
19.0673, 1935, Aug Average, China, CHN
14.4252, 1935, Sep Average, China, CHN
8.87423, 1935, Oct Average, China, CHN
-1.5416, 1935, Nov Average, China, CHN
-9.8316, 1935, Dec Average, China, CHN
-10.685, 1936, Jan Average, China, CHN
-6.9745, 1936, Feb Average, China, CHN
-1.968, 1936, Mar Average, China, CHN
6.75426, 1936, Apr Average, China, CHN
12.5539, 1936, May Average, China, CHN
17.1316, 1936, Jun Average, China, CHN
19.5584, 1936, Jul Average, China, CHN
18.203, 1936, Aug Average, China, CHN
14.3924, 1936, Sep Average, China, CHN
8.30305, 1936, Oct Average, China, CHN
-0.2514, 1936, Nov Average, China, CHN
-7.1887, 1936, Dec Average, China, CHN
-9.3239, 1937, Jan Average, China, CHN
-5.4162, 1937, Feb Average, China, CHN
-0.8602, 1937, Mar Average, China, CHN
6.95409, 1937, Apr Average, China, CHN
12.9913, 1937, May Average, China, CHN
16.9832, 1937, Jun Average, China, CHN
19.5726, 1937, Jul Average, China, CHN
18.8235, 1937, Aug Average, China, CHN
14.2896, 1937, Sep Average, China, CHN
7.9252, 1937, Oct Average, China, CHN
-1.8947, 1937, Nov Average, China, CHN
-7.2085, 1937, Dec Average, China, CHN
-9.5608, 1938, Jan Average, China, CHN
-6.1932, 1938, Feb Average, China, CHN
0.89403, 1938, Mar Average, China, CHN
9.09217, 1938, Apr Average, China, CHN
13.6918, 1938, May Average, China, CHN
16.9315, 1938, Jun Average, China, CHN
19.9916, 1938, Jul Average, China, CHN
18.899, 1938, Aug Average, China, CHN
13.7683, 1938, Sep Average, China, CHN
8.2002, 1938, Oct Average, China, CHN
-0.287, 1938, Nov Average, China, CHN
-7.3962, 1938, Dec Average, China, CHN
-8.7933, 1939, Jan Average, China, CHN
-5.0241, 1939, Feb Average, China, CHN
0.2117, 1939, Mar Average, China, CHN
6.97241, 1939, Apr Average, China, CHN
13.4728, 1939, May Average, China, CHN
17.0817, 1939, Jun Average, China, CHN
20.1934, 1939, Jul Average, China, CHN
19.6099, 1939, Aug Average, China, CHN
14.186, 1939, Sep Average, China, CHN
7.66397, 1939, Oct Average, China, CHN
-0.8871, 1939, Nov Average, China, CHN
-5.7227, 1939, Dec Average, China, CHN
-8.2942, 1940, Jan Average, China, CHN
-5.3691, 1940, Feb Average, China, CHN
0.75719, 1940, Mar Average, China, CHN
7.24717, 1940, Apr Average, China, CHN
12.866, 1940, May Average, China, CHN
17.4579, 1940, Jun Average, China, CHN
19.8937, 1940, Jul Average, China, CHN
17.7283, 1940, Aug Average, China, CHN
13.8877, 1940, Sep Average, China, CHN
8.31691, 1940, Oct Average, China, CHN
-0.599, 1940, Nov Average, China, CHN
-4.7568, 1940, Dec Average, China, CHN
-7.4824, 1941, Jan Average, China, CHN
-5.2394, 1941, Feb Average, China, CHN
0.96898, 1941, Mar Average, China, CHN
7.89008, 1941, Apr Average, China, CHN
13.2817, 1941, May Average, China, CHN
17.9401, 1941, Jun Average, China, CHN
19.8984, 1941, Jul Average, China, CHN
18.9836, 1941, Aug Average, China, CHN
14.1113, 1941, Sep Average, China, CHN
8.26546, 1941, Oct Average, China, CHN
-0.22, 1941, Nov Average, China, CHN
-5.5264, 1941, Dec Average, China, CHN
-7.9654, 1942, Jan Average, China, CHN
-7.4497, 1942, Feb Average, China, CHN
2.47076, 1942, Mar Average, China, CHN
7.60219, 1942, Apr Average, China, CHN
12.3883, 1942, May Average, China, CHN
17.8194, 1942, Jun Average, China, CHN
19.9619, 1942, Jul Average, China, CHN
18.7217, 1942, Aug Average, China, CHN
14.2642, 1942, Sep Average, China, CHN
7.93538, 1942, Oct Average, China, CHN
0.41444, 1942, Nov Average, China, CHN
-6.6641, 1942, Dec Average, China, CHN
-9.0161, 1943, Jan Average, China, CHN
-5.6512, 1943, Feb Average, China, CHN
0.91725, 1943, Mar Average, China, CHN
7.18932, 1943, Apr Average, China, CHN
13.7285, 1943, May Average, China, CHN
17.0598, 1943, Jun Average, China, CHN
20.1815, 1943, Jul Average, China, CHN
18.9946, 1943, Aug Average, China, CHN
14.4058, 1943, Sep Average, China, CHN
7.79072, 1943, Oct Average, China, CHN
-0.9497, 1943, Nov Average, China, CHN
-5.9908, 1943, Dec Average, China, CHN
-8.7057, 1944, Jan Average, China, CHN
-6.3375, 1944, Feb Average, China, CHN
1.57646, 1944, Mar Average, China, CHN
7.3798, 1944, Apr Average, China, CHN
13.1392, 1944, May Average, China, CHN
17.689, 1944, Jun Average, China, CHN
20.5494, 1944, Jul Average, China, CHN
18.8749, 1944, Aug Average, China, CHN
14.5049, 1944, Sep Average, China, CHN
7.31315, 1944, Oct Average, China, CHN
-1.4733, 1944, Nov Average, China, CHN
-10.154, 1944, Dec Average, China, CHN
-10.334, 1945, Jan Average, China, CHN
-9.1737, 1945, Feb Average, China, CHN
-0.3858, 1945, Mar Average, China, CHN
8.90944, 1945, Apr Average, China, CHN
13.3953, 1945, May Average, China, CHN
17.9334, 1945, Jun Average, China, CHN
19.7395, 1945, Jul Average, China, CHN
19.1687, 1945, Aug Average, China, CHN
15.046, 1945, Sep Average, China, CHN
8.08539, 1945, Oct Average, China, CHN
0.97647, 1945, Nov Average, China, CHN
-6.9661, 1945, Dec Average, China, CHN
-7.1034, 1946, Jan Average, China, CHN
-3.373, 1946, Feb Average, China, CHN
-0.8939, 1946, Mar Average, China, CHN
9.15984, 1946, Apr Average, China, CHN
12.8325, 1946, May Average, China, CHN
17.7139, 1946, Jun Average, China, CHN
20.0008, 1946, Jul Average, China, CHN
19.3024, 1946, Aug Average, China, CHN
14.3786, 1946, Sep Average, China, CHN
8.45853, 1946, Oct Average, China, CHN
0.15014, 1946, Nov Average, China, CHN
-7.7879, 1946, Dec Average, China, CHN
-9.2015, 1947, Jan Average, China, CHN
-6.8707, 1947, Feb Average, China, CHN
0.60777, 1947, Mar Average, China, CHN
8.46627, 1947, Apr Average, China, CHN
13.6931, 1947, May Average, China, CHN
17.2037, 1947, Jun Average, China, CHN
19.8554, 1947, Jul Average, China, CHN
18.5582, 1947, Aug Average, China, CHN
14.5032, 1947, Sep Average, China, CHN
6.92706, 1947, Oct Average, China, CHN
-0.5225, 1947, Nov Average, China, CHN
-8.2508, 1947, Dec Average, China, CHN
-8.1512, 1948, Jan Average, China, CHN
-5.69, 1948, Feb Average, China, CHN
1.30161, 1948, Mar Average, China, CHN
8.9874, 1948, Apr Average, China, CHN
12.322, 1948, May Average, China, CHN
17.515, 1948, Jun Average, China, CHN
20.0641, 1948, Jul Average, China, CHN
19.1415, 1948, Aug Average, China, CHN
14.4559, 1948, Sep Average, China, CHN
7.3367, 1948, Oct Average, China, CHN
-1.2205, 1948, Nov Average, China, CHN
-5.3453, 1948, Dec Average, China, CHN
-7.5407, 1949, Jan Average, China, CHN
-4.292, 1949, Feb Average, China, CHN
-0.2373, 1949, Mar Average, China, CHN
7.45604, 1949, Apr Average, China, CHN
13.4687, 1949, May Average, China, CHN
17.1966, 1949, Jun Average, China, CHN
19.6321, 1949, Jul Average, China, CHN
18.6805, 1949, Aug Average, China, CHN
14.0234, 1949, Sep Average, China, CHN
7.97323, 1949, Oct Average, China, CHN
-1.2346, 1949, Nov Average, China, CHN
-8.4075, 1949, Dec Average, China, CHN
-7.1574, 1950, Jan Average, China, CHN
-6.7744, 1950, Feb Average, China, CHN
1.00031, 1950, Mar Average, China, CHN
7.04396, 1950, Apr Average, China, CHN
13.5551, 1950, May Average, China, CHN
16.8947, 1950, Jun Average, China, CHN
20.0813, 1950, Jul Average, China, CHN
18.8009, 1950, Aug Average, China, CHN
13.7412, 1950, Sep Average, China, CHN
6.85591, 1950, Oct Average, China, CHN
-2.4185, 1950, Nov Average, China, CHN
-8.6004, 1950, Dec Average, China, CHN
-9.9011, 1951, Jan Average, China, CHN
-7.1856, 1951, Feb Average, China, CHN
-1.3073, 1951, Mar Average, China, CHN
6.03658, 1951, Apr Average, China, CHN
13.8088, 1951, May Average, China, CHN
17.2879, 1951, Jun Average, China, CHN
19.3517, 1951, Jul Average, China, CHN
19.1082, 1951, Aug Average, China, CHN
13.6154, 1951, Sep Average, China, CHN
8.40271, 1951, Oct Average, China, CHN
-0.4229, 1951, Nov Average, China, CHN
-4.7418, 1951, Dec Average, China, CHN
-7.8714, 1952, Jan Average, China, CHN
-7.0711, 1952, Feb Average, China, CHN
-0.2374, 1952, Mar Average, China, CHN
8.04069, 1952, Apr Average, China, CHN
13.2018, 1952, May Average, China, CHN
17.4782, 1952, Jun Average, China, CHN
19.8582, 1952, Jul Average, China, CHN
18.2651, 1952, Aug Average, China, CHN
14.2715, 1952, Sep Average, China, CHN
6.71438, 1952, Oct Average, China, CHN
-1.4598, 1952, Nov Average, China, CHN
-9.0003, 1952, Dec Average, China, CHN
-9.2952, 1953, Jan Average, China, CHN
-5.3514, 1953, Feb Average, China, CHN
1.63783, 1953, Mar Average, China, CHN
6.76339, 1953, Apr Average, China, CHN
13.328, 1953, May Average, China, CHN
17.7117, 1953, Jun Average, China, CHN
20.0735, 1953, Jul Average, China, CHN
19.1344, 1953, Aug Average, China, CHN
14.2751, 1953, Sep Average, China, CHN
7.84221, 1953, Oct Average, China, CHN
-1.1653, 1953, Nov Average, China, CHN
-6.6229, 1953, Dec Average, China, CHN
-9.1002, 1954, Jan Average, China, CHN
-5.4105, 1954, Feb Average, China, CHN
-0.9396, 1954, Mar Average, China, CHN
7.83615, 1954, Apr Average, China, CHN
12.1111, 1954, May Average, China, CHN
16.6174, 1954, Jun Average, China, CHN
18.9946, 1954, Jul Average, China, CHN
18.6305, 1954, Aug Average, China, CHN
14.344, 1954, Sep Average, China, CHN
6.84067, 1954, Oct Average, China, CHN
0.0982, 1954, Nov Average, China, CHN
-10.134, 1954, Dec Average, China, CHN
-10.582, 1955, Jan Average, China, CHN
-5.6525, 1955, Feb Average, China, CHN
-0.435, 1955, Mar Average, China, CHN
6.34339, 1955, Apr Average, China, CHN
12.9425, 1955, May Average, China, CHN
17.3131, 1955, Jun Average, China, CHN
19.5056, 1955, Jul Average, China, CHN
19.045, 1955, Aug Average, China, CHN
14.5167, 1955, Sep Average, China, CHN
7.23717, 1955, Oct Average, China, CHN
-0.6403, 1955, Nov Average, China, CHN
-4.7507, 1955, Dec Average, China, CHN
-10.339, 1956, Jan Average, China, CHN
-6.5043, 1956, Feb Average, China, CHN
-0.2477, 1956, Mar Average, China, CHN
7.93075, 1956, Apr Average, China, CHN
12.6485, 1956, May Average, China, CHN
16.8567, 1956, Jun Average, China, CHN
19.4815, 1956, Jul Average, China, CHN
18.0959, 1956, Aug Average, China, CHN
14.2994, 1956, Sep Average, China, CHN
7.07078, 1956, Oct Average, China, CHN
-2.0167, 1956, Nov Average, China, CHN
-8.4157, 1956, Dec Average, China, CHN
-9.0891, 1957, Jan Average, China, CHN
-8.9959, 1957, Feb Average, China, CHN
-0.7888, 1957, Mar Average, China, CHN
7.12559, 1957, Apr Average, China, CHN
11.9612, 1957, May Average, China, CHN
16.8154, 1957, Jun Average, China, CHN
19.2075, 1957, Jul Average, China, CHN
18.2114, 1957, Aug Average, China, CHN
13.1258, 1957, Sep Average, China, CHN
6.64899, 1957, Oct Average, China, CHN
0.54155, 1957, Nov Average, China, CHN
-5.5112, 1957, Dec Average, China, CHN
-8.9526, 1958, Jan Average, China, CHN
-5.9517, 1958, Feb Average, China, CHN
0.83239, 1958, Mar Average, China, CHN
8.06964, 1958, Apr Average, China, CHN
12.4067, 1958, May Average, China, CHN
17.23, 1958, Jun Average, China, CHN
19.939, 1958, Jul Average, China, CHN
17.7542, 1958, Aug Average, China, CHN
14.2199, 1958, Sep Average, China, CHN
6.77015, 1958, Oct Average, China, CHN
-0.2173, 1958, Nov Average, China, CHN
-4.6923, 1958, Dec Average, China, CHN
-9.0175, 1959, Jan Average, China, CHN
-5.5032, 1959, Feb Average, China, CHN
1.35338, 1959, Mar Average, China, CHN
8.30058, 1959, Apr Average, China, CHN
12.145, 1959, May Average, China, CHN
16.8572, 1959, Jun Average, China, CHN
19.7611, 1959, Jul Average, China, CHN
18.8868, 1959, Aug Average, China, CHN
14.2346, 1959, Sep Average, China, CHN
8.10138, 1959, Oct Average, China, CHN
-1.4609, 1959, Nov Average, China, CHN
-6.7414, 1959, Dec Average, China, CHN
-9.2497, 1960, Jan Average, China, CHN
-3.5594, 1960, Feb Average, China, CHN
0.90837, 1960, Mar Average, China, CHN
6.52109, 1960, Apr Average, China, CHN
12.0123, 1960, May Average, China, CHN
17.2537, 1960, Jun Average, China, CHN
19.5542, 1960, Jul Average, China, CHN
18.6289, 1960, Aug Average, China, CHN
14.4497, 1960, Sep Average, China, CHN
6.76394, 1960, Oct Average, China, CHN
-1.0719, 1960, Nov Average, China, CHN
-7.2649, 1960, Dec Average, China, CHN
-8.9863, 1961, Jan Average, China, CHN
-5.8511, 1961, Feb Average, China, CHN
0.65124, 1961, Mar Average, China, CHN
8.44423, 1961, Apr Average, China, CHN
12.8587, 1961, May Average, China, CHN
17.7942, 1961, Jun Average, China, CHN
19.9692, 1961, Jul Average, China, CHN
18.5865, 1961, Aug Average, China, CHN
14.0901, 1961, Sep Average, China, CHN
7.26981, 1961, Oct Average, China, CHN
-0.0938, 1961, Nov Average, China, CHN
-7.0976, 1961, Dec Average, China, CHN
-9.3311, 1962, Jan Average, China, CHN
-5.1364, 1962, Feb Average, China, CHN
-0.083, 1962, Mar Average, China, CHN
6.99097, 1962, Apr Average, China, CHN
12.9599, 1962, May Average, China, CHN
17.0661, 1962, Jun Average, China, CHN
19.7165, 1962, Jul Average, China, CHN
18.5478, 1962, Aug Average, China, CHN
14.2668, 1962, Sep Average, China, CHN
7.14313, 1962, Oct Average, China, CHN
-1.8258, 1962, Nov Average, China, CHN
-6.331, 1962, Dec Average, China, CHN
-9.5469, 1963, Jan Average, China, CHN
-5.4424, 1963, Feb Average, China, CHN
1.74298, 1963, Mar Average, China, CHN
6.91957, 1963, Apr Average, China, CHN
13.4731, 1963, May Average, China, CHN
17.0433, 1963, Jun Average, China, CHN
19.4417, 1963, Jul Average, China, CHN
18.8807, 1963, Aug Average, China, CHN
14.3273, 1963, Sep Average, China, CHN
7.0424, 1963, Oct Average, China, CHN
-0.1879, 1963, Nov Average, China, CHN
-6.6137, 1963, Dec Average, China, CHN
-8.7225, 1964, Jan Average, China, CHN
-8.8843, 1964, Feb Average, China, CHN
0.71378, 1964, Mar Average, China, CHN
8.4706, 1964, Apr Average, China, CHN
12.8326, 1964, May Average, China, CHN
16.6306, 1964, Jun Average, China, CHN
19.1949, 1964, Jul Average, China, CHN
18.5855, 1964, Aug Average, China, CHN
13.825, 1964, Sep Average, China, CHN
7.30177, 1964, Oct Average, China, CHN
-0.3577, 1964, Nov Average, China, CHN
-6.8968, 1964, Dec Average, China, CHN
-7.8405, 1965, Jan Average, China, CHN
-6.0055, 1965, Feb Average, China, CHN
-0.4051, 1965, Mar Average, China, CHN
7.12027, 1965, Apr Average, China, CHN
13.24, 1965, May Average, China, CHN
17.1951, 1965, Jun Average, China, CHN
19.2078, 1965, Jul Average, China, CHN
17.8315, 1965, Aug Average, China, CHN
13.5826, 1965, Sep Average, China, CHN
7.73884, 1965, Oct Average, China, CHN
-0.3812, 1965, Nov Average, China, CHN
-7.8575, 1965, Dec Average, China, CHN
-8.1246, 1966, Jan Average, China, CHN
-4.3329, 1966, Feb Average, China, CHN
0.94131, 1966, Mar Average, China, CHN
6.87355, 1966, Apr Average, China, CHN
12.788, 1966, May Average, China, CHN
17.1235, 1966, Jun Average, China, CHN
19.3095, 1966, Jul Average, China, CHN
19.0461, 1966, Aug Average, China, CHN
13.4872, 1966, Sep Average, China, CHN
7.1454, 1966, Oct Average, China, CHN
-1.2295, 1966, Nov Average, China, CHN
-8.107, 1966, Dec Average, China, CHN
-9.4485, 1967, Jan Average, China, CHN
-6.721, 1967, Feb Average, China, CHN
0.31989, 1967, Mar Average, China, CHN
7.24837, 1967, Apr Average, China, CHN
13.9474, 1967, May Average, China, CHN
16.8732, 1967, Jun Average, China, CHN
19.4921, 1967, Jul Average, China, CHN
18.8829, 1967, Aug Average, China, CHN
13.3343, 1967, Sep Average, China, CHN
7.09258, 1967, Oct Average, China, CHN
-2.579, 1967, Nov Average, China, CHN
-8.7894, 1967, Dec Average, China, CHN
-9.0934, 1968, Jan Average, China, CHN
-8.4304, 1968, Feb Average, China, CHN
1.37812, 1968, Mar Average, China, CHN
7.32404, 1968, Apr Average, China, CHN
12.9285, 1968, May Average, China, CHN
17.1716, 1968, Jun Average, China, CHN
19.4321, 1968, Jul Average, China, CHN
17.8501, 1968, Aug Average, China, CHN
13.5683, 1968, Sep Average, China, CHN
6.39748, 1968, Oct Average, China, CHN
-0.0859, 1968, Nov Average, China, CHN
-5.2933, 1968, Dec Average, China, CHN
-10.046, 1969, Jan Average, China, CHN
-8.6971, 1969, Feb Average, China, CHN
0.22338, 1969, Mar Average, China, CHN
7.44053, 1969, Apr Average, China, CHN
13.4772, 1969, May Average, China, CHN
16.5366, 1969, Jun Average, China, CHN
19.2762, 1969, Jul Average, China, CHN
18.0509, 1969, Aug Average, China, CHN
13.6545, 1969, Sep Average, China, CHN
7.60354, 1969, Oct Average, China, CHN
-1.5009, 1969, Nov Average, China, CHN
-7.2216, 1969, Dec Average, China, CHN
-9.5065, 1970, Jan Average, China, CHN
-5.44, 1970, Feb Average, China, CHN
-2.214, 1970, Mar Average, China, CHN
7.054, 1970, Apr Average, China, CHN
13.2333, 1970, May Average, China, CHN
16.7364, 1970, Jun Average, China, CHN
19.3707, 1970, Jul Average, China, CHN
18.7266, 1970, Aug Average, China, CHN
13.6523, 1970, Sep Average, China, CHN
7.03344, 1970, Oct Average, China, CHN
-1.0443, 1970, Nov Average, China, CHN
-6.525, 1970, Dec Average, China, CHN
-8.9044, 1971, Jan Average, China, CHN
-6.4119, 1971, Feb Average, China, CHN
-0.2036, 1971, Mar Average, China, CHN
7.83991, 1971, Apr Average, China, CHN
12.6221, 1971, May Average, China, CHN
17.0862, 1971, Jun Average, China, CHN
19.6408, 1971, Jul Average, China, CHN
18.2602, 1971, Aug Average, China, CHN
13.6643, 1971, Sep Average, China, CHN
7.171, 1971, Oct Average, China, CHN
0.22647, 1971, Nov Average, China, CHN
-5.9903, 1971, Dec Average, China, CHN
-7.5902, 1972, Jan Average, China, CHN
-8.0539, 1972, Feb Average, China, CHN
1.50466, 1972, Mar Average, China, CHN
7.14076, 1972, Apr Average, China, CHN
13.3517, 1972, May Average, China, CHN
17.2718, 1972, Jun Average, China, CHN
19.2848, 1972, Jul Average, China, CHN
18.4509, 1972, Aug Average, China, CHN
13.1472, 1972, Sep Average, China, CHN
6.77384, 1972, Oct Average, China, CHN
-0.7836, 1972, Nov Average, China, CHN
-6.4697, 1972, Dec Average, China, CHN
-7.8573, 1973, Jan Average, China, CHN
-4.5217, 1973, Feb Average, China, CHN
0.96964, 1973, Mar Average, China, CHN
8.32201, 1973, Apr Average, China, CHN
12.536, 1973, May Average, China, CHN
16.8546, 1973, Jun Average, China, CHN
19.4719, 1973, Jul Average, China, CHN
18.5589, 1973, Aug Average, China, CHN
14.1795, 1973, Sep Average, China, CHN
6.72233, 1973, Oct Average, China, CHN
-0.1274, 1973, Nov Average, China, CHN
-6.5287, 1973, Dec Average, China, CHN
-8.6056, 1974, Jan Average, China, CHN
-6.9331, 1974, Feb Average, China, CHN
-0.3618, 1974, Mar Average, China, CHN
8.39823, 1974, Apr Average, China, CHN
13.3569, 1974, May Average, China, CHN
16.8184, 1974, Jun Average, China, CHN
19.5199, 1974, Jul Average, China, CHN
18.2523, 1974, Aug Average, China, CHN
13.7077, 1974, Sep Average, China, CHN
6.94123, 1974, Oct Average, China, CHN
-0.1351, 1974, Nov Average, China, CHN
-8.4693, 1974, Dec Average, China, CHN
-7.8879, 1975, Jan Average, China, CHN
-5.3849, 1975, Feb Average, China, CHN
1.45064, 1975, Mar Average, China, CHN
7.92501, 1975, Apr Average, China, CHN
12.3404, 1975, May Average, China, CHN
17.3738, 1975, Jun Average, China, CHN
19.2636, 1975, Jul Average, China, CHN
19.0986, 1975, Aug Average, China, CHN
14.8365, 1975, Sep Average, China, CHN
8.11546, 1975, Oct Average, China, CHN
-0.4535, 1975, Nov Average, China, CHN
-8.1151, 1975, Dec Average, China, CHN
-7.8415, 1976, Jan Average, China, CHN
-4.0382, 1976, Feb Average, China, CHN
-0.4539, 1976, Mar Average, China, CHN
6.73996, 1976, Apr Average, China, CHN
12.839, 1976, May Average, China, CHN
16.3043, 1976, Jun Average, China, CHN
18.4485, 1976, Jul Average, China, CHN
17.6118, 1976, Aug Average, China, CHN
13.6566, 1976, Sep Average, China, CHN
7.05987, 1976, Oct Average, China, CHN
-2.412, 1976, Nov Average, China, CHN
-7.3251, 1976, Dec Average, China, CHN
-10.916, 1977, Jan Average, China, CHN
-6.9763, 1977, Feb Average, China, CHN
1.1728, 1977, Mar Average, China, CHN
7.73986, 1977, Apr Average, China, CHN
12.4355, 1977, May Average, China, CHN
16.9048, 1977, Jun Average, China, CHN
19.5674, 1977, Jul Average, China, CHN
18.5122, 1977, Aug Average, China, CHN
14.5624, 1977, Sep Average, China, CHN
7.97104, 1977, Oct Average, China, CHN
-0.3695, 1977, Nov Average, China, CHN
-5.8125, 1977, Dec Average, China, CHN
-9.5073, 1978, Jan Average, China, CHN
-6.9355, 1978, Feb Average, China, CHN
0.36254, 1978, Mar Average, China, CHN
8.30314, 1978, Apr Average, China, CHN
13.3615, 1978, May Average, China, CHN
17.6683, 1978, Jun Average, China, CHN
19.7089, 1978, Jul Average, China, CHN
18.6807, 1978, Aug Average, China, CHN
14.1091, 1978, Sep Average, China, CHN
7.14828, 1978, Oct Average, China, CHN
0.13838, 1978, Nov Average, China, CHN
-5.2014, 1978, Dec Average, China, CHN
-7.5079, 1979, Jan Average, China, CHN
-4.1265, 1979, Feb Average, China, CHN
0.10039, 1979, Mar Average, China, CHN
7.35517, 1979, Apr Average, China, CHN
12.898, 1979, May Average, China, CHN
17.3889, 1979, Jun Average, China, CHN
18.917, 1979, Jul Average, China, CHN
18.3889, 1979, Aug Average, China, CHN
13.1642, 1979, Sep Average, China, CHN
8.03354, 1979, Oct Average, China, CHN
-1.3559, 1979, Nov Average, China, CHN
-5.0843, 1979, Dec Average, China, CHN
-8.8241, 1980, Jan Average, China, CHN
-6.147, 1980, Feb Average, China, CHN
-0.1387, 1980, Mar Average, China, CHN
6.99211, 1980, Apr Average, China, CHN
13.2384, 1980, May Average, China, CHN
17.4077, 1980, Jun Average, China, CHN
19.5292, 1980, Jul Average, China, CHN
18.1708, 1980, Aug Average, China, CHN
13.6031, 1980, Sep Average, China, CHN
7.18503, 1980, Oct Average, China, CHN
1.78155, 1980, Nov Average, China, CHN
-6.051, 1980, Dec Average, China, CHN
-8.6677, 1981, Jan Average, China, CHN
-5.1727, 1981, Feb Average, China, CHN
1.75582, 1981, Mar Average, China, CHN
8.73347, 1981, Apr Average, China, CHN
13.1251, 1981, May Average, China, CHN
17.5832, 1981, Jun Average, China, CHN
20.1648, 1981, Jul Average, China, CHN
18.5375, 1981, Aug Average, China, CHN
13.8351, 1981, Sep Average, China, CHN
6.20428, 1981, Oct Average, China, CHN
-2.1048, 1981, Nov Average, China, CHN
-6.8554, 1981, Dec Average, China, CHN
-6.8782, 1982, Jan Average, China, CHN
-4.932, 1982, Feb Average, China, CHN
0.95759, 1982, Mar Average, China, CHN
7.6796, 1982, Apr Average, China, CHN
13.2745, 1982, May Average, China, CHN
16.9386, 1982, Jun Average, China, CHN
19.3834, 1982, Jul Average, China, CHN
18.6666, 1982, Aug Average, China, CHN
13.5567, 1982, Sep Average, China, CHN
8.36483, 1982, Oct Average, China, CHN
-0.3437, 1982, Nov Average, China, CHN
-6.811, 1982, Dec Average, China, CHN
-8.3031, 1983, Jan Average, China, CHN
-6.5459, 1983, Feb Average, China, CHN
0.46678, 1983, Mar Average, China, CHN
7.26684, 1983, Apr Average, China, CHN
13.2571, 1983, May Average, China, CHN
16.4157, 1983, Jun Average, China, CHN
18.9782, 1983, Jul Average, China, CHN
18.718, 1983, Aug Average, China, CHN
14.7234, 1983, Sep Average, China, CHN
7.75173, 1983, Oct Average, China, CHN
0.44477, 1983, Nov Average, China, CHN
-6.2858, 1983, Dec Average, China, CHN
-9.7148, 1984, Jan Average, China, CHN
-7.1731, 1984, Feb Average, China, CHN
0.14516, 1984, Mar Average, China, CHN
7.50901, 1984, Apr Average, China, CHN
13.2644, 1984, May Average, China, CHN
17.3472, 1984, Jun Average, China, CHN
19.0129, 1984, Jul Average, China, CHN
18.3933, 1984, Aug Average, China, CHN
13.4428, 1984, Sep Average, China, CHN
7.14736, 1984, Oct Average, China, CHN
0.07654, 1984, Nov Average, China, CHN
-7.6935, 1984, Dec Average, China, CHN
-8.8852, 1985, Jan Average, China, CHN
-5.6177, 1985, Feb Average, China, CHN
-0.7947, 1985, Mar Average, China, CHN
8.25197, 1985, Apr Average, China, CHN
13.3734, 1985, May Average, China, CHN
16.9473, 1985, Jun Average, China, CHN
19.1533, 1985, Jul Average, China, CHN
19.0356, 1985, Aug Average, China, CHN
13.279, 1985, Sep Average, China, CHN
7.71104, 1985, Oct Average, China, CHN
-0.9324, 1985, Nov Average, China, CHN
-7.1247, 1985, Dec Average, China, CHN
-8.0099, 1986, Jan Average, China, CHN
-5.8289, 1986, Feb Average, China, CHN
0.61843, 1986, Mar Average, China, CHN
7.11269, 1986, Apr Average, China, CHN
13.5461, 1986, May Average, China, CHN
17.4502, 1986, Jun Average, China, CHN
19.3955, 1986, Jul Average, China, CHN
18.3059, 1986, Aug Average, China, CHN
13.8146, 1986, Sep Average, China, CHN
6.49272, 1986, Oct Average, China, CHN
-1.0371, 1986, Nov Average, China, CHN
-5.9186, 1986, Dec Average, China, CHN
-7.4794, 1987, Jan Average, China, CHN
-3.7647, 1987, Feb Average, China, CHN
0.37935, 1987, Mar Average, China, CHN
7.74543, 1987, Apr Average, China, CHN
12.6464, 1987, May Average, China, CHN
16.7766, 1987, Jun Average, China, CHN
19.3354, 1987, Jul Average, China, CHN
18.51, 1987, Aug Average, China, CHN
14.1439, 1987, Sep Average, China, CHN
7.44266, 1987, Oct Average, China, CHN
-0.6349, 1987, Nov Average, China, CHN
-5.5303, 1987, Dec Average, China, CHN
-7.0267, 1988, Jan Average, China, CHN
-6.1438, 1988, Feb Average, China, CHN
-0.7689, 1988, Mar Average, China, CHN
7.75975, 1988, Apr Average, China, CHN
12.9146, 1988, May Average, China, CHN
17.7721, 1988, Jun Average, China, CHN
19.8847, 1988, Jul Average, China, CHN
18.5797, 1988, Aug Average, China, CHN
14.3531, 1988, Sep Average, China, CHN
7.89691, 1988, Oct Average, China, CHN
0.46331, 1988, Nov Average, China, CHN
-4.7739, 1988, Dec Average, China, CHN
-7.8364, 1989, Jan Average, China, CHN
-5.0546, 1989, Feb Average, China, CHN
1.01139, 1989, Mar Average, China, CHN
7.77664, 1989, Apr Average, China, CHN
13.2923, 1989, May Average, China, CHN
16.8561, 1989, Jun Average, China, CHN
19.2265, 1989, Jul Average, China, CHN
18.4696, 1989, Aug Average, China, CHN
14.1848, 1989, Sep Average, China, CHN
8.1632, 1989, Oct Average, China, CHN
-0.5124, 1989, Nov Average, China, CHN
-5.049, 1989, Dec Average, China, CHN
-8.0019, 1990, Jan Average, China, CHN
-4.6919, 1990, Feb Average, China, CHN
1.96497, 1990, Mar Average, China, CHN
7.0361, 1990, Apr Average, China, CHN
13.0837, 1990, May Average, China, CHN
17.4788, 1990, Jun Average, China, CHN
19.4764, 1990, Jul Average, China, CHN
18.7147, 1990, Aug Average, China, CHN
14.4107, 1990, Sep Average, China, CHN
8.24075, 1990, Oct Average, China, CHN
1.36199, 1990, Nov Average, China, CHN
-5.1002, 1990, Dec Average, China, CHN
-8.0581, 1991, Jan Average, China, CHN
-4.6373, 1991, Feb Average, China, CHN
0.59422, 1991, Mar Average, China, CHN
7.42692, 1991, Apr Average, China, CHN
13.0076, 1991, May Average, China, CHN
17.514, 1991, Jun Average, China, CHN
19.7388, 1991, Jul Average, China, CHN
18.7234, 1991, Aug Average, China, CHN
14.1251, 1991, Sep Average, China, CHN
7.38535, 1991, Oct Average, China, CHN
-0.5524, 1991, Nov Average, China, CHN
-6.3472, 1991, Dec Average, China, CHN
-7.6555, 1992, Jan Average, China, CHN
-5.3504, 1992, Feb Average, China, CHN
0.54785, 1992, Mar Average, China, CHN
8.60898, 1992, Apr Average, China, CHN
12.9692, 1992, May Average, China, CHN
16.6247, 1992, Jun Average, China, CHN
18.9943, 1992, Jul Average, China, CHN
18.1277, 1992, Aug Average, China, CHN
13.5281, 1992, Sep Average, China, CHN
6.54995, 1992, Oct Average, China, CHN
-1.0369, 1992, Nov Average, China, CHN
-5.7223, 1992, Dec Average, China, CHN
-8.9905, 1993, Jan Average, China, CHN
-3.2174, 1993, Feb Average, China, CHN
1.52899, 1993, Mar Average, China, CHN
7.67395, 1993, Apr Average, China, CHN
12.4336, 1993, May Average, China, CHN
16.9024, 1993, Jun Average, China, CHN
18.8677, 1993, Jul Average, China, CHN
17.6205, 1993, Aug Average, China, CHN
13.9852, 1993, Sep Average, China, CHN
7.01529, 1993, Oct Average, China, CHN
-0.7692, 1993, Nov Average, China, CHN
-6.3074, 1993, Dec Average, China, CHN
-7.514, 1994, Jan Average, China, CHN
-4.9267, 1994, Feb Average, China, CHN
-0.0967, 1994, Mar Average, China, CHN
8.5582, 1994, Apr Average, China, CHN
13.8932, 1994, May Average, China, CHN
17.766, 1994, Jun Average, China, CHN
20.1248, 1994, Jul Average, China, CHN
19.1956, 1994, Aug Average, China, CHN
14.0158, 1994, Sep Average, China, CHN
6.84287, 1994, Oct Average, China, CHN
1.55286, 1994, Nov Average, China, CHN
-5.6157, 1994, Dec Average, China, CHN
-8.3181, 1995, Jan Average, China, CHN
-4.6311, 1995, Feb Average, China, CHN
0.93272, 1995, Mar Average, China, CHN
7.12218, 1995, Apr Average, China, CHN
13.4293, 1995, May Average, China, CHN
17.8855, 1995, Jun Average, China, CHN
19.4021, 1995, Jul Average, China, CHN
18.4567, 1995, Aug Average, China, CHN
14.367, 1995, Sep Average, China, CHN
8.04587, 1995, Oct Average, China, CHN
0.44264, 1995, Nov Average, China, CHN
-6.1018, 1995, Dec Average, China, CHN
-8.4839, 1996, Jan Average, China, CHN
-5.4024, 1996, Feb Average, China, CHN
0.54586, 1996, Mar Average, China, CHN
7.05528, 1996, Apr Average, China, CHN
13.38, 1996, May Average, China, CHN
17.0785, 1996, Jun Average, China, CHN
19.3646, 1996, Jul Average, China, CHN
18.4174, 1996, Aug Average, China, CHN
14.1137, 1996, Sep Average, China, CHN
7.39495, 1996, Oct Average, China, CHN
-0.7368, 1996, Nov Average, China, CHN
-5.7133, 1996, Dec Average, China, CHN
-7.7041, 1997, Jan Average, China, CHN
-5.1026, 1997, Feb Average, China, CHN
2.37114, 1997, Mar Average, China, CHN
8.38909, 1997, Apr Average, China, CHN
13.8641, 1997, May Average, China, CHN
17.4897, 1997, Jun Average, China, CHN
19.9324, 1997, Jul Average, China, CHN
19.0818, 1997, Aug Average, China, CHN
13.2634, 1997, Sep Average, China, CHN
7.17267, 1997, Oct Average, China, CHN
-0.4704, 1997, Nov Average, China, CHN
-6.1681, 1997, Dec Average, China, CHN
-8.7417, 1998, Jan Average, China, CHN
-2.8155, 1998, Feb Average, China, CHN
1.281, 1998, Mar Average, China, CHN
9.98657, 1998, Apr Average, China, CHN
13.7371, 1998, May Average, China, CHN
17.7828, 1998, Jun Average, China, CHN
19.8913, 1998, Jul Average, China, CHN
18.8004, 1998, Aug Average, China, CHN
15.2702, 1998, Sep Average, China, CHN
8.86628, 1998, Oct Average, China, CHN
0.73455, 1998, Nov Average, China, CHN
-4.7471, 1998, Dec Average, China, CHN
-6.791, 1999, Jan Average, China, CHN
-2.5043, 1999, Feb Average, China, CHN
0.53794, 1999, Mar Average, China, CHN
8.9281, 1999, Apr Average, China, CHN
13.5003, 1999, May Average, China, CHN
17.759, 1999, Jun Average, China, CHN
20.0303, 1999, Jul Average, China, CHN
18.6902, 1999, Aug Average, China, CHN
14.958, 1999, Sep Average, China, CHN
7.75483, 1999, Oct Average, China, CHN
0.37074, 1999, Nov Average, China, CHN
-5.6398, 1999, Dec Average, China, CHN
-8.7503, 2000, Jan Average, China, CHN
-6.2147, 2000, Feb Average, China, CHN
1.25517, 2000, Mar Average, China, CHN
8.2631, 2000, Apr Average, China, CHN
14.4907, 2000, May Average, China, CHN
18.0989, 2000, Jun Average, China, CHN
20.656, 2000, Jul Average, China, CHN
18.7555, 2000, Aug Average, China, CHN
14.5321, 2000, Sep Average, China, CHN
7.03814, 2000, Oct Average, China, CHN
-1.4341, 2000, Nov Average, China, CHN
-5.8403, 2000, Dec Average, China, CHN
-8.1776, 2001, Jan Average, China, CHN
-4.5979, 2001, Feb Average, China, CHN
1.5345, 2001, Mar Average, China, CHN
7.97958, 2001, Apr Average, China, CHN
13.9345, 2001, May Average, China, CHN
18.0685, 2001, Jun Average, China, CHN
20.4976, 2001, Jul Average, China, CHN
18.8011, 2001, Aug Average, China, CHN
14.6146, 2001, Sep Average, China, CHN
8.45435, 2001, Oct Average, China, CHN
1.00757, 2001, Nov Average, China, CHN
-6.9559, 2001, Dec Average, China, CHN
-6.216, 2002, Jan Average, China, CHN
-2.3299, 2002, Feb Average, China, CHN
3.0384, 2002, Mar Average, China, CHN
8.58449, 2002, Apr Average, China, CHN
13.3862, 2002, May Average, China, CHN
18.0994, 2002, Jun Average, China, CHN
20.1288, 2002, Jul Average, China, CHN
18.9574, 2002, Aug Average, China, CHN
14.1613, 2002, Sep Average, China, CHN
7.1211, 2002, Oct Average, China, CHN
-0.3779, 2002, Nov Average, China, CHN
-6.6509, 2002, Dec Average, China, CHN
-7.4885, 2003, Jan Average, China, CHN
-3.6437, 2003, Feb Average, China, CHN
1.35367, 2003, Mar Average, China, CHN
8.40382, 2003, Apr Average, China, CHN
13.1803, 2003, May Average, China, CHN
17.5575, 2003, Jun Average, China, CHN
19.3749, 2003, Jul Average, China, CHN
18.6653, 2003, Aug Average, China, CHN
14.7691, 2003, Sep Average, China, CHN
7.85971, 2003, Oct Average, China, CHN
-0.0381, 2003, Nov Average, China, CHN
-5.7355, 2003, Dec Average, China, CHN
-7.4353, 2004, Jan Average, China, CHN
-3.2974, 2004, Feb Average, China, CHN
2.20087, 2004, Mar Average, China, CHN
9.53241, 2004, Apr Average, China, CHN
13.5192, 2004, May Average, China, CHN
17.7735, 2004, Jun Average, China, CHN
19.7347, 2004, Jul Average, China, CHN
18.5554, 2004, Aug Average, China, CHN
14.5654, 2004, Sep Average, China, CHN
7.51077, 2004, Oct Average, China, CHN
0.6377, 2004, Nov Average, China, CHN
-5.4038, 2004, Dec Average, China, CHN
-7.9494, 2005, Jan Average, China, CHN
-6.6954, 2005, Feb Average, China, CHN
1.31173, 2005, Mar Average, China, CHN
8.88005, 2005, Apr Average, China, CHN
13.3559, 2005, May Average, China, CHN
18.4624, 2005, Jun Average, China, CHN
20.2823, 2005, Jul Average, China, CHN
18.7126, 2005, Aug Average, China, CHN
15.3844, 2005, Sep Average, China, CHN
8.03895, 2005, Oct Average, China, CHN
1.01174, 2005, Nov Average, China, CHN
-7.2724, 2005, Dec Average, China, CHN
-7.3738, 2006, Jan Average, China, CHN
-3.791, 2006, Feb Average, China, CHN
1.69025, 2006, Mar Average, China, CHN
8.12463, 2006, Apr Average, China, CHN
13.8068, 2006, May Average, China, CHN
17.8384, 2006, Jun Average, China, CHN
20.3471, 2006, Jul Average, China, CHN
19.7989, 2006, Aug Average, China, CHN
14.6008, 2006, Sep Average, China, CHN
9.16873, 2006, Oct Average, China, CHN
1.24579, 2006, Nov Average, China, CHN
-5.5593, 2006, Dec Average, China, CHN
-6.8378, 2007, Jan Average, China, CHN
-1.8252, 2007, Feb Average, China, CHN
1.86051, 2007, Mar Average, China, CHN
8.73998, 2007, Apr Average, China, CHN
14.7043, 2007, May Average, China, CHN
18.1904, 2007, Jun Average, China, CHN
19.9293, 2007, Jul Average, China, CHN
19.5469, 2007, Aug Average, China, CHN
14.7698, 2007, Sep Average, China, CHN
7.84927, 2007, Oct Average, China, CHN
0.58045, 2007, Nov Average, China, CHN
-4.8138, 2007, Dec Average, China, CHN
-9.1991, 2008, Jan Average, China, CHN
-6.7781, 2008, Feb Average, China, CHN
3.58363, 2008, Mar Average, China, CHN
9.0772, 2008, Apr Average, China, CHN
14.1644, 2008, May Average, China, CHN
17.9206, 2008, Jun Average, China, CHN
20.0834, 2008, Jul Average, China, CHN
18.6798, 2008, Aug Average, China, CHN
14.7518, 2008, Sep Average, China, CHN
8.42804, 2008, Oct Average, China, CHN
0.5262, 2008, Nov Average, China, CHN
-5.0804, 2008, Dec Average, China, CHN
-7.2755, 2009, Jan Average, China, CHN
-2.7333, 2009, Feb Average, China, CHN
1.83103, 2009, Mar Average, China, CHN
9.62283, 2009, Apr Average, China, CHN
13.915, 2009, May Average, China, CHN
17.8393, 2009, Jun Average, China, CHN
19.9348, 2009, Jul Average, China, CHN
18.8167, 2009, Aug Average, China, CHN
14.8591, 2009, Sep Average, China, CHN
8.68741, 2009, Oct Average, China, CHN
-1.5113, 2009, Nov Average, China, CHN
-6.4, 2009, Dec Average, China, CHN
-7.157, 2010, Jan Average, China, CHN
-4.8447, 2010, Feb Average, China, CHN
0.73827, 2010, Mar Average, China, CHN
6.68239, 2010, Apr Average, China, CHN
13.6894, 2010, May Average, China, CHN
18.0626, 2010, Jun Average, China, CHN
20.6833, 2010, Jul Average, China, CHN
19.3831, 2010, Aug Average, China, CHN
14.9127, 2010, Sep Average, China, CHN
7.79118, 2010, Oct Average, China, CHN
1.00899, 2010, Nov Average, China, CHN
-6.217, 2010, Dec Average, China, CHN
-10.551, 2011, Jan Average, China, CHN
-3.8005, 2011, Feb Average, China, CHN
0.01453, 2011, Mar Average, China, CHN
8.92692, 2011, Apr Average, China, CHN
13.5399, 2011, May Average, China, CHN
18.1648, 2011, Jun Average, China, CHN
20.0844, 2011, Jul Average, China, CHN
19.3468, 2011, Aug Average, China, CHN
14.127, 2011, Sep Average, China, CHN
8.30048, 2011, Oct Average, China, CHN
1.23658, 2011, Nov Average, China, CHN
-6.58, 2011, Dec Average, China, CHN
-9.7547, 2012, Jan Average, China, CHN
-6.0407, 2012, Feb Average, China, CHN
0.62189, 2012, Mar Average, China, CHN
9.07236, 2012, Apr Average, China, CHN
14.4223, 2012, May Average, China, CHN
18.0017, 2012, Jun Average, China, CHN
20.1618, 2012, Jul Average, China, CHN
19.0979, 2012, Aug Average, China, CHN
14.2195, 2012, Sep Average, China, CHN
7.45624, 2012, Oct Average, China, CHN
-0.7829, 2012, Nov Average, China, CHN
-7.4122, 2012, Dec Average, China, CHN
-8.471, 2013, Jan Average, China, CHN
-4.6516, 2013, Feb Average, China, CHN
2.61252, 2013, Mar Average, China, CHN
7.89722, 2013, Apr Average, China, CHN
14.1109, 2013, May Average, China, CHN
18.0953, 2013, Jun Average, China, CHN
20.1319, 2013, Jul Average, China, CHN
19.6785, 2013, Aug Average, China, CHN
14.3211, 2013, Sep Average, China, CHN
8.30514, 2013, Oct Average, China, CHN
0.48485, 2013, Nov Average, China, CHN
-5.8042, 2013, Dec Average, China, CHN
-6.5408, 2014, Jan Average, China, CHN
-5.6595, 2014, Feb Average, China, CHN
2.41522, 2014, Mar Average, China, CHN
9.31766, 2014, Apr Average, China, CHN
11.5602, 2014, May Average, China, CHN
17.7751, 2014, Jun Average, China, CHN
19.8805, 2014, Jul Average, China, CHN
18.4652, 2014, Aug Average, China, CHN
14.591, 2014, Sep Average, China, CHN
8.45792, 2014, Oct Average, China, CHN
0.86643, 2014, Nov Average, China, CHN
-6.6938, 2014, Dec Average, China, CHN
-6.2776, 2015, Jan Average, China, CHN
-3.2502, 2015, Feb Average, China, CHN
2.53774, 2015, Mar Average, China, CHN
8.69199, 2015, Apr Average, China, CHN
13.893, 2015, May Average, China, CHN
17.499, 2015, Jun Average, China, CHN
19.8881, 2015, Jul Average, China, CHN
18.8818, 2015, Aug Average, China, CHN
14.3026, 2015, Sep Average, China, CHN
8.34222, 2015, Oct Average, China, CHN
0.53573, 2015, Nov Average, China, CHN
-5.2437, 2015, Dec Average, China, CHN
-8.4061, 2016, Jan Average, China, CHN
-4.7359, 2016, Feb Average, China, CHN
2.7982, 2016, Mar Average, China, CHN
9.53561, 2016, Apr Average, China, CHN
13.3823, 2016, May Average, China, CHN
17.9646, 2016, Jun Average, China, CHN
20.5391, 2016, Jul Average, China, CHN
19.7398, 2016, Aug Average, China, CHN
15.208, 2016, Sep Average, China, CHN
7.60166, 2016, Oct Average, China, CHN
-0.3605, 2016, Nov Average, China, CHN
-3.9229, 2016, Dec Average, China, CHN
