Temperature - (Celsius), Year, Statistics, Country, ISO3
13.4998, 1901, Jan Average, New Zealand, NZL
13.3895, 1901, Feb Average, New Zealand, NZL
11.2996, 1901, Mar Average, New Zealand, NZL
10.3924, 1901, Apr Average, New Zealand, NZL
7.08923, 1901, May Average, New Zealand, NZL
6.16861, 1901, Jun Average, New Zealand, NZL
2.94135, 1901, Jul Average, New Zealand, NZL
4.47638, 1901, Aug Average, New Zealand, NZL
7.4429, 1901, Sep Average, New Zealand, NZL
9.78531, 1901, Oct Average, New Zealand, NZL
10.3858, 1901, Nov Average, New Zealand, NZL
12.0611, 1901, Dec Average, New Zealand, NZL
14.0686, 1902, Jan Average, New Zealand, NZL
14.0476, 1902, Feb Average, New Zealand, NZL
12.8242, 1902, Mar Average, New Zealand, NZL
9.5477, 1902, Apr Average, New Zealand, NZL
5.85297, 1902, May Average, New Zealand, NZL
4.92974, 1902, Jun Average, New Zealand, NZL
3.27725, 1902, Jul Average, New Zealand, NZL
4.24886, 1902, Aug Average, New Zealand, NZL
5.74452, 1902, Sep Average, New Zealand, NZL
7.77532, 1902, Oct Average, New Zealand, NZL
9.61135, 1902, Nov Average, New Zealand, NZL
10.6487, 1902, Dec Average, New Zealand, NZL
12.1216, 1903, Jan Average, New Zealand, NZL
13.6401, 1903, Feb Average, New Zealand, NZL
12.0118, 1903, Mar Average, New Zealand, NZL
9.46048, 1903, Apr Average, New Zealand, NZL
6.6874, 1903, May Average, New Zealand, NZL
3.71337, 1903, Jun Average, New Zealand, NZL
3.75893, 1903, Jul Average, New Zealand, NZL
3.83083, 1903, Aug Average, New Zealand, NZL
6.59647, 1903, Sep Average, New Zealand, NZL
10.6659, 1903, Oct Average, New Zealand, NZL
12.3235, 1903, Nov Average, New Zealand, NZL
14.0078, 1903, Dec Average, New Zealand, NZL
14.3145, 1904, Jan Average, New Zealand, NZL
14.2035, 1904, Feb Average, New Zealand, NZL
12.0939, 1904, Mar Average, New Zealand, NZL
9.61702, 1904, Apr Average, New Zealand, NZL
7.3661, 1904, May Average, New Zealand, NZL
4.76189, 1904, Jun Average, New Zealand, NZL
4.05786, 1904, Jul Average, New Zealand, NZL
4.31953, 1904, Aug Average, New Zealand, NZL
6.593, 1904, Sep Average, New Zealand, NZL
8.41918, 1904, Oct Average, New Zealand, NZL
9.99133, 1904, Nov Average, New Zealand, NZL
11.3205, 1904, Dec Average, New Zealand, NZL
12.7455, 1905, Jan Average, New Zealand, NZL
14.2334, 1905, Feb Average, New Zealand, NZL
12.9346, 1905, Mar Average, New Zealand, NZL
9.69635, 1905, Apr Average, New Zealand, NZL
7.04809, 1905, May Average, New Zealand, NZL
4.60309, 1905, Jun Average, New Zealand, NZL
4.03844, 1905, Jul Average, New Zealand, NZL
4.78967, 1905, Aug Average, New Zealand, NZL
6.70259, 1905, Sep Average, New Zealand, NZL
8.51267, 1905, Oct Average, New Zealand, NZL
10.7754, 1905, Nov Average, New Zealand, NZL
12.4314, 1905, Dec Average, New Zealand, NZL
12.6642, 1906, Jan Average, New Zealand, NZL
12.6371, 1906, Feb Average, New Zealand, NZL
11.4856, 1906, Mar Average, New Zealand, NZL
9.14348, 1906, Apr Average, New Zealand, NZL
6.83399, 1906, May Average, New Zealand, NZL
4.91037, 1906, Jun Average, New Zealand, NZL
4.18285, 1906, Jul Average, New Zealand, NZL
4.8249, 1906, Aug Average, New Zealand, NZL
6.80979, 1906, Sep Average, New Zealand, NZL
9.38177, 1906, Oct Average, New Zealand, NZL
10.4039, 1906, Nov Average, New Zealand, NZL
12.9944, 1906, Dec Average, New Zealand, NZL
14.6082, 1907, Jan Average, New Zealand, NZL
14.9687, 1907, Feb Average, New Zealand, NZL
13.8256, 1907, Mar Average, New Zealand, NZL
11.2818, 1907, Apr Average, New Zealand, NZL
7.16767, 1907, May Average, New Zealand, NZL
4.66072, 1907, Jun Average, New Zealand, NZL
4.29607, 1907, Jul Average, New Zealand, NZL
5.2245, 1907, Aug Average, New Zealand, NZL
6.7082, 1907, Sep Average, New Zealand, NZL
8.5715, 1907, Oct Average, New Zealand, NZL
11.7926, 1907, Nov Average, New Zealand, NZL
14.2331, 1907, Dec Average, New Zealand, NZL
14.9414, 1908, Jan Average, New Zealand, NZL
14.3212, 1908, Feb Average, New Zealand, NZL
13.2139, 1908, Mar Average, New Zealand, NZL
9.9944, 1908, Apr Average, New Zealand, NZL
7.79277, 1908, May Average, New Zealand, NZL
5.64208, 1908, Jun Average, New Zealand, NZL
3.32622, 1908, Jul Average, New Zealand, NZL
4.48978, 1908, Aug Average, New Zealand, NZL
7.92386, 1908, Sep Average, New Zealand, NZL
9.10344, 1908, Oct Average, New Zealand, NZL
11.2033, 1908, Nov Average, New Zealand, NZL
11.8122, 1908, Dec Average, New Zealand, NZL
13.1059, 1909, Jan Average, New Zealand, NZL
14.6841, 1909, Feb Average, New Zealand, NZL
13.5606, 1909, Mar Average, New Zealand, NZL
10.0155, 1909, Apr Average, New Zealand, NZL
8.13781, 1909, May Average, New Zealand, NZL
5.91151, 1909, Jun Average, New Zealand, NZL
4.70662, 1909, Jul Average, New Zealand, NZL
5.88174, 1909, Aug Average, New Zealand, NZL
7.51587, 1909, Sep Average, New Zealand, NZL
9.46929, 1909, Oct Average, New Zealand, NZL
11.5888, 1909, Nov Average, New Zealand, NZL
14.3185, 1909, Dec Average, New Zealand, NZL
14.8784, 1910, Jan Average, New Zealand, NZL
15.5141, 1910, Feb Average, New Zealand, NZL
13.5418, 1910, Mar Average, New Zealand, NZL
9.44946, 1910, Apr Average, New Zealand, NZL
8.2262, 1910, May Average, New Zealand, NZL
5.73278, 1910, Jun Average, New Zealand, NZL
3.86651, 1910, Jul Average, New Zealand, NZL
5.68078, 1910, Aug Average, New Zealand, NZL
7.47914, 1910, Sep Average, New Zealand, NZL
10.1491, 1910, Oct Average, New Zealand, NZL
12.1372, 1910, Nov Average, New Zealand, NZL
13.3926, 1910, Dec Average, New Zealand, NZL
13.7234, 1911, Jan Average, New Zealand, NZL
14.0738, 1911, Feb Average, New Zealand, NZL
14.5008, 1911, Mar Average, New Zealand, NZL
12.1764, 1911, Apr Average, New Zealand, NZL
7.93405, 1911, May Average, New Zealand, NZL
5.38115, 1911, Jun Average, New Zealand, NZL
4.08418, 1911, Jul Average, New Zealand, NZL
5.88713, 1911, Aug Average, New Zealand, NZL
7.11709, 1911, Sep Average, New Zealand, NZL
8.82213, 1911, Oct Average, New Zealand, NZL
10.1973, 1911, Nov Average, New Zealand, NZL
11.1999, 1911, Dec Average, New Zealand, NZL
13.1702, 1912, Jan Average, New Zealand, NZL
12.4686, 1912, Feb Average, New Zealand, NZL
11.625, 1912, Mar Average, New Zealand, NZL
9.99742, 1912, Apr Average, New Zealand, NZL
6.23044, 1912, May Average, New Zealand, NZL
4.63136, 1912, Jun Average, New Zealand, NZL
3.8602, 1912, Jul Average, New Zealand, NZL
4.77745, 1912, Aug Average, New Zealand, NZL
7.59233, 1912, Sep Average, New Zealand, NZL
8.98071, 1912, Oct Average, New Zealand, NZL
10.526, 1912, Nov Average, New Zealand, NZL
12.7519, 1912, Dec Average, New Zealand, NZL
14.3842, 1913, Jan Average, New Zealand, NZL
13.8701, 1913, Feb Average, New Zealand, NZL
13.294, 1913, Mar Average, New Zealand, NZL
9.1209, 1913, Apr Average, New Zealand, NZL
5.58024, 1913, May Average, New Zealand, NZL
4.35433, 1913, Jun Average, New Zealand, NZL
4.76129, 1913, Jul Average, New Zealand, NZL
5.32896, 1913, Aug Average, New Zealand, NZL
8.22917, 1913, Sep Average, New Zealand, NZL
9.54756, 1913, Oct Average, New Zealand, NZL
10.6582, 1913, Nov Average, New Zealand, NZL
11.8658, 1913, Dec Average, New Zealand, NZL
15.8425, 1914, Jan Average, New Zealand, NZL
14.501, 1914, Feb Average, New Zealand, NZL
13.1868, 1914, Mar Average, New Zealand, NZL
10.3376, 1914, Apr Average, New Zealand, NZL
5.98647, 1914, May Average, New Zealand, NZL
4.52946, 1914, Jun Average, New Zealand, NZL
4.11439, 1914, Jul Average, New Zealand, NZL
5.02233, 1914, Aug Average, New Zealand, NZL
7.17714, 1914, Sep Average, New Zealand, NZL
9.36523, 1914, Oct Average, New Zealand, NZL
10.3368, 1914, Nov Average, New Zealand, NZL
11.3068, 1914, Dec Average, New Zealand, NZL
14.4838, 1915, Jan Average, New Zealand, NZL
13.8235, 1915, Feb Average, New Zealand, NZL
11.8645, 1915, Mar Average, New Zealand, NZL
9.49104, 1915, Apr Average, New Zealand, NZL
7.27989, 1915, May Average, New Zealand, NZL
4.86448, 1915, Jun Average, New Zealand, NZL
5.31883, 1915, Jul Average, New Zealand, NZL
5.7155, 1915, Aug Average, New Zealand, NZL
8.81872, 1915, Sep Average, New Zealand, NZL
10.7099, 1915, Oct Average, New Zealand, NZL
11.2214, 1915, Nov Average, New Zealand, NZL
13.4587, 1915, Dec Average, New Zealand, NZL
14.4788, 1916, Jan Average, New Zealand, NZL
15.1727, 1916, Feb Average, New Zealand, NZL
14.7539, 1916, Mar Average, New Zealand, NZL
11.3842, 1916, Apr Average, New Zealand, NZL
8.07819, 1916, May Average, New Zealand, NZL
6.65976, 1916, Jun Average, New Zealand, NZL
4.93999, 1916, Jul Average, New Zealand, NZL
5.47009, 1916, Aug Average, New Zealand, NZL
7.97439, 1916, Sep Average, New Zealand, NZL
9.63161, 1916, Oct Average, New Zealand, NZL
12.1698, 1916, Nov Average, New Zealand, NZL
14.5924, 1916, Dec Average, New Zealand, NZL
15.7252, 1917, Jan Average, New Zealand, NZL
14.3892, 1917, Feb Average, New Zealand, NZL
13.2148, 1917, Mar Average, New Zealand, NZL
11.2034, 1917, Apr Average, New Zealand, NZL
8.26841, 1917, May Average, New Zealand, NZL
5.4779, 1917, Jun Average, New Zealand, NZL
5.33198, 1917, Jul Average, New Zealand, NZL
5.27238, 1917, Aug Average, New Zealand, NZL
8.42978, 1917, Sep Average, New Zealand, NZL
9.98875, 1917, Oct Average, New Zealand, NZL
11.7074, 1917, Nov Average, New Zealand, NZL
12.4599, 1917, Dec Average, New Zealand, NZL
14.0245, 1918, Jan Average, New Zealand, NZL
15.2144, 1918, Feb Average, New Zealand, NZL
13.2663, 1918, Mar Average, New Zealand, NZL
10.8029, 1918, Apr Average, New Zealand, NZL
7.234, 1918, May Average, New Zealand, NZL
5.05801, 1918, Jun Average, New Zealand, NZL
2.75969, 1918, Jul Average, New Zealand, NZL
5.27253, 1918, Aug Average, New Zealand, NZL
6.81507, 1918, Sep Average, New Zealand, NZL
9.18772, 1918, Oct Average, New Zealand, NZL
10.1302, 1918, Nov Average, New Zealand, NZL
11.4188, 1918, Dec Average, New Zealand, NZL
12.7998, 1919, Jan Average, New Zealand, NZL
14.4967, 1919, Feb Average, New Zealand, NZL
12.4423, 1919, Mar Average, New Zealand, NZL
9.56999, 1919, Apr Average, New Zealand, NZL
6.49705, 1919, May Average, New Zealand, NZL
5.00937, 1919, Jun Average, New Zealand, NZL
4.31176, 1919, Jul Average, New Zealand, NZL
5.35614, 1919, Aug Average, New Zealand, NZL
6.35755, 1919, Sep Average, New Zealand, NZL
9.01807, 1919, Oct Average, New Zealand, NZL
9.68005, 1919, Nov Average, New Zealand, NZL
11.5663, 1919, Dec Average, New Zealand, NZL
12.9185, 1920, Jan Average, New Zealand, NZL
14.6788, 1920, Feb Average, New Zealand, NZL
12.9157, 1920, Mar Average, New Zealand, NZL
10.4773, 1920, Apr Average, New Zealand, NZL
6.27123, 1920, May Average, New Zealand, NZL
5.20413, 1920, Jun Average, New Zealand, NZL
4.97657, 1920, Jul Average, New Zealand, NZL
4.45087, 1920, Aug Average, New Zealand, NZL
6.65658, 1920, Sep Average, New Zealand, NZL
9.4635, 1920, Oct Average, New Zealand, NZL
10.3242, 1920, Nov Average, New Zealand, NZL
12.9365, 1920, Dec Average, New Zealand, NZL
14.0364, 1921, Jan Average, New Zealand, NZL
13.9791, 1921, Feb Average, New Zealand, NZL
12.7916, 1921, Mar Average, New Zealand, NZL
9.29641, 1921, Apr Average, New Zealand, NZL
7.44127, 1921, May Average, New Zealand, NZL
5.70817, 1921, Jun Average, New Zealand, NZL
4.71079, 1921, Jul Average, New Zealand, NZL
5.4511, 1921, Aug Average, New Zealand, NZL
7.84848, 1921, Sep Average, New Zealand, NZL
9.67538, 1921, Oct Average, New Zealand, NZL
11.001, 1921, Nov Average, New Zealand, NZL
12.4724, 1921, Dec Average, New Zealand, NZL
14.4741, 1922, Jan Average, New Zealand, NZL
15.0123, 1922, Feb Average, New Zealand, NZL
11.8922, 1922, Mar Average, New Zealand, NZL
10.0801, 1922, Apr Average, New Zealand, NZL
7.48634, 1922, May Average, New Zealand, NZL
4.01014, 1922, Jun Average, New Zealand, NZL
3.91221, 1922, Jul Average, New Zealand, NZL
5.63587, 1922, Aug Average, New Zealand, NZL
7.30681, 1922, Sep Average, New Zealand, NZL
10.7031, 1922, Oct Average, New Zealand, NZL
11.0438, 1922, Nov Average, New Zealand, NZL
13.0114, 1922, Dec Average, New Zealand, NZL
14.5229, 1923, Jan Average, New Zealand, NZL
12.9727, 1923, Feb Average, New Zealand, NZL
11.5819, 1923, Mar Average, New Zealand, NZL
8.55062, 1923, Apr Average, New Zealand, NZL
7.16456, 1923, May Average, New Zealand, NZL
4.41608, 1923, Jun Average, New Zealand, NZL
3.25586, 1923, Jul Average, New Zealand, NZL
4.41501, 1923, Aug Average, New Zealand, NZL
7.52598, 1923, Sep Average, New Zealand, NZL
9.2863, 1923, Oct Average, New Zealand, NZL
12.445, 1923, Nov Average, New Zealand, NZL
13.9853, 1923, Dec Average, New Zealand, NZL
15.0544, 1924, Jan Average, New Zealand, NZL
15.6186, 1924, Feb Average, New Zealand, NZL
13.6898, 1924, Mar Average, New Zealand, NZL
12.6398, 1924, Apr Average, New Zealand, NZL
7.31464, 1924, May Average, New Zealand, NZL
5.2387, 1924, Jun Average, New Zealand, NZL
4.16545, 1924, Jul Average, New Zealand, NZL
5.52108, 1924, Aug Average, New Zealand, NZL
8.62695, 1924, Sep Average, New Zealand, NZL
10.3627, 1924, Oct Average, New Zealand, NZL
11.8629, 1924, Nov Average, New Zealand, NZL
12.4037, 1924, Dec Average, New Zealand, NZL
14.2357, 1925, Jan Average, New Zealand, NZL
13.7586, 1925, Feb Average, New Zealand, NZL
11.9047, 1925, Mar Average, New Zealand, NZL
9.79844, 1925, Apr Average, New Zealand, NZL
6.88575, 1925, May Average, New Zealand, NZL
4.30478, 1925, Jun Average, New Zealand, NZL
4.58772, 1925, Jul Average, New Zealand, NZL
4.86481, 1925, Aug Average, New Zealand, NZL
6.43604, 1925, Sep Average, New Zealand, NZL
9.39524, 1925, Oct Average, New Zealand, NZL
9.89602, 1925, Nov Average, New Zealand, NZL
12.4075, 1925, Dec Average, New Zealand, NZL
14.5821, 1926, Jan Average, New Zealand, NZL
12.711, 1926, Feb Average, New Zealand, NZL
11.4293, 1926, Mar Average, New Zealand, NZL
11.2185, 1926, Apr Average, New Zealand, NZL
7.39242, 1926, May Average, New Zealand, NZL
4.69262, 1926, Jun Average, New Zealand, NZL
4.43409, 1926, Jul Average, New Zealand, NZL
5.11484, 1926, Aug Average, New Zealand, NZL
6.98038, 1926, Sep Average, New Zealand, NZL
9.2011, 1926, Oct Average, New Zealand, NZL
10.0901, 1926, Nov Average, New Zealand, NZL
11.9602, 1926, Dec Average, New Zealand, NZL
14.6433, 1927, Jan Average, New Zealand, NZL
14.8667, 1927, Feb Average, New Zealand, NZL
12.4758, 1927, Mar Average, New Zealand, NZL
8.92969, 1927, Apr Average, New Zealand, NZL
6.5599, 1927, May Average, New Zealand, NZL
3.45155, 1927, Jun Average, New Zealand, NZL
4.18869, 1927, Jul Average, New Zealand, NZL
4.444, 1927, Aug Average, New Zealand, NZL
7.09083, 1927, Sep Average, New Zealand, NZL
8.97309, 1927, Oct Average, New Zealand, NZL
9.80806, 1927, Nov Average, New Zealand, NZL
11.8765, 1927, Dec Average, New Zealand, NZL
14.3383, 1928, Jan Average, New Zealand, NZL
15.7487, 1928, Feb Average, New Zealand, NZL
14.0765, 1928, Mar Average, New Zealand, NZL
12.1193, 1928, Apr Average, New Zealand, NZL
8.24447, 1928, May Average, New Zealand, NZL
4.82116, 1928, Jun Average, New Zealand, NZL
4.99598, 1928, Jul Average, New Zealand, NZL
5.5014, 1928, Aug Average, New Zealand, NZL
7.08539, 1928, Sep Average, New Zealand, NZL
9.40637, 1928, Oct Average, New Zealand, NZL
10.8733, 1928, Nov Average, New Zealand, NZL
12.6524, 1928, Dec Average, New Zealand, NZL
14.237, 1929, Jan Average, New Zealand, NZL
13.9423, 1929, Feb Average, New Zealand, NZL
12.9152, 1929, Mar Average, New Zealand, NZL
9.85201, 1929, Apr Average, New Zealand, NZL
6.704, 1929, May Average, New Zealand, NZL
6.141, 1929, Jun Average, New Zealand, NZL
3.80626, 1929, Jul Average, New Zealand, NZL
4.99384, 1929, Aug Average, New Zealand, NZL
6.34755, 1929, Sep Average, New Zealand, NZL
9.19184, 1929, Oct Average, New Zealand, NZL
11.0033, 1929, Nov Average, New Zealand, NZL
12.1264, 1929, Dec Average, New Zealand, NZL
13.0192, 1930, Jan Average, New Zealand, NZL
13.8353, 1930, Feb Average, New Zealand, NZL
11.9922, 1930, Mar Average, New Zealand, NZL
10.1154, 1930, Apr Average, New Zealand, NZL
6.75793, 1930, May Average, New Zealand, NZL
4.34844, 1930, Jun Average, New Zealand, NZL
3.00482, 1930, Jul Average, New Zealand, NZL
5.13795, 1930, Aug Average, New Zealand, NZL
5.97336, 1930, Sep Average, New Zealand, NZL
7.85345, 1930, Oct Average, New Zealand, NZL
9.41943, 1930, Nov Average, New Zealand, NZL
12.2384, 1930, Dec Average, New Zealand, NZL
13.4472, 1931, Jan Average, New Zealand, NZL
12.453, 1931, Feb Average, New Zealand, NZL
11.7776, 1931, Mar Average, New Zealand, NZL
9.60905, 1931, Apr Average, New Zealand, NZL
6.70191, 1931, May Average, New Zealand, NZL
4.09124, 1931, Jun Average, New Zealand, NZL
3.89131, 1931, Jul Average, New Zealand, NZL
4.59003, 1931, Aug Average, New Zealand, NZL
5.63155, 1931, Sep Average, New Zealand, NZL
9.28726, 1931, Oct Average, New Zealand, NZL
11.8018, 1931, Nov Average, New Zealand, NZL
12.7038, 1931, Dec Average, New Zealand, NZL
12.8824, 1932, Jan Average, New Zealand, NZL
13.6451, 1932, Feb Average, New Zealand, NZL
12.5527, 1932, Mar Average, New Zealand, NZL
10.4354, 1932, Apr Average, New Zealand, NZL
6.57142, 1932, May Average, New Zealand, NZL
4.57678, 1932, Jun Average, New Zealand, NZL
2.99822, 1932, Jul Average, New Zealand, NZL
3.87366, 1932, Aug Average, New Zealand, NZL
6.63785, 1932, Sep Average, New Zealand, NZL
9.90595, 1932, Oct Average, New Zealand, NZL
11.2484, 1932, Nov Average, New Zealand, NZL
12.5711, 1932, Dec Average, New Zealand, NZL
14.8693, 1933, Jan Average, New Zealand, NZL
15.0431, 1933, Feb Average, New Zealand, NZL
13.2809, 1933, Mar Average, New Zealand, NZL
10.0053, 1933, Apr Average, New Zealand, NZL
6.66842, 1933, May Average, New Zealand, NZL
3.80666, 1933, Jun Average, New Zealand, NZL
4.06552, 1933, Jul Average, New Zealand, NZL
5.08533, 1933, Aug Average, New Zealand, NZL
7.37868, 1933, Sep Average, New Zealand, NZL
9.09219, 1933, Oct Average, New Zealand, NZL
10.5321, 1933, Nov Average, New Zealand, NZL
13.3868, 1933, Dec Average, New Zealand, NZL
12.7773, 1934, Jan Average, New Zealand, NZL
14.2162, 1934, Feb Average, New Zealand, NZL
12.0699, 1934, Mar Average, New Zealand, NZL
10.609, 1934, Apr Average, New Zealand, NZL
6.5359, 1934, May Average, New Zealand, NZL
4.6796, 1934, Jun Average, New Zealand, NZL
3.42626, 1934, Jul Average, New Zealand, NZL
5.45308, 1934, Aug Average, New Zealand, NZL
7.37473, 1934, Sep Average, New Zealand, NZL
9.24899, 1934, Oct Average, New Zealand, NZL
12.49, 1934, Nov Average, New Zealand, NZL
15.6843, 1934, Dec Average, New Zealand, NZL
16.257, 1935, Jan Average, New Zealand, NZL
16.4128, 1935, Feb Average, New Zealand, NZL
13.9121, 1935, Mar Average, New Zealand, NZL
11.3254, 1935, Apr Average, New Zealand, NZL
6.59679, 1935, May Average, New Zealand, NZL
4.74009, 1935, Jun Average, New Zealand, NZL
3.74695, 1935, Jul Average, New Zealand, NZL
5.30254, 1935, Aug Average, New Zealand, NZL
5.58472, 1935, Sep Average, New Zealand, NZL
9.50341, 1935, Oct Average, New Zealand, NZL
9.64507, 1935, Nov Average, New Zealand, NZL
14.8666, 1935, Dec Average, New Zealand, NZL
14.6058, 1936, Jan Average, New Zealand, NZL
14.075, 1936, Feb Average, New Zealand, NZL
11.1729, 1936, Mar Average, New Zealand, NZL
10.9796, 1936, Apr Average, New Zealand, NZL
6.16672, 1936, May Average, New Zealand, NZL
4.73529, 1936, Jun Average, New Zealand, NZL
3.5771, 1936, Jul Average, New Zealand, NZL
6.15141, 1936, Aug Average, New Zealand, NZL
6.76232, 1936, Sep Average, New Zealand, NZL
10.2568, 1936, Oct Average, New Zealand, NZL
11.0888, 1936, Nov Average, New Zealand, NZL
11.9076, 1936, Dec Average, New Zealand, NZL
13.2367, 1937, Jan Average, New Zealand, NZL
12.2413, 1937, Feb Average, New Zealand, NZL
12.4548, 1937, Mar Average, New Zealand, NZL
9.43682, 1937, Apr Average, New Zealand, NZL
7.14951, 1937, May Average, New Zealand, NZL
3.59525, 1937, Jun Average, New Zealand, NZL
3.42512, 1937, Jul Average, New Zealand, NZL
5.43938, 1937, Aug Average, New Zealand, NZL
6.83869, 1937, Sep Average, New Zealand, NZL
8.51544, 1937, Oct Average, New Zealand, NZL
11.5078, 1937, Nov Average, New Zealand, NZL
14.0927, 1937, Dec Average, New Zealand, NZL
15.3881, 1938, Jan Average, New Zealand, NZL
17.1203, 1938, Feb Average, New Zealand, NZL
14.5799, 1938, Mar Average, New Zealand, NZL
12.8188, 1938, Apr Average, New Zealand, NZL
8.56917, 1938, May Average, New Zealand, NZL
4.9874, 1938, Jun Average, New Zealand, NZL
3.18607, 1938, Jul Average, New Zealand, NZL
5.50484, 1938, Aug Average, New Zealand, NZL
7.21975, 1938, Sep Average, New Zealand, NZL
9.7569, 1938, Oct Average, New Zealand, NZL
11.7299, 1938, Nov Average, New Zealand, NZL
11.8978, 1938, Dec Average, New Zealand, NZL
12.492, 1939, Jan Average, New Zealand, NZL
13.4879, 1939, Feb Average, New Zealand, NZL
13.0927, 1939, Mar Average, New Zealand, NZL
10.4364, 1939, Apr Average, New Zealand, NZL
7.477, 1939, May Average, New Zealand, NZL
6.10457, 1939, Jun Average, New Zealand, NZL
2.4801, 1939, Jul Average, New Zealand, NZL
4.73046, 1939, Aug Average, New Zealand, NZL
7.03865, 1939, Sep Average, New Zealand, NZL
8.72524, 1939, Oct Average, New Zealand, NZL
11.3158, 1939, Nov Average, New Zealand, NZL
13.5988, 1939, Dec Average, New Zealand, NZL
14.9928, 1940, Jan Average, New Zealand, NZL
13.3316, 1940, Feb Average, New Zealand, NZL
11.6642, 1940, Mar Average, New Zealand, NZL
8.5603, 1940, Apr Average, New Zealand, NZL
6.08879, 1940, May Average, New Zealand, NZL
4.76869, 1940, Jun Average, New Zealand, NZL
3.94852, 1940, Jul Average, New Zealand, NZL
5.83686, 1940, Aug Average, New Zealand, NZL
7.58067, 1940, Sep Average, New Zealand, NZL
9.02582, 1940, Oct Average, New Zealand, NZL
10.4285, 1940, Nov Average, New Zealand, NZL
13.9781, 1940, Dec Average, New Zealand, NZL
15.0994, 1941, Jan Average, New Zealand, NZL
14.6928, 1941, Feb Average, New Zealand, NZL
13.8186, 1941, Mar Average, New Zealand, NZL
9.08136, 1941, Apr Average, New Zealand, NZL
7.31268, 1941, May Average, New Zealand, NZL
3.63371, 1941, Jun Average, New Zealand, NZL
4.072, 1941, Jul Average, New Zealand, NZL
4.25842, 1941, Aug Average, New Zealand, NZL
7.16318, 1941, Sep Average, New Zealand, NZL
8.45106, 1941, Oct Average, New Zealand, NZL
10.788, 1941, Nov Average, New Zealand, NZL
12.3684, 1941, Dec Average, New Zealand, NZL
13.1951, 1942, Jan Average, New Zealand, NZL
13.8109, 1942, Feb Average, New Zealand, NZL
12.6148, 1942, Mar Average, New Zealand, NZL
10.5493, 1942, Apr Average, New Zealand, NZL
7.64663, 1942, May Average, New Zealand, NZL
5.23712, 1942, Jun Average, New Zealand, NZL
4.75848, 1942, Jul Average, New Zealand, NZL
5.76022, 1942, Aug Average, New Zealand, NZL
7.65516, 1942, Sep Average, New Zealand, NZL
10.1665, 1942, Oct Average, New Zealand, NZL
11.287, 1942, Nov Average, New Zealand, NZL
12.0815, 1942, Dec Average, New Zealand, NZL
14.1539, 1943, Jan Average, New Zealand, NZL
14.3041, 1943, Feb Average, New Zealand, NZL
11.9122, 1943, Mar Average, New Zealand, NZL
10.3118, 1943, Apr Average, New Zealand, NZL
6.14541, 1943, May Average, New Zealand, NZL
5.12238, 1943, Jun Average, New Zealand, NZL
3.56544, 1943, Jul Average, New Zealand, NZL
4.08067, 1943, Aug Average, New Zealand, NZL
6.66308, 1943, Sep Average, New Zealand, NZL
8.61703, 1943, Oct Average, New Zealand, NZL
11.4474, 1943, Nov Average, New Zealand, NZL
13.697, 1943, Dec Average, New Zealand, NZL
14.5796, 1944, Jan Average, New Zealand, NZL
14.6399, 1944, Feb Average, New Zealand, NZL
12.9405, 1944, Mar Average, New Zealand, NZL
11.1109, 1944, Apr Average, New Zealand, NZL
6.5384, 1944, May Average, New Zealand, NZL
4.53632, 1944, Jun Average, New Zealand, NZL
4.29401, 1944, Jul Average, New Zealand, NZL
4.84605, 1944, Aug Average, New Zealand, NZL
6.65585, 1944, Sep Average, New Zealand, NZL
9.11633, 1944, Oct Average, New Zealand, NZL
10.7471, 1944, Nov Average, New Zealand, NZL
11.689, 1944, Dec Average, New Zealand, NZL
14.6531, 1945, Jan Average, New Zealand, NZL
14.6484, 1945, Feb Average, New Zealand, NZL
12.1954, 1945, Mar Average, New Zealand, NZL
10.026, 1945, Apr Average, New Zealand, NZL
6.20065, 1945, May Average, New Zealand, NZL
3.67332, 1945, Jun Average, New Zealand, NZL
3.23767, 1945, Jul Average, New Zealand, NZL
6.32432, 1945, Aug Average, New Zealand, NZL
7.08631, 1945, Sep Average, New Zealand, NZL
7.66103, 1945, Oct Average, New Zealand, NZL
11.6165, 1945, Nov Average, New Zealand, NZL
10.7885, 1945, Dec Average, New Zealand, NZL
13.331, 1946, Jan Average, New Zealand, NZL
14.3587, 1946, Feb Average, New Zealand, NZL
13.1204, 1946, Mar Average, New Zealand, NZL
10.4691, 1946, Apr Average, New Zealand, NZL
7.90016, 1946, May Average, New Zealand, NZL
5.20305, 1946, Jun Average, New Zealand, NZL
5.16946, 1946, Jul Average, New Zealand, NZL
5.40916, 1946, Aug Average, New Zealand, NZL
7.3198, 1946, Sep Average, New Zealand, NZL
8.48449, 1946, Oct Average, New Zealand, NZL
9.15422, 1946, Nov Average, New Zealand, NZL
11.5182, 1946, Dec Average, New Zealand, NZL
12.8528, 1947, Jan Average, New Zealand, NZL
13.672, 1947, Feb Average, New Zealand, NZL
12.7535, 1947, Mar Average, New Zealand, NZL
9.93414, 1947, Apr Average, New Zealand, NZL
7.16431, 1947, May Average, New Zealand, NZL
4.97595, 1947, Jun Average, New Zealand, NZL
4.20968, 1947, Jul Average, New Zealand, NZL
5.55594, 1947, Aug Average, New Zealand, NZL
7.33339, 1947, Sep Average, New Zealand, NZL
9.30257, 1947, Oct Average, New Zealand, NZL
11.1281, 1947, Nov Average, New Zealand, NZL
13.5315, 1947, Dec Average, New Zealand, NZL
15.2028, 1948, Jan Average, New Zealand, NZL
14.4459, 1948, Feb Average, New Zealand, NZL
13.5421, 1948, Mar Average, New Zealand, NZL
10.2618, 1948, Apr Average, New Zealand, NZL
7.586, 1948, May Average, New Zealand, NZL
4.39061, 1948, Jun Average, New Zealand, NZL
5.1105, 1948, Jul Average, New Zealand, NZL
5.47381, 1948, Aug Average, New Zealand, NZL
7.70636, 1948, Sep Average, New Zealand, NZL
9.17096, 1948, Oct Average, New Zealand, NZL
10.8665, 1948, Nov Average, New Zealand, NZL
12.9469, 1948, Dec Average, New Zealand, NZL
13.2582, 1949, Jan Average, New Zealand, NZL
15.5792, 1949, Feb Average, New Zealand, NZL
12.2521, 1949, Mar Average, New Zealand, NZL
8.73534, 1949, Apr Average, New Zealand, NZL
7.00051, 1949, May Average, New Zealand, NZL
5.31621, 1949, Jun Average, New Zealand, NZL
5.50452, 1949, Jul Average, New Zealand, NZL
5.22846, 1949, Aug Average, New Zealand, NZL
6.77196, 1949, Sep Average, New Zealand, NZL
10.5579, 1949, Oct Average, New Zealand, NZL
11.0231, 1949, Nov Average, New Zealand, NZL
12.5257, 1949, Dec Average, New Zealand, NZL
14.4607, 1950, Jan Average, New Zealand, NZL
13.6348, 1950, Feb Average, New Zealand, NZL
12.2287, 1950, Mar Average, New Zealand, NZL
9.63884, 1950, Apr Average, New Zealand, NZL
8.91652, 1950, May Average, New Zealand, NZL
4.95011, 1950, Jun Average, New Zealand, NZL
4.39027, 1950, Jul Average, New Zealand, NZL
4.66596, 1950, Aug Average, New Zealand, NZL
7.47026, 1950, Sep Average, New Zealand, NZL
9.89849, 1950, Oct Average, New Zealand, NZL
11.6975, 1950, Nov Average, New Zealand, NZL
13.1816, 1950, Dec Average, New Zealand, NZL
13.9175, 1951, Jan Average, New Zealand, NZL
14.2298, 1951, Feb Average, New Zealand, NZL
13.3019, 1951, Mar Average, New Zealand, NZL
10.7503, 1951, Apr Average, New Zealand, NZL
6.49579, 1951, May Average, New Zealand, NZL
3.76638, 1951, Jun Average, New Zealand, NZL
4.47907, 1951, Jul Average, New Zealand, NZL
4.50587, 1951, Aug Average, New Zealand, NZL
7.33321, 1951, Sep Average, New Zealand, NZL
9.48075, 1951, Oct Average, New Zealand, NZL
11.2531, 1951, Nov Average, New Zealand, NZL
11.717, 1951, Dec Average, New Zealand, NZL
13.1503, 1952, Jan Average, New Zealand, NZL
14.9375, 1952, Feb Average, New Zealand, NZL
12.248, 1952, Mar Average, New Zealand, NZL
10.5248, 1952, Apr Average, New Zealand, NZL
7.22684, 1952, May Average, New Zealand, NZL
4.86019, 1952, Jun Average, New Zealand, NZL
3.55501, 1952, Jul Average, New Zealand, NZL
5.88272, 1952, Aug Average, New Zealand, NZL
7.6854, 1952, Sep Average, New Zealand, NZL
9.80932, 1952, Oct Average, New Zealand, NZL
10.9784, 1952, Nov Average, New Zealand, NZL
13.5271, 1952, Dec Average, New Zealand, NZL
13.3681, 1953, Jan Average, New Zealand, NZL
13.6595, 1953, Feb Average, New Zealand, NZL
12.6462, 1953, Mar Average, New Zealand, NZL
9.93561, 1953, Apr Average, New Zealand, NZL
7.34218, 1953, May Average, New Zealand, NZL
4.85676, 1953, Jun Average, New Zealand, NZL
4.11636, 1953, Jul Average, New Zealand, NZL
5.68947, 1953, Aug Average, New Zealand, NZL
7.56723, 1953, Sep Average, New Zealand, NZL
8.94189, 1953, Oct Average, New Zealand, NZL
12.4087, 1953, Nov Average, New Zealand, NZL
13.3598, 1953, Dec Average, New Zealand, NZL
14.1752, 1954, Jan Average, New Zealand, NZL
15.7084, 1954, Feb Average, New Zealand, NZL
13.9958, 1954, Mar Average, New Zealand, NZL
9.59452, 1954, Apr Average, New Zealand, NZL
8.15237, 1954, May Average, New Zealand, NZL
6.09831, 1954, Jun Average, New Zealand, NZL
4.21221, 1954, Jul Average, New Zealand, NZL
5.15177, 1954, Aug Average, New Zealand, NZL
6.90359, 1954, Sep Average, New Zealand, NZL
9.10493, 1954, Oct Average, New Zealand, NZL
12.8195, 1954, Nov Average, New Zealand, NZL
13.3557, 1954, Dec Average, New Zealand, NZL
14.5962, 1955, Jan Average, New Zealand, NZL
15.9715, 1955, Feb Average, New Zealand, NZL
13.6011, 1955, Mar Average, New Zealand, NZL
11.3499, 1955, Apr Average, New Zealand, NZL
8.63689, 1955, May Average, New Zealand, NZL
4.63864, 1955, Jun Average, New Zealand, NZL
3.73564, 1955, Jul Average, New Zealand, NZL
6.00292, 1955, Aug Average, New Zealand, NZL
7.89309, 1955, Sep Average, New Zealand, NZL
10.4369, 1955, Oct Average, New Zealand, NZL
11.3964, 1955, Nov Average, New Zealand, NZL
13.8571, 1955, Dec Average, New Zealand, NZL
16.8343, 1956, Jan Average, New Zealand, NZL
14.9362, 1956, Feb Average, New Zealand, NZL
12.5068, 1956, Mar Average, New Zealand, NZL
13.1338, 1956, Apr Average, New Zealand, NZL
8.06614, 1956, May Average, New Zealand, NZL
6.1849, 1956, Jun Average, New Zealand, NZL
4.48939, 1956, Jul Average, New Zealand, NZL
5.39867, 1956, Aug Average, New Zealand, NZL
7.84639, 1956, Sep Average, New Zealand, NZL
10.2008, 1956, Oct Average, New Zealand, NZL
11.7444, 1956, Nov Average, New Zealand, NZL
13.5064, 1956, Dec Average, New Zealand, NZL
14.7399, 1957, Jan Average, New Zealand, NZL
15.8455, 1957, Feb Average, New Zealand, NZL
14.3607, 1957, Mar Average, New Zealand, NZL
11.3, 1957, Apr Average, New Zealand, NZL
7.97228, 1957, May Average, New Zealand, NZL
5.16782, 1957, Jun Average, New Zealand, NZL
3.7888, 1957, Jul Average, New Zealand, NZL
5.96792, 1957, Aug Average, New Zealand, NZL
7.55025, 1957, Sep Average, New Zealand, NZL
8.62634, 1957, Oct Average, New Zealand, NZL
11.0293, 1957, Nov Average, New Zealand, NZL
12.2449, 1957, Dec Average, New Zealand, NZL
13.6444, 1958, Jan Average, New Zealand, NZL
15.9875, 1958, Feb Average, New Zealand, NZL
14.1459, 1958, Mar Average, New Zealand, NZL
9.46309, 1958, Apr Average, New Zealand, NZL
7.47483, 1958, May Average, New Zealand, NZL
5.11299, 1958, Jun Average, New Zealand, NZL
3.4766, 1958, Jul Average, New Zealand, NZL
5.52404, 1958, Aug Average, New Zealand, NZL
6.97304, 1958, Sep Average, New Zealand, NZL
10.7097, 1958, Oct Average, New Zealand, NZL
12.164, 1958, Nov Average, New Zealand, NZL
14.0795, 1958, Dec Average, New Zealand, NZL
15.3945, 1959, Jan Average, New Zealand, NZL
14.7699, 1959, Feb Average, New Zealand, NZL
13.399, 1959, Mar Average, New Zealand, NZL
10.6214, 1959, Apr Average, New Zealand, NZL
5.32878, 1959, May Average, New Zealand, NZL
4.53179, 1959, Jun Average, New Zealand, NZL
4.42883, 1959, Jul Average, New Zealand, NZL
5.46556, 1959, Aug Average, New Zealand, NZL
7.88454, 1959, Sep Average, New Zealand, NZL
8.44479, 1959, Oct Average, New Zealand, NZL
11.4879, 1959, Nov Average, New Zealand, NZL
13.8072, 1959, Dec Average, New Zealand, NZL
15.0257, 1960, Jan Average, New Zealand, NZL
14.6277, 1960, Feb Average, New Zealand, NZL
12.2617, 1960, Mar Average, New Zealand, NZL
10.3003, 1960, Apr Average, New Zealand, NZL
8.03133, 1960, May Average, New Zealand, NZL
5.51122, 1960, Jun Average, New Zealand, NZL
4.81532, 1960, Jul Average, New Zealand, NZL
5.1421, 1960, Aug Average, New Zealand, NZL
7.58571, 1960, Sep Average, New Zealand, NZL
10.3055, 1960, Oct Average, New Zealand, NZL
11.207, 1960, Nov Average, New Zealand, NZL
12.1646, 1960, Dec Average, New Zealand, NZL
14.3045, 1961, Jan Average, New Zealand, NZL
14.7355, 1961, Feb Average, New Zealand, NZL
12.3264, 1961, Mar Average, New Zealand, NZL
10.3251, 1961, Apr Average, New Zealand, NZL
7.06404, 1961, May Average, New Zealand, NZL
4.86876, 1961, Jun Average, New Zealand, NZL
4.1115, 1961, Jul Average, New Zealand, NZL
4.9925, 1961, Aug Average, New Zealand, NZL
6.90116, 1961, Sep Average, New Zealand, NZL
11.1202, 1961, Oct Average, New Zealand, NZL
11.7279, 1961, Nov Average, New Zealand, NZL
14.3739, 1961, Dec Average, New Zealand, NZL
15.9889, 1962, Jan Average, New Zealand, NZL
14.6645, 1962, Feb Average, New Zealand, NZL
13.5122, 1962, Mar Average, New Zealand, NZL
10.4358, 1962, Apr Average, New Zealand, NZL
9.14459, 1962, May Average, New Zealand, NZL
6.22142, 1962, Jun Average, New Zealand, NZL
5.2702, 1962, Jul Average, New Zealand, NZL
5.85949, 1962, Aug Average, New Zealand, NZL
7.48957, 1962, Sep Average, New Zealand, NZL
10.8248, 1962, Oct Average, New Zealand, NZL
11.5779, 1962, Nov Average, New Zealand, NZL
13.1285, 1962, Dec Average, New Zealand, NZL
15.0722, 1963, Jan Average, New Zealand, NZL
15.7441, 1963, Feb Average, New Zealand, NZL
12.6592, 1963, Mar Average, New Zealand, NZL
9.34657, 1963, Apr Average, New Zealand, NZL
7.2777, 1963, May Average, New Zealand, NZL
4.63298, 1963, Jun Average, New Zealand, NZL
4.06321, 1963, Jul Average, New Zealand, NZL
4.52565, 1963, Aug Average, New Zealand, NZL
7.37625, 1963, Sep Average, New Zealand, NZL
9.86931, 1963, Oct Average, New Zealand, NZL
10.3395, 1963, Nov Average, New Zealand, NZL
12.1183, 1963, Dec Average, New Zealand, NZL
13.3304, 1964, Jan Average, New Zealand, NZL
14.6782, 1964, Feb Average, New Zealand, NZL
13.0058, 1964, Mar Average, New Zealand, NZL
9.9527, 1964, Apr Average, New Zealand, NZL
6.85476, 1964, May Average, New Zealand, NZL
4.81402, 1964, Jun Average, New Zealand, NZL
5.15868, 1964, Jul Average, New Zealand, NZL
5.3572, 1964, Aug Average, New Zealand, NZL
7.18534, 1964, Sep Average, New Zealand, NZL
9.35018, 1964, Oct Average, New Zealand, NZL
11.122, 1964, Nov Average, New Zealand, NZL
13.9507, 1964, Dec Average, New Zealand, NZL
15.7847, 1965, Jan Average, New Zealand, NZL
13.8191, 1965, Feb Average, New Zealand, NZL
12.7809, 1965, Mar Average, New Zealand, NZL
10.075, 1965, Apr Average, New Zealand, NZL
6.90136, 1965, May Average, New Zealand, NZL
4.97277, 1965, Jun Average, New Zealand, NZL
3.43609, 1965, Jul Average, New Zealand, NZL
5.01104, 1965, Aug Average, New Zealand, NZL
7.52757, 1965, Sep Average, New Zealand, NZL
8.48576, 1965, Oct Average, New Zealand, NZL
10.7275, 1965, Nov Average, New Zealand, NZL
12.9092, 1965, Dec Average, New Zealand, NZL
14.1724, 1966, Jan Average, New Zealand, NZL
16.3786, 1966, Feb Average, New Zealand, NZL
13.9271, 1966, Mar Average, New Zealand, NZL
10.7156, 1966, Apr Average, New Zealand, NZL
6.62623, 1966, May Average, New Zealand, NZL
4.91088, 1966, Jun Average, New Zealand, NZL
4.05102, 1966, Jul Average, New Zealand, NZL
4.69147, 1966, Aug Average, New Zealand, NZL
7.23308, 1966, Sep Average, New Zealand, NZL
9.26724, 1966, Oct Average, New Zealand, NZL
10.7829, 1966, Nov Average, New Zealand, NZL
12.6726, 1966, Dec Average, New Zealand, NZL
14.1854, 1967, Jan Average, New Zealand, NZL
14.1626, 1967, Feb Average, New Zealand, NZL
13.5956, 1967, Mar Average, New Zealand, NZL
10.5689, 1967, Apr Average, New Zealand, NZL
7.52797, 1967, May Average, New Zealand, NZL
4.48151, 1967, Jun Average, New Zealand, NZL
4.13975, 1967, Jul Average, New Zealand, NZL
6.96627, 1967, Aug Average, New Zealand, NZL
6.74543, 1967, Sep Average, New Zealand, NZL
10.0709, 1967, Oct Average, New Zealand, NZL
10.8138, 1967, Nov Average, New Zealand, NZL
13.2739, 1967, Dec Average, New Zealand, NZL
14.0085, 1968, Jan Average, New Zealand, NZL
14.7465, 1968, Feb Average, New Zealand, NZL
15.352, 1968, Mar Average, New Zealand, NZL
10.3781, 1968, Apr Average, New Zealand, NZL
8.28924, 1968, May Average, New Zealand, NZL
5.27375, 1968, Jun Average, New Zealand, NZL
3.55588, 1968, Jul Average, New Zealand, NZL
5.92839, 1968, Aug Average, New Zealand, NZL
6.70883, 1968, Sep Average, New Zealand, NZL
8.79047, 1968, Oct Average, New Zealand, NZL
10.6896, 1968, Nov Average, New Zealand, NZL
12.2661, 1968, Dec Average, New Zealand, NZL
14.2014, 1969, Jan Average, New Zealand, NZL
13.9721, 1969, Feb Average, New Zealand, NZL
13.1213, 1969, Mar Average, New Zealand, NZL
9.75296, 1969, Apr Average, New Zealand, NZL
7.35518, 1969, May Average, New Zealand, NZL
3.85058, 1969, Jun Average, New Zealand, NZL
3.66806, 1969, Jul Average, New Zealand, NZL
5.5833, 1969, Aug Average, New Zealand, NZL
8.73642, 1969, Sep Average, New Zealand, NZL
8.50712, 1969, Oct Average, New Zealand, NZL
12.1501, 1969, Nov Average, New Zealand, NZL
14.7367, 1969, Dec Average, New Zealand, NZL
15.9333, 1970, Jan Average, New Zealand, NZL
14.6962, 1970, Feb Average, New Zealand, NZL
14.1327, 1970, Mar Average, New Zealand, NZL
11.2357, 1970, Apr Average, New Zealand, NZL
6.75068, 1970, May Average, New Zealand, NZL
5.84348, 1970, Jun Average, New Zealand, NZL
5.27731, 1970, Jul Average, New Zealand, NZL
6.27571, 1970, Aug Average, New Zealand, NZL
7.87466, 1970, Sep Average, New Zealand, NZL
9.93649, 1970, Oct Average, New Zealand, NZL
11.9116, 1970, Nov Average, New Zealand, NZL
13.8399, 1970, Dec Average, New Zealand, NZL
15.7299, 1971, Jan Average, New Zealand, NZL
16.4318, 1971, Feb Average, New Zealand, NZL
13.8038, 1971, Mar Average, New Zealand, NZL
11.2586, 1971, Apr Average, New Zealand, NZL
8.76501, 1971, May Average, New Zealand, NZL
6.90266, 1971, Jun Average, New Zealand, NZL
4.64184, 1971, Jul Average, New Zealand, NZL
6.55155, 1971, Aug Average, New Zealand, NZL
7.83589, 1971, Sep Average, New Zealand, NZL
9.75348, 1971, Oct Average, New Zealand, NZL
11.5604, 1971, Nov Average, New Zealand, NZL
14.1045, 1971, Dec Average, New Zealand, NZL
14.1316, 1972, Jan Average, New Zealand, NZL
14.1062, 1972, Feb Average, New Zealand, NZL
14.4259, 1972, Mar Average, New Zealand, NZL
10.9291, 1972, Apr Average, New Zealand, NZL
7.21427, 1972, May Average, New Zealand, NZL
3.7594, 1972, Jun Average, New Zealand, NZL
4.75112, 1972, Jul Average, New Zealand, NZL
4.5707, 1972, Aug Average, New Zealand, NZL
8.35128, 1972, Sep Average, New Zealand, NZL
9.96698, 1972, Oct Average, New Zealand, NZL
12.7772, 1972, Nov Average, New Zealand, NZL
12.0359, 1972, Dec Average, New Zealand, NZL
14.6577, 1973, Jan Average, New Zealand, NZL
15.3618, 1973, Feb Average, New Zealand, NZL
13.6905, 1973, Mar Average, New Zealand, NZL
10.6644, 1973, Apr Average, New Zealand, NZL
7.80705, 1973, May Average, New Zealand, NZL
5.66843, 1973, Jun Average, New Zealand, NZL
4.15642, 1973, Jul Average, New Zealand, NZL
5.56841, 1973, Aug Average, New Zealand, NZL
8.32545, 1973, Sep Average, New Zealand, NZL
9.90702, 1973, Oct Average, New Zealand, NZL
12.0828, 1973, Nov Average, New Zealand, NZL
13.7699, 1973, Dec Average, New Zealand, NZL
14.0647, 1974, Jan Average, New Zealand, NZL
16.5745, 1974, Feb Average, New Zealand, NZL
12.2115, 1974, Mar Average, New Zealand, NZL
11.1077, 1974, Apr Average, New Zealand, NZL
7.84435, 1974, May Average, New Zealand, NZL
5.0457, 1974, Jun Average, New Zealand, NZL
5.19763, 1974, Jul Average, New Zealand, NZL
5.0708, 1974, Aug Average, New Zealand, NZL
8.24868, 1974, Sep Average, New Zealand, NZL
9.61711, 1974, Oct Average, New Zealand, NZL
12.3033, 1974, Nov Average, New Zealand, NZL
14.8507, 1974, Dec Average, New Zealand, NZL
16.4702, 1975, Jan Average, New Zealand, NZL
15.8259, 1975, Feb Average, New Zealand, NZL
14.668, 1975, Mar Average, New Zealand, NZL
11.3689, 1975, Apr Average, New Zealand, NZL
8.29739, 1975, May Average, New Zealand, NZL
4.51229, 1975, Jun Average, New Zealand, NZL
4.17962, 1975, Jul Average, New Zealand, NZL
6.09288, 1975, Aug Average, New Zealand, NZL
7.51512, 1975, Sep Average, New Zealand, NZL
9.66583, 1975, Oct Average, New Zealand, NZL
10.8302, 1975, Nov Average, New Zealand, NZL
12.3252, 1975, Dec Average, New Zealand, NZL
14.2889, 1976, Jan Average, New Zealand, NZL
12.6373, 1976, Feb Average, New Zealand, NZL
13.4207, 1976, Mar Average, New Zealand, NZL
10.601, 1976, Apr Average, New Zealand, NZL
7.04285, 1976, May Average, New Zealand, NZL
4.30303, 1976, Jun Average, New Zealand, NZL
4.33954, 1976, Jul Average, New Zealand, NZL
5.91591, 1976, Aug Average, New Zealand, NZL
6.82707, 1976, Sep Average, New Zealand, NZL
8.63696, 1976, Oct Average, New Zealand, NZL
10.1357, 1976, Nov Average, New Zealand, NZL
13.3906, 1976, Dec Average, New Zealand, NZL
13.5851, 1977, Jan Average, New Zealand, NZL
14.5561, 1977, Feb Average, New Zealand, NZL
13.4946, 1977, Mar Average, New Zealand, NZL
10.5209, 1977, Apr Average, New Zealand, NZL
6.09397, 1977, May Average, New Zealand, NZL
5.09223, 1977, Jun Average, New Zealand, NZL
4.64805, 1977, Jul Average, New Zealand, NZL
5.59931, 1977, Aug Average, New Zealand, NZL
5.77023, 1977, Sep Average, New Zealand, NZL
9.17039, 1977, Oct Average, New Zealand, NZL
10.5061, 1977, Nov Average, New Zealand, NZL
12.4358, 1977, Dec Average, New Zealand, NZL
15.2684, 1978, Jan Average, New Zealand, NZL
15.7236, 1978, Feb Average, New Zealand, NZL
13.9983, 1978, Mar Average, New Zealand, NZL
12.5932, 1978, Apr Average, New Zealand, NZL
7.92765, 1978, May Average, New Zealand, NZL
4.44773, 1978, Jun Average, New Zealand, NZL
5.1059, 1978, Jul Average, New Zealand, NZL
6.14749, 1978, Aug Average, New Zealand, NZL
7.5329, 1978, Sep Average, New Zealand, NZL
8.75378, 1978, Oct Average, New Zealand, NZL
11.5798, 1978, Nov Average, New Zealand, NZL
13.3671, 1978, Dec Average, New Zealand, NZL
14.929, 1979, Jan Average, New Zealand, NZL
14.7196, 1979, Feb Average, New Zealand, NZL
14.0845, 1979, Mar Average, New Zealand, NZL
10.7223, 1979, Apr Average, New Zealand, NZL
7.17498, 1979, May Average, New Zealand, NZL
5.80633, 1979, Jun Average, New Zealand, NZL
5.11565, 1979, Jul Average, New Zealand, NZL
5.09786, 1979, Aug Average, New Zealand, NZL
7.83973, 1979, Sep Average, New Zealand, NZL
9.54163, 1979, Oct Average, New Zealand, NZL
12.2305, 1979, Nov Average, New Zealand, NZL
13.5402, 1979, Dec Average, New Zealand, NZL
14.8983, 1980, Jan Average, New Zealand, NZL
14.9123, 1980, Feb Average, New Zealand, NZL
12.5954, 1980, Mar Average, New Zealand, NZL
10.2101, 1980, Apr Average, New Zealand, NZL
8.03833, 1980, May Average, New Zealand, NZL
5.06021, 1980, Jun Average, New Zealand, NZL
4.39608, 1980, Jul Average, New Zealand, NZL
5.67042, 1980, Aug Average, New Zealand, NZL
8.27144, 1980, Sep Average, New Zealand, NZL
10.5353, 1980, Oct Average, New Zealand, NZL
10.423, 1980, Nov Average, New Zealand, NZL
13.1812, 1980, Dec Average, New Zealand, NZL
15.5995, 1981, Jan Average, New Zealand, NZL
15.5392, 1981, Feb Average, New Zealand, NZL
14.5728, 1981, Mar Average, New Zealand, NZL
11.9298, 1981, Apr Average, New Zealand, NZL
7.43531, 1981, May Average, New Zealand, NZL
6.08408, 1981, Jun Average, New Zealand, NZL
4.7342, 1981, Jul Average, New Zealand, NZL
4.7404, 1981, Aug Average, New Zealand, NZL
7.20731, 1981, Sep Average, New Zealand, NZL
9.52848, 1981, Oct Average, New Zealand, NZL
11.8288, 1981, Nov Average, New Zealand, NZL
14.7044, 1981, Dec Average, New Zealand, NZL
14.7843, 1982, Jan Average, New Zealand, NZL
15.6167, 1982, Feb Average, New Zealand, NZL
13.3823, 1982, Mar Average, New Zealand, NZL
9.36887, 1982, Apr Average, New Zealand, NZL
7.83937, 1982, May Average, New Zealand, NZL
4.51901, 1982, Jun Average, New Zealand, NZL
3.93018, 1982, Jul Average, New Zealand, NZL
5.84913, 1982, Aug Average, New Zealand, NZL
7.19884, 1982, Sep Average, New Zealand, NZL
8.22013, 1982, Oct Average, New Zealand, NZL
12.1513, 1982, Nov Average, New Zealand, NZL
12.0567, 1982, Dec Average, New Zealand, NZL
13.5553, 1983, Jan Average, New Zealand, NZL
13.6809, 1983, Feb Average, New Zealand, NZL
13.0113, 1983, Mar Average, New Zealand, NZL
10.2129, 1983, Apr Average, New Zealand, NZL
7.26442, 1983, May Average, New Zealand, NZL
5.20004, 1983, Jun Average, New Zealand, NZL
3.94264, 1983, Jul Average, New Zealand, NZL
5.89956, 1983, Aug Average, New Zealand, NZL
7.69639, 1983, Sep Average, New Zealand, NZL
9.99511, 1983, Oct Average, New Zealand, NZL
11.2696, 1983, Nov Average, New Zealand, NZL
12.4781, 1983, Dec Average, New Zealand, NZL
13.1385, 1984, Jan Average, New Zealand, NZL
14.5693, 1984, Feb Average, New Zealand, NZL
14.2871, 1984, Mar Average, New Zealand, NZL
10.7071, 1984, Apr Average, New Zealand, NZL
6.83683, 1984, May Average, New Zealand, NZL
6.03147, 1984, Jun Average, New Zealand, NZL
5.30429, 1984, Jul Average, New Zealand, NZL
6.81521, 1984, Aug Average, New Zealand, NZL
7.69013, 1984, Sep Average, New Zealand, NZL
9.49024, 1984, Oct Average, New Zealand, NZL
12.6251, 1984, Nov Average, New Zealand, NZL
14.4321, 1984, Dec Average, New Zealand, NZL
16.1825, 1985, Jan Average, New Zealand, NZL
15.1096, 1985, Feb Average, New Zealand, NZL
13.2037, 1985, Mar Average, New Zealand, NZL
10.9682, 1985, Apr Average, New Zealand, NZL
7.58002, 1985, May Average, New Zealand, NZL
6.31612, 1985, Jun Average, New Zealand, NZL
5.51056, 1985, Jul Average, New Zealand, NZL
5.59901, 1985, Aug Average, New Zealand, NZL
8.20137, 1985, Sep Average, New Zealand, NZL
8.96489, 1985, Oct Average, New Zealand, NZL
11.3222, 1985, Nov Average, New Zealand, NZL
14.4951, 1985, Dec Average, New Zealand, NZL
16.5132, 1986, Jan Average, New Zealand, NZL
15.4071, 1986, Feb Average, New Zealand, NZL
13.3927, 1986, Mar Average, New Zealand, NZL
11.7301, 1986, Apr Average, New Zealand, NZL
7.72177, 1986, May Average, New Zealand, NZL
5.18238, 1986, Jun Average, New Zealand, NZL
4.11617, 1986, Jul Average, New Zealand, NZL
5.03544, 1986, Aug Average, New Zealand, NZL
7.3559, 1986, Sep Average, New Zealand, NZL
10.2512, 1986, Oct Average, New Zealand, NZL
11.5903, 1986, Nov Average, New Zealand, NZL
13.7559, 1986, Dec Average, New Zealand, NZL
15.9173, 1987, Jan Average, New Zealand, NZL
14.4535, 1987, Feb Average, New Zealand, NZL
12.686, 1987, Mar Average, New Zealand, NZL
10.7054, 1987, Apr Average, New Zealand, NZL
8.32686, 1987, May Average, New Zealand, NZL
5.6563, 1987, Jun Average, New Zealand, NZL
4.87875, 1987, Jul Average, New Zealand, NZL
6.89605, 1987, Aug Average, New Zealand, NZL
7.84943, 1987, Sep Average, New Zealand, NZL
10.0104, 1987, Oct Average, New Zealand, NZL
12.1285, 1987, Nov Average, New Zealand, NZL
13.5489, 1987, Dec Average, New Zealand, NZL
14.7512, 1988, Jan Average, New Zealand, NZL
15.5891, 1988, Feb Average, New Zealand, NZL
12.6554, 1988, Mar Average, New Zealand, NZL
9.7212, 1988, Apr Average, New Zealand, NZL
7.15985, 1988, May Average, New Zealand, NZL
6.02346, 1988, Jun Average, New Zealand, NZL
5.5624, 1988, Jul Average, New Zealand, NZL
6.2062, 1988, Aug Average, New Zealand, NZL
8.99417, 1988, Sep Average, New Zealand, NZL
10.8899, 1988, Oct Average, New Zealand, NZL
12.5235, 1988, Nov Average, New Zealand, NZL
14.7716, 1988, Dec Average, New Zealand, NZL
16.3447, 1989, Jan Average, New Zealand, NZL
15.0122, 1989, Feb Average, New Zealand, NZL
13.9352, 1989, Mar Average, New Zealand, NZL
10.8248, 1989, Apr Average, New Zealand, NZL
8.06223, 1989, May Average, New Zealand, NZL
5.7523, 1989, Jun Average, New Zealand, NZL
4.20433, 1989, Jul Average, New Zealand, NZL
6.36787, 1989, Aug Average, New Zealand, NZL
8.84576, 1989, Sep Average, New Zealand, NZL
10.8229, 1989, Oct Average, New Zealand, NZL
12.3198, 1989, Nov Average, New Zealand, NZL
13.136, 1989, Dec Average, New Zealand, NZL
14.9898, 1990, Jan Average, New Zealand, NZL
16.6244, 1990, Feb Average, New Zealand, NZL
14.2161, 1990, Mar Average, New Zealand, NZL
11.276, 1990, Apr Average, New Zealand, NZL
8.34132, 1990, May Average, New Zealand, NZL
5.52246, 1990, Jun Average, New Zealand, NZL
5.04089, 1990, Jul Average, New Zealand, NZL
6.18741, 1990, Aug Average, New Zealand, NZL
7.02768, 1990, Sep Average, New Zealand, NZL
9.8664, 1990, Oct Average, New Zealand, NZL
11.7358, 1990, Nov Average, New Zealand, NZL
13.738, 1990, Dec Average, New Zealand, NZL
14.8046, 1991, Jan Average, New Zealand, NZL
14.7032, 1991, Feb Average, New Zealand, NZL
13.2964, 1991, Mar Average, New Zealand, NZL
9.78019, 1991, Apr Average, New Zealand, NZL
7.56054, 1991, May Average, New Zealand, NZL
4.35591, 1991, Jun Average, New Zealand, NZL
3.95081, 1991, Jul Average, New Zealand, NZL
6.56661, 1991, Aug Average, New Zealand, NZL
8.00516, 1991, Sep Average, New Zealand, NZL
9.30661, 1991, Oct Average, New Zealand, NZL
9.87876, 1991, Nov Average, New Zealand, NZL
12.5862, 1991, Dec Average, New Zealand, NZL
14.7047, 1992, Jan Average, New Zealand, NZL
14.0361, 1992, Feb Average, New Zealand, NZL
11.5989, 1992, Mar Average, New Zealand, NZL
8.49878, 1992, Apr Average, New Zealand, NZL
5.86606, 1992, May Average, New Zealand, NZL
4.35543, 1992, Jun Average, New Zealand, NZL
4.87697, 1992, Jul Average, New Zealand, NZL
4.67995, 1992, Aug Average, New Zealand, NZL
6.05527, 1992, Sep Average, New Zealand, NZL
8.53047, 1992, Oct Average, New Zealand, NZL
11.832, 1992, Nov Average, New Zealand, NZL
12.4509, 1992, Dec Average, New Zealand, NZL
13.5525, 1993, Jan Average, New Zealand, NZL
13.6255, 1993, Feb Average, New Zealand, NZL
11.9879, 1993, Mar Average, New Zealand, NZL
9.45461, 1993, Apr Average, New Zealand, NZL
7.68227, 1993, May Average, New Zealand, NZL
6.31304, 1993, Jun Average, New Zealand, NZL
4.81299, 1993, Jul Average, New Zealand, NZL
4.97174, 1993, Aug Average, New Zealand, NZL
6.48868, 1993, Sep Average, New Zealand, NZL
10.0964, 1993, Oct Average, New Zealand, NZL
10.2694, 1993, Nov Average, New Zealand, NZL
12.4798, 1993, Dec Average, New Zealand, NZL
15.3237, 1994, Jan Average, New Zealand, NZL
15.419, 1994, Feb Average, New Zealand, NZL
12.2928, 1994, Mar Average, New Zealand, NZL
10.6728, 1994, Apr Average, New Zealand, NZL
8.00494, 1994, May Average, New Zealand, NZL
4.71344, 1994, Jun Average, New Zealand, NZL
4.1831, 1994, Jul Average, New Zealand, NZL
5.99007, 1994, Aug Average, New Zealand, NZL
6.69485, 1994, Sep Average, New Zealand, NZL
8.59656, 1994, Oct Average, New Zealand, NZL
11.1983, 1994, Nov Average, New Zealand, NZL
13.2308, 1994, Dec Average, New Zealand, NZL
14.6746, 1995, Jan Average, New Zealand, NZL
15.4517, 1995, Feb Average, New Zealand, NZL
13.4369, 1995, Mar Average, New Zealand, NZL
11.8834, 1995, Apr Average, New Zealand, NZL
8.13845, 1995, May Average, New Zealand, NZL
5.1757, 1995, Jun Average, New Zealand, NZL
3.49537, 1995, Jul Average, New Zealand, NZL
5.28441, 1995, Aug Average, New Zealand, NZL
7.51762, 1995, Sep Average, New Zealand, NZL
9.15549, 1995, Oct Average, New Zealand, NZL
10.7141, 1995, Nov Average, New Zealand, NZL
14.434, 1995, Dec Average, New Zealand, NZL
15.4841, 1996, Jan Average, New Zealand, NZL
15.2939, 1996, Feb Average, New Zealand, NZL
12.5961, 1996, Mar Average, New Zealand, NZL
11.4181, 1996, Apr Average, New Zealand, NZL
7.45343, 1996, May Average, New Zealand, NZL
4.61876, 1996, Jun Average, New Zealand, NZL
4.23071, 1996, Jul Average, New Zealand, NZL
5.01748, 1996, Aug Average, New Zealand, NZL
8.79054, 1996, Sep Average, New Zealand, NZL
9.98114, 1996, Oct Average, New Zealand, NZL
10.5457, 1996, Nov Average, New Zealand, NZL
12.9048, 1996, Dec Average, New Zealand, NZL
13.6162, 1997, Jan Average, New Zealand, NZL
15.2157, 1997, Feb Average, New Zealand, NZL
12.5568, 1997, Mar Average, New Zealand, NZL
9.91704, 1997, Apr Average, New Zealand, NZL
8.38921, 1997, May Average, New Zealand, NZL
5.34225, 1997, Jun Average, New Zealand, NZL
4.24802, 1997, Jul Average, New Zealand, NZL
5.49846, 1997, Aug Average, New Zealand, NZL
6.91724, 1997, Sep Average, New Zealand, NZL
9.68152, 1997, Oct Average, New Zealand, NZL
11.4297, 1997, Nov Average, New Zealand, NZL
13.0277, 1997, Dec Average, New Zealand, NZL
15.4401, 1998, Jan Average, New Zealand, NZL
17.3598, 1998, Feb Average, New Zealand, NZL
14.6877, 1998, Mar Average, New Zealand, NZL
11.0923, 1998, Apr Average, New Zealand, NZL
8.31546, 1998, May Average, New Zealand, NZL
5.79289, 1998, Jun Average, New Zealand, NZL
6.21339, 1998, Jul Average, New Zealand, NZL
5.5177, 1998, Aug Average, New Zealand, NZL
8.28854, 1998, Sep Average, New Zealand, NZL
10.7555, 1998, Oct Average, New Zealand, NZL
11.5035, 1998, Nov Average, New Zealand, NZL
13.9224, 1998, Dec Average, New Zealand, NZL
16.2856, 1999, Jan Average, New Zealand, NZL
16.0238, 1999, Feb Average, New Zealand, NZL
15.1001, 1999, Mar Average, New Zealand, NZL
10.8624, 1999, Apr Average, New Zealand, NZL
9.30223, 1999, May Average, New Zealand, NZL
5.98799, 1999, Jun Average, New Zealand, NZL
5.2372, 1999, Jul Average, New Zealand, NZL
5.73082, 1999, Aug Average, New Zealand, NZL
8.01144, 1999, Sep Average, New Zealand, NZL
10.6666, 1999, Oct Average, New Zealand, NZL
12.0327, 1999, Nov Average, New Zealand, NZL
12.6911, 1999, Dec Average, New Zealand, NZL
14.2633, 2000, Jan Average, New Zealand, NZL
14.9958, 2000, Feb Average, New Zealand, NZL
12.9346, 2000, Mar Average, New Zealand, NZL
11.021, 2000, Apr Average, New Zealand, NZL
8.52006, 2000, May Average, New Zealand, NZL
6.17625, 2000, Jun Average, New Zealand, NZL
6.07153, 2000, Jul Average, New Zealand, NZL
5.69396, 2000, Aug Average, New Zealand, NZL
7.87527, 2000, Sep Average, New Zealand, NZL
9.92354, 2000, Oct Average, New Zealand, NZL
9.76866, 2000, Nov Average, New Zealand, NZL
14.3539, 2000, Dec Average, New Zealand, NZL
13.6113, 2001, Jan Average, New Zealand, NZL
15.3455, 2001, Feb Average, New Zealand, NZL
13.3544, 2001, Mar Average, New Zealand, NZL
10.6892, 2001, Apr Average, New Zealand, NZL
8.32083, 2001, May Average, New Zealand, NZL
5.45745, 2001, Jun Average, New Zealand, NZL
3.82297, 2001, Jul Average, New Zealand, NZL
6.36827, 2001, Aug Average, New Zealand, NZL
8.50844, 2001, Sep Average, New Zealand, NZL
10.9322, 2001, Oct Average, New Zealand, NZL
11.8159, 2001, Nov Average, New Zealand, NZL
14.4503, 2001, Dec Average, New Zealand, NZL
15.0021, 2002, Jan Average, New Zealand, NZL
14.2184, 2002, Feb Average, New Zealand, NZL
13.7409, 2002, Mar Average, New Zealand, NZL
10.471, 2002, Apr Average, New Zealand, NZL
8.24073, 2002, May Average, New Zealand, NZL
6.70417, 2002, Jun Average, New Zealand, NZL
4.92166, 2002, Jul Average, New Zealand, NZL
6.17295, 2002, Aug Average, New Zealand, NZL
8.40912, 2002, Sep Average, New Zealand, NZL
8.59058, 2002, Oct Average, New Zealand, NZL
10.6745, 2002, Nov Average, New Zealand, NZL
13.3904, 2002, Dec Average, New Zealand, NZL
14.4155, 2003, Jan Average, New Zealand, NZL
14.4471, 2003, Feb Average, New Zealand, NZL
14.1898, 2003, Mar Average, New Zealand, NZL
10.3722, 2003, Apr Average, New Zealand, NZL
8.51011, 2003, May Average, New Zealand, NZL
7.05437, 2003, Jun Average, New Zealand, NZL
3.96924, 2003, Jul Average, New Zealand, NZL
5.70192, 2003, Aug Average, New Zealand, NZL
7.72731, 2003, Sep Average, New Zealand, NZL
9.12052, 2003, Oct Average, New Zealand, NZL
10.7474, 2003, Nov Average, New Zealand, NZL
13.5276, 2003, Dec Average, New Zealand, NZL
15.5896, 2004, Jan Average, New Zealand, NZL
14.0454, 2004, Feb Average, New Zealand, NZL
12.0718, 2004, Mar Average, New Zealand, NZL
9.34123, 2004, Apr Average, New Zealand, NZL
8.15773, 2004, May Average, New Zealand, NZL
6.40141, 2004, Jun Average, New Zealand, NZL
3.97251, 2004, Jul Average, New Zealand, NZL
4.57752, 2004, Aug Average, New Zealand, NZL
6.86723, 2004, Sep Average, New Zealand, NZL
9.25656, 2004, Oct Average, New Zealand, NZL
11.6731, 2004, Nov Average, New Zealand, NZL
11.058, 2004, Dec Average, New Zealand, NZL
14.8486, 2005, Jan Average, New Zealand, NZL
16.3443, 2005, Feb Average, New Zealand, NZL
13.7199, 2005, Mar Average, New Zealand, NZL
10.1, 2005, Apr Average, New Zealand, NZL
8.35048, 2005, May Average, New Zealand, NZL
4.98551, 2005, Jun Average, New Zealand, NZL
5.75225, 2005, Jul Average, New Zealand, NZL
6.5912, 2005, Aug Average, New Zealand, NZL
8.37262, 2005, Sep Average, New Zealand, NZL
9.55, 2005, Oct Average, New Zealand, NZL
11.5805, 2005, Nov Average, New Zealand, NZL
15.2818, 2005, Dec Average, New Zealand, NZL
14.6982, 2006, Jan Average, New Zealand, NZL
14.9677, 2006, Feb Average, New Zealand, NZL
12.0857, 2006, Mar Average, New Zealand, NZL
12.0758, 2006, Apr Average, New Zealand, NZL
7.77917, 2006, May Average, New Zealand, NZL
4.20247, 2006, Jun Average, New Zealand, NZL
4.85343, 2006, Jul Average, New Zealand, NZL
5.5649, 2006, Aug Average, New Zealand, NZL
8.6278, 2006, Sep Average, New Zealand, NZL
9.53348, 2006, Oct Average, New Zealand, NZL
11.2592, 2006, Nov Average, New Zealand, NZL
11.5469, 2006, Dec Average, New Zealand, NZL
14.6761, 2007, Jan Average, New Zealand, NZL
14.8955, 2007, Feb Average, New Zealand, NZL
14.3238, 2007, Mar Average, New Zealand, NZL
10.142, 2007, Apr Average, New Zealand, NZL
9.32432, 2007, May Average, New Zealand, NZL
4.95238, 2007, Jun Average, New Zealand, NZL
4.87342, 2007, Jul Average, New Zealand, NZL
6.06935, 2007, Aug Average, New Zealand, NZL
7.92726, 2007, Sep Average, New Zealand, NZL
9.23513, 2007, Oct Average, New Zealand, NZL
10.9665, 2007, Nov Average, New Zealand, NZL
14.068, 2007, Dec Average, New Zealand, NZL
15.7966, 2008, Jan Average, New Zealand, NZL
15.5092, 2008, Feb Average, New Zealand, NZL
13.91, 2008, Mar Average, New Zealand, NZL
11.104, 2008, Apr Average, New Zealand, NZL
6.65698, 2008, May Average, New Zealand, NZL
5.98622, 2008, Jun Average, New Zealand, NZL
5.10726, 2008, Jul Average, New Zealand, NZL
5.36771, 2008, Aug Average, New Zealand, NZL
8.19668, 2008, Sep Average, New Zealand, NZL
9.32636, 2008, Oct Average, New Zealand, NZL
11.5038, 2008, Nov Average, New Zealand, NZL
13.7555, 2008, Dec Average, New Zealand, NZL
15.5216, 2009, Jan Average, New Zealand, NZL
15.0489, 2009, Feb Average, New Zealand, NZL
12.9481, 2009, Mar Average, New Zealand, NZL
10.8886, 2009, Apr Average, New Zealand, NZL
6.2903, 2009, May Average, New Zealand, NZL
4.57435, 2009, Jun Average, New Zealand, NZL
4.23564, 2009, Jul Average, New Zealand, NZL
7.1396, 2009, Aug Average, New Zealand, NZL
7.78967, 2009, Sep Average, New Zealand, NZL
8.29583, 2009, Oct Average, New Zealand, NZL
11.049, 2009, Nov Average, New Zealand, NZL
13.0602, 2009, Dec Average, New Zealand, NZL
14.7637, 2010, Jan Average, New Zealand, NZL
15.8538, 2010, Feb Average, New Zealand, NZL
13.5439, 2010, Mar Average, New Zealand, NZL
11.4802, 2010, Apr Average, New Zealand, NZL
8.09781, 2010, May Average, New Zealand, NZL
5.45243, 2010, Jun Average, New Zealand, NZL
4.5537, 2010, Jul Average, New Zealand, NZL
6.59362, 2010, Aug Average, New Zealand, NZL
8.06484, 2010, Sep Average, New Zealand, NZL
9.37546, 2010, Oct Average, New Zealand, NZL
12.3499, 2010, Nov Average, New Zealand, NZL
14.9513, 2010, Dec Average, New Zealand, NZL
15.3772, 2011, Jan Average, New Zealand, NZL
15.5897, 2011, Feb Average, New Zealand, NZL
13.434, 2011, Mar Average, New Zealand, NZL
10.4013, 2011, Apr Average, New Zealand, NZL
9.69951, 2011, May Average, New Zealand, NZL
6.31761, 2011, Jun Average, New Zealand, NZL
4.68725, 2011, Jul Average, New Zealand, NZL
5.30282, 2011, Aug Average, New Zealand, NZL
6.99946, 2011, Sep Average, New Zealand, NZL
10.1081, 2011, Oct Average, New Zealand, NZL
11.2068, 2011, Nov Average, New Zealand, NZL
14.0721, 2011, Dec Average, New Zealand, NZL
14.4802, 2012, Jan Average, New Zealand, NZL
14.7114, 2012, Feb Average, New Zealand, NZL
12.4925, 2012, Mar Average, New Zealand, NZL
11.2833, 2012, Apr Average, New Zealand, NZL
7.46126, 2012, May Average, New Zealand, NZL
4.90099, 2012, Jun Average, New Zealand, NZL
5.34131, 2012, Jul Average, New Zealand, NZL
6.70636, 2012, Aug Average, New Zealand, NZL
8.16652, 2012, Sep Average, New Zealand, NZL
9.27264, 2012, Oct Average, New Zealand, NZL
10.5349, 2012, Nov Average, New Zealand, NZL
14.3023, 2012, Dec Average, New Zealand, NZL
14.8605, 2013, Jan Average, New Zealand, NZL
14.8039, 2013, Feb Average, New Zealand, NZL
14.0879, 2013, Mar Average, New Zealand, NZL
11.7298, 2013, Apr Average, New Zealand, NZL
8.11758, 2013, May Average, New Zealand, NZL
5.80818, 2013, Jun Average, New Zealand, NZL
5.49848, 2013, Jul Average, New Zealand, NZL
7.2636, 2013, Aug Average, New Zealand, NZL
8.17701, 2013, Sep Average, New Zealand, NZL
10.0493, 2013, Oct Average, New Zealand, NZL
12.6265, 2013, Nov Average, New Zealand, NZL
14.143, 2013, Dec Average, New Zealand, NZL
13.7405, 2014, Jan Average, New Zealand, NZL
14.9889, 2014, Feb Average, New Zealand, NZL
12.9789, 2014, Mar Average, New Zealand, NZL
11.9861, 2014, Apr Average, New Zealand, NZL
8.18229, 2014, May Average, New Zealand, NZL
7.24483, 2014, Jun Average, New Zealand, NZL
4.69704, 2014, Jul Average, New Zealand, NZL
5.71857, 2014, Aug Average, New Zealand, NZL
8.04408, 2014, Sep Average, New Zealand, NZL
9.44058, 2014, Oct Average, New Zealand, NZL
10.6337, 2014, Nov Average, New Zealand, NZL
14.0385, 2014, Dec Average, New Zealand, NZL
15.8278, 2015, Jan Average, New Zealand, NZL
14.7746, 2015, Feb Average, New Zealand, NZL
14.0155, 2015, Mar Average, New Zealand, NZL
11.2857, 2015, Apr Average, New Zealand, NZL
7.90336, 2015, May Average, New Zealand, NZL
5.72922, 2015, Jun Average, New Zealand, NZL
4.18582, 2015, Jul Average, New Zealand, NZL
5.4507, 2015, Aug Average, New Zealand, NZL
6.92935, 2015, Sep Average, New Zealand, NZL
9.85357, 2015, Oct Average, New Zealand, NZL
11.1501, 2015, Nov Average, New Zealand, NZL
13.0788, 2015, Dec Average, New Zealand, NZL
15.3962, 2016, Jan Average, New Zealand, NZL
17.1547, 2016, Feb Average, New Zealand, NZL
14.5322, 2016, Mar Average, New Zealand, NZL
11.114, 2016, Apr Average, New Zealand, NZL
9.74272, 2016, May Average, New Zealand, NZL
6.71263, 2016, Jun Average, New Zealand, NZL
5.08989, 2016, Jul Average, New Zealand, NZL
5.28417, 2016, Aug Average, New Zealand, NZL
8.59862, 2016, Sep Average, New Zealand, NZL
10.3923, 2016, Oct Average, New Zealand, NZL
11.861, 2016, Nov Average, New Zealand, NZL
12.7914, 2016, Dec Average, New Zealand, NZL
